ISO-10303-21;
HEADER;
FILE_DESCRIPTION(('FreeCAD Model'),'2;1');
FILE_NAME('Open CASCADE Shape Model','2025-05-13T17:27:32',(''),(''),
  'Open CASCADE STEP processor 7.8','FreeCAD','Unknown');
FILE_SCHEMA(('AUTOMOTIVE_DESIGN { 1 0 10303 214 1 1 1 1 }'));
ENDSEC;
DATA;
#1 = APPLICATION_PROTOCOL_DEFINITION('international standard',
  'automotive_design',2000,#2);
#2 = APPLICATION_CONTEXT(
  'core data for automotive mechanical design processes');
#3 = SHAPE_DEFINITION_REPRESENTATION(#4,#10);
#4 = PRODUCT_DEFINITION_SHAPE('','',#5);
#5 = PRODUCT_DEFINITION('design','',#6,#9);
#6 = PRODUCT_DEFINITION_FORMATION('','',#7);
#7 = PRODUCT('Body','Body','',(#8));
#8 = PRODUCT_CONTEXT('',#2,'mechanical');
#9 = PRODUCT_DEFINITION_CONTEXT('part definition',#2,'design');
#10 = ADVANCED_BREP_SHAPE_REPRESENTATION('',(#11,#15),#2089);
#11 = AXIS2_PLACEMENT_3D('',#12,#13,#14);
#12 = CARTESIAN_POINT('',(0.,0.,0.));
#13 = DIRECTION('',(0.,0.,1.));
#14 = DIRECTION('',(1.,0.,-0.));
#15 = MANIFOLD_SOLID_BREP('',#16);
#16 = CLOSED_SHELL('',(#17,#274,#383,#408,#435,#459,#484,#616,#641,#665,
    #708,#726,#744,#770,#796,#822,#848,#866,#883,#900,#917,#937,#962,
    #980,#1006,#1032,#1058,#1076,#1103,#1120,#1147,#1164,#1181,#1193,
    #1294,#1306,#1331,#1358,#1587,#1613,#1637,#1662,#1780,#1804,#1820,
    #1832,#1856,#1872,#1884,#1908,#1924,#1936,#1960,#1976,#1988,#2012,
    #2028,#2040,#2052,#2077));
#17 = ADVANCED_FACE('',(#18),#269,.T.);
#18 = FACE_BOUND('',#19,.F.);
#19 = EDGE_LOOP('',(#20,#30,#51,#60,#85,#93,#101,#110,#119,#128,#136,
    #144,#169,#178,#199,#207,#239));
#20 = ORIENTED_EDGE('',*,*,#21,.F.);
#21 = EDGE_CURVE('',#22,#24,#26,.T.);
#22 = VERTEX_POINT('',#23);
#23 = CARTESIAN_POINT('',(20.501,10.583005244258,3.));
#24 = VERTEX_POINT('',#25);
#25 = CARTESIAN_POINT('',(12.,10.583005244258,3.));
#26 = LINE('',#27,#28);
#27 = CARTESIAN_POINT('',(0.,10.583005244258,3.));
#28 = VECTOR('',#29,1.);
#29 = DIRECTION('',(-1.,-0.,-0.));
#30 = ORIENTED_EDGE('',*,*,#31,.T.);
#31 = EDGE_CURVE('',#22,#32,#34,.T.);
#32 = VERTEX_POINT('',#33);
#33 = CARTESIAN_POINT('',(22.,10.897109662658,1.501));
#34 = B_SPLINE_CURVE_WITH_KNOTS('',8,(#35,#36,#37,#38,#39,#40,#41,#42,
    #43,#44,#45,#46,#47,#48,#49,#50),.UNSPECIFIED.,.F.,.F.,(9,7,9),(0.,
    0.498076547795,1.),.UNSPECIFIED.);
#35 = CARTESIAN_POINT('',(20.501,10.583005244258,3.));
#36 = CARTESIAN_POINT('',(20.632632459586,10.583005244258,3.));
#37 = CARTESIAN_POINT('',(20.764149289092,10.586750007361,2.986790149854
    ));
#38 = CARTESIAN_POINT('',(20.894691149845,10.594228223468,2.960407729841
    ));
#39 = CARTESIAN_POINT('',(21.023262411138,10.605376084591,2.920732840595
    ));
#40 = CARTESIAN_POINT('',(21.14870937627,10.620044075044,2.867584028077)
  );
#41 = CARTESIAN_POINT('',(21.269726677941,10.637976639992,2.800785445327
    ));
#42 = CARTESIAN_POINT('',(21.384839150439,10.65881040531,2.720161694585)
  );
#43 = CARTESIAN_POINT('',(21.600603847968,10.70556268975,2.529939525667)
  );
#44 = CARTESIAN_POINT('',(21.701388982023,10.731573646123,2.419900132757
    ));
#45 = CARTESIAN_POINT('',(21.792453975561,10.759613792215,2.295187926836
    ));
#46 = CARTESIAN_POINT('',(21.87099502701,10.788927582967,2.156203032016)
  );
#47 = CARTESIAN_POINT('',(21.93379394903,10.818491923371,2.00418266739)
  );
#48 = CARTESIAN_POINT('',(21.977766700495,10.847097232054,1.841461513366
    ));
#49 = CARTESIAN_POINT('',(22.,10.873588014295,1.67176481123));
#50 = CARTESIAN_POINT('',(22.,10.897109662658,1.501));
#51 = ORIENTED_EDGE('',*,*,#52,.T.);
#52 = EDGE_CURVE('',#32,#53,#55,.T.);
#53 = VERTEX_POINT('',#54);
#54 = CARTESIAN_POINT('',(22.,10.89738496154,1.499));
#55 = CIRCLE('',#56,11.);
#56 = AXIS2_PLACEMENT_3D('',#57,#58,#59);
#57 = CARTESIAN_POINT('',(22.,3.273758460297E-24,0.));
#58 = DIRECTION('',(-1.,0.,0.));
#59 = DIRECTION('',(0.,1.,0.));
#60 = ORIENTED_EDGE('',*,*,#61,.F.);
#61 = EDGE_CURVE('',#62,#53,#64,.T.);
#62 = VERTEX_POINT('',#63);
#63 = CARTESIAN_POINT('',(20.501,11.,6.661338147751E-16));
#64 = B_SPLINE_CURVE_WITH_KNOTS('',7,(#65,#66,#67,#68,#69,#70,#71,#72,
    #73,#74,#75,#76,#77,#78,#79,#80,#81,#82,#83,#84),.UNSPECIFIED.,.F.,
  .F.,(8,6,6,8),(0.,0.458673889521,0.628793778851,1.),.UNSPECIFIED.);
#65 = CARTESIAN_POINT('',(20.501000067011,11.,-2.368884544369E-16));
#66 = CARTESIAN_POINT('',(20.638418941462,11.,6.143102132309E-09));
#67 = CARTESIAN_POINT('',(20.775709522014,11.000000089615,
    1.469685097986E-02));
#68 = CARTESIAN_POINT('',(20.911967937329,10.999999616581,
    4.404455187218E-02));
#69 = CARTESIAN_POINT('',(21.046057025833,10.999877198608,
    8.830964135478E-02));
#70 = CARTESIAN_POINT('',(21.17656284244,10.999381779685,0.147864046232)
  );
#71 = CARTESIAN_POINT('',(21.301818723489,10.998118417172,0.22308255778)
  );
#72 = CARTESIAN_POINT('',(21.463487013432,10.994530912695,0.34848534945)
  );
#73 = CARTESIAN_POINT('',(21.506197100224,10.993374529156,0.384632967404
    ));
#74 = CARTESIAN_POINT('',(21.547763325286,10.992003158987,0.423018862442
    ));
#75 = CARTESIAN_POINT('',(21.588053551366,10.990384206336,0.463654018342
    ));
#76 = CARTESIAN_POINT('',(21.626920194803,10.988482414364,0.506538045699
    ));
#77 = CARTESIAN_POINT('',(21.6642022549,10.986260599206,0.55165515602));
#78 = CARTESIAN_POINT('',(21.777244051524,10.978050284096,0.702212707434
    ));
#79 = CARTESIAN_POINT('',(21.846655933371,10.970695124744,0.816267083646
    ));
#80 = CARTESIAN_POINT('',(21.90574810859,10.961220657184,0.940456024909)
  );
#81 = CARTESIAN_POINT('',(21.952244145257,10.949246124491,1.073437923897
    ));
#82 = CARTESIAN_POINT('',(21.984153150118,10.934495097974,1.213072452642
    ));
#83 = CARTESIAN_POINT('',(22.,10.917012718625,1.356310723893));
#84 = CARTESIAN_POINT('',(22.,10.89738496154,1.499));
#85 = ORIENTED_EDGE('',*,*,#86,.F.);
#86 = EDGE_CURVE('',#87,#62,#89,.T.);
#87 = VERTEX_POINT('',#88);
#88 = CARTESIAN_POINT('',(22.,11.,1.526004597468E-43));
#89 = LINE('',#90,#91);
#90 = CARTESIAN_POINT('',(0.,11.,6.464232654239E-16));
#91 = VECTOR('',#92,1.);
#92 = DIRECTION('',(-1.,-0.,-0.));
#93 = ORIENTED_EDGE('',*,*,#94,.T.);
#94 = EDGE_CURVE('',#87,#95,#97,.T.);
#95 = VERTEX_POINT('',#96);
#96 = CARTESIAN_POINT('',(42.,11.,3.052009194935E-43));
#97 = LINE('',#98,#99);
#98 = CARTESIAN_POINT('',(0.,11.,3.052009194935E-43));
#99 = VECTOR('',#100,1.);
#100 = DIRECTION('',(1.,0.,0.));
#101 = ORIENTED_EDGE('',*,*,#102,.T.);
#102 = EDGE_CURVE('',#95,#103,#105,.T.);
#103 = VERTEX_POINT('',#104);
#104 = CARTESIAN_POINT('',(42.,8.485281374239,7.));
#105 = CIRCLE('',#106,11.);
#106 = AXIS2_PLACEMENT_3D('',#107,#108,#109);
#107 = CARTESIAN_POINT('',(42.,3.273758460297E-24,0.));
#108 = DIRECTION('',(1.,0.,0.));
#109 = DIRECTION('',(0.,1.,0.));
#110 = ORIENTED_EDGE('',*,*,#111,.F.);
#111 = EDGE_CURVE('',#112,#103,#114,.T.);
#112 = VERTEX_POINT('',#113);
#113 = CARTESIAN_POINT('',(42.,-8.485281374239,7.));
#114 = ELLIPSE('',#115,22.,11.);
#115 = AXIS2_PLACEMENT_3D('',#116,#117,#118);
#116 = CARTESIAN_POINT('',(54.124355652982,3.273758460297E-24,0.));
#117 = DIRECTION('',(-0.5,-1.922962686384E-16,-0.866025403784));
#118 = DIRECTION('',(-0.866025403784,1.110223024625E-16,0.5));
#119 = ORIENTED_EDGE('',*,*,#120,.T.);
#120 = EDGE_CURVE('',#112,#121,#123,.T.);
#121 = VERTEX_POINT('',#122);
#122 = CARTESIAN_POINT('',(42.,-11.,8.001027704978E-15));
#123 = CIRCLE('',#124,11.);
#124 = AXIS2_PLACEMENT_3D('',#125,#126,#127);
#125 = CARTESIAN_POINT('',(42.,3.273758460297E-24,0.));
#126 = DIRECTION('',(1.,0.,0.));
#127 = DIRECTION('',(0.,1.,0.));
#128 = ORIENTED_EDGE('',*,*,#129,.F.);
#129 = EDGE_CURVE('',#130,#121,#132,.T.);
#130 = VERTEX_POINT('',#131);
#131 = CARTESIAN_POINT('',(22.,-11.,4.000513852489E-15));
#132 = LINE('',#133,#134);
#133 = CARTESIAN_POINT('',(0.,-11.,8.001027704978E-15));
#134 = VECTOR('',#135,1.);
#135 = DIRECTION('',(1.,0.,0.));
#136 = ORIENTED_EDGE('',*,*,#137,.T.);
#137 = EDGE_CURVE('',#130,#138,#140,.T.);
#138 = VERTEX_POINT('',#139);
#139 = CARTESIAN_POINT('',(20.501,-11.,6.661338147751E-16));
#140 = LINE('',#141,#142);
#141 = CARTESIAN_POINT('',(0.,-11.,6.464232654239E-16));
#142 = VECTOR('',#143,1.);
#143 = DIRECTION('',(-1.,-0.,-0.));
#144 = ORIENTED_EDGE('',*,*,#145,.T.);
#145 = EDGE_CURVE('',#138,#146,#148,.T.);
#146 = VERTEX_POINT('',#147);
#147 = CARTESIAN_POINT('',(22.,-10.89738496154,1.499));
#148 = B_SPLINE_CURVE_WITH_KNOTS('',7,(#149,#150,#151,#152,#153,#154,
    #155,#156,#157,#158,#159,#160,#161,#162,#163,#164,#165,#166,#167,
    #168),.UNSPECIFIED.,.F.,.F.,(8,6,6,8),(0.,0.458673889521,
    0.628793778852,1.),.UNSPECIFIED.);
#149 = CARTESIAN_POINT('',(20.501000067011,-11.,1.783778764156E-15));
#150 = CARTESIAN_POINT('',(20.638418941463,-11.,6.143104152977E-09));
#151 = CARTESIAN_POINT('',(20.775709522014,-11.00000008961,
    1.469685097986E-02));
#152 = CARTESIAN_POINT('',(20.911967937329,-10.99999961658,
    4.404455187219E-02));
#153 = CARTESIAN_POINT('',(21.046057025833,-10.9998771986,
    8.830964135476E-02));
#154 = CARTESIAN_POINT('',(21.17656284244,-10.99938177968,0.147864046232
    ));
#155 = CARTESIAN_POINT('',(21.301818723489,-10.99811841717,0.22308255778
    ));
#156 = CARTESIAN_POINT('',(21.463487013432,-10.99453091269,0.34848534945
    ));
#157 = CARTESIAN_POINT('',(21.506197100224,-10.99337452915,
    0.384632967404));
#158 = CARTESIAN_POINT('',(21.547763325286,-10.99200315898,
    0.423018862442));
#159 = CARTESIAN_POINT('',(21.588053551366,-10.99038420633,
    0.463654018342));
#160 = CARTESIAN_POINT('',(21.626920194803,-10.98848241436,
    0.506538045699));
#161 = CARTESIAN_POINT('',(21.6642022549,-10.9862605992,0.55165515602));
#162 = CARTESIAN_POINT('',(21.777244051524,-10.97805028409,
    0.702212707434));
#163 = CARTESIAN_POINT('',(21.846655933371,-10.97069512474,
    0.816267083647));
#164 = CARTESIAN_POINT('',(21.90574810859,-10.96122065718,0.940456024908
    ));
#165 = CARTESIAN_POINT('',(21.952244145257,-10.94924612449,
    1.073437923898));
#166 = CARTESIAN_POINT('',(21.984153150118,-10.93449509797,
    1.213072452641));
#167 = CARTESIAN_POINT('',(22.,-10.91701271862,1.356310723893));
#168 = CARTESIAN_POINT('',(22.,-10.89738496154,1.499));
#169 = ORIENTED_EDGE('',*,*,#170,.T.);
#170 = EDGE_CURVE('',#146,#171,#173,.T.);
#171 = VERTEX_POINT('',#172);
#172 = CARTESIAN_POINT('',(22.,-10.89710966265,1.501));
#173 = CIRCLE('',#174,11.);
#174 = AXIS2_PLACEMENT_3D('',#175,#176,#177);
#175 = CARTESIAN_POINT('',(22.,3.273758460297E-24,0.));
#176 = DIRECTION('',(-1.,0.,0.));
#177 = DIRECTION('',(0.,1.,0.));
#178 = ORIENTED_EDGE('',*,*,#179,.F.);
#179 = EDGE_CURVE('',#180,#171,#182,.T.);
#180 = VERTEX_POINT('',#181);
#181 = CARTESIAN_POINT('',(20.501,-10.58300524425,3.));
#182 = B_SPLINE_CURVE_WITH_KNOTS('',8,(#183,#184,#185,#186,#187,#188,
    #189,#190,#191,#192,#193,#194,#195,#196,#197,#198),.UNSPECIFIED.,.F.
  ,.F.,(9,7,9),(0.,0.498076547795,1.),.UNSPECIFIED.);
#183 = CARTESIAN_POINT('',(20.501,-10.58300524425,3.));
#184 = CARTESIAN_POINT('',(20.632632459586,-10.58300524425,3.));
#185 = CARTESIAN_POINT('',(20.764149289092,-10.58675000736,
    2.986790149854));
#186 = CARTESIAN_POINT('',(20.894691149846,-10.59422822346,
    2.960407729841));
#187 = CARTESIAN_POINT('',(21.023262411138,-10.60537608459,
    2.920732840595));
#188 = CARTESIAN_POINT('',(21.14870937627,-10.62004407504,2.867584028077
    ));
#189 = CARTESIAN_POINT('',(21.269726677941,-10.63797663999,
    2.800785445327));
#190 = CARTESIAN_POINT('',(21.384839150439,-10.65881040531,
    2.720161694585));
#191 = CARTESIAN_POINT('',(21.600603847968,-10.70556268975,
    2.529939525667));
#192 = CARTESIAN_POINT('',(21.701388982023,-10.73157364612,
    2.419900132758));
#193 = CARTESIAN_POINT('',(21.792453975561,-10.75961379221,
    2.295187926836));
#194 = CARTESIAN_POINT('',(21.87099502701,-10.78892758296,2.156203032017
    ));
#195 = CARTESIAN_POINT('',(21.933793949031,-10.81849192337,2.00418266739
    ));
#196 = CARTESIAN_POINT('',(21.977766700495,-10.84709723205,
    1.841461513366));
#197 = CARTESIAN_POINT('',(22.,-10.87358801429,1.671764811229));
#198 = CARTESIAN_POINT('',(22.,-10.89710966265,1.501));
#199 = ORIENTED_EDGE('',*,*,#200,.T.);
#200 = EDGE_CURVE('',#180,#201,#203,.T.);
#201 = VERTEX_POINT('',#202);
#202 = CARTESIAN_POINT('',(12.,-10.58300524425,3.));
#203 = LINE('',#204,#205);
#204 = CARTESIAN_POINT('',(0.,-10.58300524425,3.));
#205 = VECTOR('',#206,1.);
#206 = DIRECTION('',(-1.,-0.,-0.));
#207 = ORIENTED_EDGE('',*,*,#208,.F.);
#208 = EDGE_CURVE('',#209,#201,#211,.T.);
#209 = VERTEX_POINT('',#210);
#210 = CARTESIAN_POINT('',(16.,0.,11.));
#211 = B_SPLINE_CURVE_WITH_KNOTS('',6,(#212,#213,#214,#215,#216,#217,
    #218,#219,#220,#221,#222,#223,#224,#225,#226,#227,#228,#229,#230,
    #231,#232,#233,#234,#235,#236,#237,#238),.UNSPECIFIED.,.F.,.F.,(7,5,
    5,5,5,7),(0.,0.158442446712,0.25637221636,0.37934861423,
    0.717140208098,1.),.UNSPECIFIED.);
#212 = CARTESIAN_POINT('',(16.,0.,11.));
#213 = CARTESIAN_POINT('',(16.,-0.469045453034,11.));
#214 = CARTESIAN_POINT('',(15.983499664622,-0.937157164523,
    10.975999528859));
#215 = CARTESIAN_POINT('',(15.950622589067,-1.400754309864,
    10.928178248397));
#216 = CARTESIAN_POINT('',(15.902202359306,-1.856281013787,
    10.857541910738));
#217 = CARTESIAN_POINT('',(15.83977367479,-2.300266951946,
    10.765918056173));
#218 = CARTESIAN_POINT('',(15.719566783413,-2.994607383936,
    10.58807284132));
#219 = CARTESIAN_POINT('',(15.669059273,-3.254494707402,10.513065063103)
  );
#220 = CARTESIAN_POINT('',(15.614344160882,-3.508818050357,
    10.43143599237));
#221 = CARTESIAN_POINT('',(15.55581656681,-3.757373051683,
    10.343645721052));
#222 = CARTESIAN_POINT('',(15.493880535717,-3.999976152842,
    10.250163791617));
#223 = CARTESIAN_POINT('',(15.347403261378,-4.53343746333,
    10.027536955235));
#224 = CARTESIAN_POINT('',(15.261114040095,-4.820833257629,
    9.895358769697));
#225 = CARTESIAN_POINT('',(15.170766812028,-5.098752677769,
    9.755701450758));
#226 = CARTESIAN_POINT('',(15.077000778793,-5.367327135083,
    9.609253271429));
#227 = CARTESIAN_POINT('',(14.980404546454,-5.626718276981,
    9.456626764744));
#228 = CARTESIAN_POINT('',(14.609885226292,-6.564914384748,
    8.863630888971));
#229 = CARTESIAN_POINT('',(14.320544282599,-7.185900834159,
    8.385689983072));
#230 = CARTESIAN_POINT('',(14.024050103936,-7.744848448896,
    7.874661306422));
#231 = CARTESIAN_POINT('',(13.728160488514,-8.246945584774,7.33629995467
    ));
#232 = CARTESIAN_POINT('',(13.438967323962,-8.696565979872,6.77311796136
    ));
#233 = CARTESIAN_POINT('',(12.931399286395,-9.431037520334,
    5.692970298015));
#234 = CARTESIAN_POINT('',(12.709159690755,-9.7307866875,5.183392493074)
  );
#235 = CARTESIAN_POINT('',(12.500440932907,-9.995963180616,4.6582256561)
  );
#236 = CARTESIAN_POINT('',(12.309697916941,-10.22665630343,
    4.118737623988));
#237 = CARTESIAN_POINT('',(12.141432579207,-10.42263744126,
    3.565768931629));
#238 = CARTESIAN_POINT('',(11.999945411253,-10.58306714175,2.99978163756
    ));
#239 = ORIENTED_EDGE('',*,*,#240,.F.);
#240 = EDGE_CURVE('',#24,#209,#241,.T.);
#241 = B_SPLINE_CURVE_WITH_KNOTS('',6,(#242,#243,#244,#245,#246,#247,
    #248,#249,#250,#251,#252,#253,#254,#255,#256,#257,#258,#259,#260,
    #261,#262,#263,#264,#265,#266,#267,#268),.UNSPECIFIED.,.F.,.F.,(7,5,
    5,5,5,7),(0.,0.285732105444,0.620114979703,0.744447009137,
    0.84026571425,1.),.UNSPECIFIED.);
#242 = CARTESIAN_POINT('',(11.999945411253,10.583067141758,2.99978163756
    ));
#243 = CARTESIAN_POINT('',(12.142869938975,10.42100764543,3.571518763063
    ));
#244 = CARTESIAN_POINT('',(12.313115353298,10.22267539283,4.129954871685
    ));
#245 = CARTESIAN_POINT('',(12.50624770916,9.988937410961,4.674623217678)
  );
#246 = CARTESIAN_POINT('',(12.717628408266,9.720019777651,5.204665113189
    ));
#247 = CARTESIAN_POINT('',(12.942673797423,9.415815313372,5.718776288026
    ));
#248 = CARTESIAN_POINT('',(13.450827212893,8.678052265785,6.796112850607
    ));
#249 = CARTESIAN_POINT('',(13.737302078295,8.231281863729,7.352804596637
    ));
#250 = CARTESIAN_POINT('',(14.030190872786,7.732993047321,7.885107919066
    ));
#251 = CARTESIAN_POINT('',(14.323565194201,7.17892235783,8.390544667513)
  );
#252 = CARTESIAN_POINT('',(14.609880419148,6.564038382579,8.863504648851
    ));
#253 = CARTESIAN_POINT('',(14.978935610511,5.630762147414,9.454319107053
    ));
#254 = CARTESIAN_POINT('',(15.076631671992,5.368614637859,9.608700233048
    ));
#255 = CARTESIAN_POINT('',(15.17143909876,5.097081034084,9.756770683921)
  );
#256 = CARTESIAN_POINT('',(15.262749503753,4.815994819208,9.897897312032
    ));
#257 = CARTESIAN_POINT('',(15.349901727884,4.525221093396,
    10.031367979416));
#258 = CARTESIAN_POINT('',(15.495594607291,3.99302186572,10.25274181531)
  );
#259 = CARTESIAN_POINT('',(15.556121372588,3.755541993951,
    10.344087752855));
#260 = CARTESIAN_POINT('',(15.613380739389,3.512367540066,
    10.429979902423));
#261 = CARTESIAN_POINT('',(15.666995006926,3.263667712177,
    10.509979475274));
#262 = CARTESIAN_POINT('',(15.716594267014,3.009630766599,
    10.583655771476));
#263 = CARTESIAN_POINT('',(15.837211557499,2.318420875476,
    10.762157520213));
#264 = CARTESIAN_POINT('',(15.900612802252,1.871175624652,10.8552229567)
  );
#265 = CARTESIAN_POINT('',(15.949812149122,1.412127907903,
    10.926999422701));
#266 = CARTESIAN_POINT('',(15.983227842656,0.94482244265,10.975604152454
    ));
#267 = CARTESIAN_POINT('',(16.,0.472893100749,11.));
#268 = CARTESIAN_POINT('',(16.,1.683889350464E-15,11.));
#269 = CYLINDRICAL_SURFACE('',#270,11.);
#270 = AXIS2_PLACEMENT_3D('',#271,#272,#273);
#271 = CARTESIAN_POINT('',(0.,3.273758460297E-24,0.));
#272 = DIRECTION('',(-1.,-0.,-0.));
#273 = DIRECTION('',(0.,1.,0.));
#274 = ADVANCED_FACE('',(#275,#345,#356,#367),#378,.T.);
#275 = FACE_BOUND('',#276,.T.);
#276 = EDGE_LOOP('',(#277,#278,#286,#295,#304,#313,#322,#331,#337,#338)
  );
#277 = ORIENTED_EDGE('',*,*,#21,.F.);
#278 = ORIENTED_EDGE('',*,*,#279,.T.);
#279 = EDGE_CURVE('',#22,#280,#282,.T.);
#280 = VERTEX_POINT('',#281);
#281 = CARTESIAN_POINT('',(20.501,20.070155931083,3.));
#282 = LINE('',#283,#284);
#283 = CARTESIAN_POINT('',(20.501,10.583005244258,3.));
#284 = VECTOR('',#285,1.);
#285 = DIRECTION('',(0.,1.,0.));
#286 = ORIENTED_EDGE('',*,*,#287,.T.);
#287 = EDGE_CURVE('',#280,#288,#290,.T.);
#288 = VERTEX_POINT('',#289);
#289 = CARTESIAN_POINT('',(15.950327640313,24.570881834388,3.));
#290 = CIRCLE('',#291,4.501);
#291 = AXIS2_PLACEMENT_3D('',#292,#293,#294);
#292 = CARTESIAN_POINT('',(16.,20.070155931083,3.));
#293 = DIRECTION('',(0.,0.,1.));
#294 = DIRECTION('',(1.,0.,0.));
#295 = ORIENTED_EDGE('',*,*,#296,.T.);
#296 = EDGE_CURVE('',#288,#297,#299,.T.);
#297 = VERTEX_POINT('',#298);
#298 = CARTESIAN_POINT('',(-44.42500905896,7.258532622235,3.));
#299 = CIRCLE('',#300,118.501);
#300 = AXIS2_PLACEMENT_3D('',#301,#302,#303);
#301 = CARTESIAN_POINT('',(17.258086870551,-93.9229018287,3.));
#302 = DIRECTION('',(0.,0.,1.));
#303 = DIRECTION('',(-1.103584974168E-02,0.999939103156,0.));
#304 = ORIENTED_EDGE('',*,*,#305,.T.);
#305 = EDGE_CURVE('',#297,#306,#308,.T.);
#306 = VERTEX_POINT('',#307);
#307 = CARTESIAN_POINT('',(-44.42500905896,-7.258532622235,3.));
#308 = CIRCLE('',#309,8.501);
#309 = AXIS2_PLACEMENT_3D('',#310,#311,#312);
#310 = CARTESIAN_POINT('',(-40.,-8.3E-16,3.));
#311 = DIRECTION('',(0.,0.,1.));
#312 = DIRECTION('',(-0.52052806246,0.853844562079,0.));
#313 = ORIENTED_EDGE('',*,*,#314,.T.);
#314 = EDGE_CURVE('',#306,#315,#317,.T.);
#315 = VERTEX_POINT('',#316);
#316 = CARTESIAN_POINT('',(15.950327640313,-24.57088183438,3.));
#317 = CIRCLE('',#318,118.501);
#318 = AXIS2_PLACEMENT_3D('',#319,#320,#321);
#319 = CARTESIAN_POINT('',(17.258086870551,93.922901828704,3.));
#320 = DIRECTION('',(0.,0.,1.));
#321 = DIRECTION('',(-0.52052806246,-0.853844562079,0.));
#322 = ORIENTED_EDGE('',*,*,#323,.T.);
#323 = EDGE_CURVE('',#315,#324,#326,.T.);
#324 = VERTEX_POINT('',#325);
#325 = CARTESIAN_POINT('',(20.501,-20.07015593108,3.));
#326 = CIRCLE('',#327,4.501);
#327 = AXIS2_PLACEMENT_3D('',#328,#329,#330);
#328 = CARTESIAN_POINT('',(16.,-20.07015593108,3.));
#329 = DIRECTION('',(0.,0.,1.));
#330 = DIRECTION('',(-1.103584974168E-02,-0.999939103156,0.));
#331 = ORIENTED_EDGE('',*,*,#332,.T.);
#332 = EDGE_CURVE('',#324,#180,#333,.T.);
#333 = LINE('',#334,#335);
#334 = CARTESIAN_POINT('',(20.501,-20.07015593108,3.));
#335 = VECTOR('',#336,1.);
#336 = DIRECTION('',(0.,1.,0.));
#337 = ORIENTED_EDGE('',*,*,#200,.T.);
#338 = ORIENTED_EDGE('',*,*,#339,.T.);
#339 = EDGE_CURVE('',#201,#24,#340,.T.);
#340 = CIRCLE('',#341,16.);
#341 = AXIS2_PLACEMENT_3D('',#342,#343,#344);
#342 = CARTESIAN_POINT('',(0.,0.,3.));
#343 = DIRECTION('',(0.,0.,-1.));
#344 = DIRECTION('',(1.,0.,0.));
#345 = FACE_BOUND('',#346,.T.);
#346 = EDGE_LOOP('',(#347));
#347 = ORIENTED_EDGE('',*,*,#348,.T.);
#348 = EDGE_CURVE('',#349,#349,#351,.T.);
#349 = VERTEX_POINT('',#350);
#350 = CARTESIAN_POINT('',(18.5,-20.07015593108,3.));
#351 = CIRCLE('',#352,2.5);
#352 = AXIS2_PLACEMENT_3D('',#353,#354,#355);
#353 = CARTESIAN_POINT('',(16.,-20.07015593108,3.));
#354 = DIRECTION('',(0.,0.,-1.));
#355 = DIRECTION('',(1.,0.,0.));
#356 = FACE_BOUND('',#357,.T.);
#357 = EDGE_LOOP('',(#358));
#358 = ORIENTED_EDGE('',*,*,#359,.T.);
#359 = EDGE_CURVE('',#360,#360,#362,.T.);
#360 = VERTEX_POINT('',#361);
#361 = CARTESIAN_POINT('',(-37.5,0.,3.));
#362 = CIRCLE('',#363,2.5);
#363 = AXIS2_PLACEMENT_3D('',#364,#365,#366);
#364 = CARTESIAN_POINT('',(-40.,0.,3.));
#365 = DIRECTION('',(0.,0.,-1.));
#366 = DIRECTION('',(1.,0.,0.));
#367 = FACE_BOUND('',#368,.T.);
#368 = EDGE_LOOP('',(#369));
#369 = ORIENTED_EDGE('',*,*,#370,.T.);
#370 = EDGE_CURVE('',#371,#371,#373,.T.);
#371 = VERTEX_POINT('',#372);
#372 = CARTESIAN_POINT('',(18.5,20.070155931083,3.));
#373 = CIRCLE('',#374,2.5);
#374 = AXIS2_PLACEMENT_3D('',#375,#376,#377);
#375 = CARTESIAN_POINT('',(16.,20.070155931083,3.));
#376 = DIRECTION('',(0.,0.,-1.));
#377 = DIRECTION('',(1.,0.,0.));
#378 = PLANE('',#379);
#379 = AXIS2_PLACEMENT_3D('',#380,#381,#382);
#380 = CARTESIAN_POINT('',(-8.108062159639,7.39E-15,3.));
#381 = DIRECTION('',(0.,0.,1.));
#382 = DIRECTION('',(1.,0.,0.));
#383 = ADVANCED_FACE('',(#384),#403,.T.);
#384 = FACE_BOUND('',#385,.T.);
#385 = EDGE_LOOP('',(#386,#387,#395,#402));
#386 = ORIENTED_EDGE('',*,*,#31,.T.);
#387 = ORIENTED_EDGE('',*,*,#388,.T.);
#388 = EDGE_CURVE('',#32,#389,#391,.T.);
#389 = VERTEX_POINT('',#390);
#390 = CARTESIAN_POINT('',(22.,20.070155931083,1.501));
#391 = LINE('',#392,#393);
#392 = CARTESIAN_POINT('',(22.,10.583005244258,1.501));
#393 = VECTOR('',#394,1.);
#394 = DIRECTION('',(0.,1.,0.));
#395 = ORIENTED_EDGE('',*,*,#396,.F.);
#396 = EDGE_CURVE('',#280,#389,#397,.T.);
#397 = CIRCLE('',#398,1.499);
#398 = AXIS2_PLACEMENT_3D('',#399,#400,#401);
#399 = CARTESIAN_POINT('',(20.501,20.070155931083,1.501));
#400 = DIRECTION('',(0.,1.,0.));
#401 = DIRECTION('',(0.,0.,1.));
#402 = ORIENTED_EDGE('',*,*,#279,.F.);
#403 = CYLINDRICAL_SURFACE('',#404,1.499);
#404 = AXIS2_PLACEMENT_3D('',#405,#406,#407);
#405 = CARTESIAN_POINT('',(20.501,10.583005244258,1.501));
#406 = DIRECTION('',(0.,1.,0.));
#407 = DIRECTION('',(0.,0.,1.));
#408 = ADVANCED_FACE('',(#409),#430,.T.);
#409 = FACE_BOUND('',#410,.F.);
#410 = EDGE_LOOP('',(#411,#412,#413,#414,#422,#429));
#411 = ORIENTED_EDGE('',*,*,#208,.T.);
#412 = ORIENTED_EDGE('',*,*,#339,.T.);
#413 = ORIENTED_EDGE('',*,*,#240,.T.);
#414 = ORIENTED_EDGE('',*,*,#415,.T.);
#415 = EDGE_CURVE('',#209,#416,#418,.T.);
#416 = VERTEX_POINT('',#417);
#417 = CARTESIAN_POINT('',(16.,0.,16.5));
#418 = LINE('',#419,#420);
#419 = CARTESIAN_POINT('',(16.,0.,-8.5));
#420 = VECTOR('',#421,1.);
#421 = DIRECTION('',(0.,0.,1.));
#422 = ORIENTED_EDGE('',*,*,#423,.T.);
#423 = EDGE_CURVE('',#416,#416,#424,.T.);
#424 = CIRCLE('',#425,16.);
#425 = AXIS2_PLACEMENT_3D('',#426,#427,#428);
#426 = CARTESIAN_POINT('',(0.,0.,16.5));
#427 = DIRECTION('',(0.,0.,1.));
#428 = DIRECTION('',(1.,0.,0.));
#429 = ORIENTED_EDGE('',*,*,#415,.F.);
#430 = CYLINDRICAL_SURFACE('',#431,16.);
#431 = AXIS2_PLACEMENT_3D('',#432,#433,#434);
#432 = CARTESIAN_POINT('',(0.,0.,-8.5));
#433 = DIRECTION('',(-0.,-0.,-1.));
#434 = DIRECTION('',(1.,0.,0.));
#435 = ADVANCED_FACE('',(#436),#454,.T.);
#436 = FACE_BOUND('',#437,.T.);
#437 = EDGE_LOOP('',(#438,#439,#447,#453));
#438 = ORIENTED_EDGE('',*,*,#52,.T.);
#439 = ORIENTED_EDGE('',*,*,#440,.T.);
#440 = EDGE_CURVE('',#53,#441,#443,.T.);
#441 = VERTEX_POINT('',#442);
#442 = CARTESIAN_POINT('',(22.,20.070155931083,1.499));
#443 = LINE('',#444,#445);
#444 = CARTESIAN_POINT('',(22.,11.,1.499));
#445 = VECTOR('',#446,1.);
#446 = DIRECTION('',(0.,1.,0.));
#447 = ORIENTED_EDGE('',*,*,#448,.T.);
#448 = EDGE_CURVE('',#441,#389,#449,.T.);
#449 = LINE('',#450,#451);
#450 = CARTESIAN_POINT('',(22.,20.070155931083,0.));
#451 = VECTOR('',#452,1.);
#452 = DIRECTION('',(0.,0.,1.));
#453 = ORIENTED_EDGE('',*,*,#388,.F.);
#454 = PLANE('',#455);
#455 = AXIS2_PLACEMENT_3D('',#456,#457,#458);
#456 = CARTESIAN_POINT('',(22.,20.070155931083,0.));
#457 = DIRECTION('',(1.,0.,0.));
#458 = DIRECTION('',(0.,-1.,0.));
#459 = ADVANCED_FACE('',(#460),#479,.T.);
#460 = FACE_BOUND('',#461,.F.);
#461 = EDGE_LOOP('',(#462,#463,#464,#473));
#462 = ORIENTED_EDGE('',*,*,#61,.T.);
#463 = ORIENTED_EDGE('',*,*,#440,.T.);
#464 = ORIENTED_EDGE('',*,*,#465,.F.);
#465 = EDGE_CURVE('',#466,#441,#468,.T.);
#466 = VERTEX_POINT('',#467);
#467 = CARTESIAN_POINT('',(20.501,20.070155931083,6.661338147751E-16));
#468 = CIRCLE('',#469,1.499);
#469 = AXIS2_PLACEMENT_3D('',#470,#471,#472);
#470 = CARTESIAN_POINT('',(20.501,20.070155931083,1.499));
#471 = DIRECTION('',(0.,-1.,0.));
#472 = DIRECTION('',(0.,0.,-1.));
#473 = ORIENTED_EDGE('',*,*,#474,.F.);
#474 = EDGE_CURVE('',#62,#466,#475,.T.);
#475 = LINE('',#476,#477);
#476 = CARTESIAN_POINT('',(20.501,11.,6.661338147751E-16));
#477 = VECTOR('',#478,1.);
#478 = DIRECTION('',(0.,1.,0.));
#479 = CYLINDRICAL_SURFACE('',#480,1.499);
#480 = AXIS2_PLACEMENT_3D('',#481,#482,#483);
#481 = CARTESIAN_POINT('',(20.501,11.,1.499));
#482 = DIRECTION('',(0.,1.,0.));
#483 = DIRECTION('',(0.,0.,-1.));
#484 = ADVANCED_FACE('',(#485,#549,#578,#589,#600),#611,.T.);
#485 = FACE_BOUND('',#486,.T.);
#486 = EDGE_LOOP('',(#487,#488,#489,#495,#496,#497,#505,#514,#523,#532,
    #541,#548));
#487 = ORIENTED_EDGE('',*,*,#86,.F.);
#488 = ORIENTED_EDGE('',*,*,#94,.T.);
#489 = ORIENTED_EDGE('',*,*,#490,.F.);
#490 = EDGE_CURVE('',#121,#95,#491,.T.);
#491 = LINE('',#492,#493);
#492 = CARTESIAN_POINT('',(42.,-11.,3.052009194935E-43));
#493 = VECTOR('',#494,1.);
#494 = DIRECTION('',(0.,1.,0.));
#495 = ORIENTED_EDGE('',*,*,#129,.F.);
#496 = ORIENTED_EDGE('',*,*,#137,.T.);
#497 = ORIENTED_EDGE('',*,*,#498,.F.);
#498 = EDGE_CURVE('',#499,#138,#501,.T.);
#499 = VERTEX_POINT('',#500);
#500 = CARTESIAN_POINT('',(20.501,-20.07015593108,6.661338147751E-16));
#501 = LINE('',#502,#503);
#502 = CARTESIAN_POINT('',(20.501,-20.07015593108,6.661338147751E-16));
#503 = VECTOR('',#504,1.);
#504 = DIRECTION('',(0.,1.,0.));
#505 = ORIENTED_EDGE('',*,*,#506,.F.);
#506 = EDGE_CURVE('',#507,#499,#509,.T.);
#507 = VERTEX_POINT('',#508);
#508 = CARTESIAN_POINT('',(15.950327640313,-24.57088183438,
    6.661338147751E-16));
#509 = CIRCLE('',#510,4.501);
#510 = AXIS2_PLACEMENT_3D('',#511,#512,#513);
#511 = CARTESIAN_POINT('',(16.,-20.07015593108,6.464232654239E-16));
#512 = DIRECTION('',(-0.,0.,1.));
#513 = DIRECTION('',(-1.103584974168E-02,-0.999939103156,-0.));
#514 = ORIENTED_EDGE('',*,*,#515,.F.);
#515 = EDGE_CURVE('',#516,#507,#518,.T.);
#516 = VERTEX_POINT('',#517);
#517 = CARTESIAN_POINT('',(-44.42500905896,-7.258532622235,
    6.661338147751E-16));
#518 = CIRCLE('',#519,118.501);
#519 = AXIS2_PLACEMENT_3D('',#520,#521,#522);
#520 = CARTESIAN_POINT('',(17.258086870551,93.922901828704,
    6.464232654239E-16));
#521 = DIRECTION('',(-0.,0.,1.));
#522 = DIRECTION('',(-0.52052806246,-0.853844562079,-0.));
#523 = ORIENTED_EDGE('',*,*,#524,.F.);
#524 = EDGE_CURVE('',#525,#516,#527,.T.);
#525 = VERTEX_POINT('',#526);
#526 = CARTESIAN_POINT('',(-44.42500905896,7.258532622235,
    6.661338147751E-16));
#527 = CIRCLE('',#528,8.501);
#528 = AXIS2_PLACEMENT_3D('',#529,#530,#531);
#529 = CARTESIAN_POINT('',(-40.,-8.3E-16,6.464232654239E-16));
#530 = DIRECTION('',(0.,-0.,1.));
#531 = DIRECTION('',(-0.52052806246,0.853844562079,0.));
#532 = ORIENTED_EDGE('',*,*,#533,.F.);
#533 = EDGE_CURVE('',#534,#525,#536,.T.);
#534 = VERTEX_POINT('',#535);
#535 = CARTESIAN_POINT('',(15.950327640313,24.570881834388,
    6.661338147751E-16));
#536 = CIRCLE('',#537,118.501);
#537 = AXIS2_PLACEMENT_3D('',#538,#539,#540);
#538 = CARTESIAN_POINT('',(17.258086870551,-93.9229018287,
    6.464232654239E-16));
#539 = DIRECTION('',(0.,-0.,1.));
#540 = DIRECTION('',(-1.103584974168E-02,0.999939103156,0.));
#541 = ORIENTED_EDGE('',*,*,#542,.F.);
#542 = EDGE_CURVE('',#466,#534,#543,.T.);
#543 = CIRCLE('',#544,4.501);
#544 = AXIS2_PLACEMENT_3D('',#545,#546,#547);
#545 = CARTESIAN_POINT('',(16.,20.070155931083,6.464232654239E-16));
#546 = DIRECTION('',(0.,0.,1.));
#547 = DIRECTION('',(1.,0.,0.));
#548 = ORIENTED_EDGE('',*,*,#474,.F.);
#549 = FACE_BOUND('',#550,.T.);
#550 = EDGE_LOOP('',(#551,#562,#571));
#551 = ORIENTED_EDGE('',*,*,#552,.F.);
#552 = EDGE_CURVE('',#553,#555,#557,.T.);
#553 = VERTEX_POINT('',#554);
#554 = CARTESIAN_POINT('',(11.618950038623,-11.,4.000513852489E-15));
#555 = VERTEX_POINT('',#556);
#556 = CARTESIAN_POINT('',(11.618950038623,11.,1.526004597468E-43));
#557 = CIRCLE('',#558,16.);
#558 = AXIS2_PLACEMENT_3D('',#559,#560,#561);
#559 = CARTESIAN_POINT('',(0.,0.,0.));
#560 = DIRECTION('',(0.,0.,-1.));
#561 = DIRECTION('',(1.,0.,0.));
#562 = ORIENTED_EDGE('',*,*,#563,.F.);
#563 = EDGE_CURVE('',#564,#553,#566,.T.);
#564 = VERTEX_POINT('',#565);
#565 = CARTESIAN_POINT('',(16.,0.,0.));
#566 = CIRCLE('',#567,16.);
#567 = AXIS2_PLACEMENT_3D('',#568,#569,#570);
#568 = CARTESIAN_POINT('',(0.,0.,0.));
#569 = DIRECTION('',(0.,0.,-1.));
#570 = DIRECTION('',(1.,0.,0.));
#571 = ORIENTED_EDGE('',*,*,#572,.F.);
#572 = EDGE_CURVE('',#555,#564,#573,.T.);
#573 = CIRCLE('',#574,16.);
#574 = AXIS2_PLACEMENT_3D('',#575,#576,#577);
#575 = CARTESIAN_POINT('',(0.,0.,0.));
#576 = DIRECTION('',(0.,0.,-1.));
#577 = DIRECTION('',(1.,0.,0.));
#578 = FACE_BOUND('',#579,.T.);
#579 = EDGE_LOOP('',(#580));
#580 = ORIENTED_EDGE('',*,*,#581,.T.);
#581 = EDGE_CURVE('',#582,#582,#584,.T.);
#582 = VERTEX_POINT('',#583);
#583 = CARTESIAN_POINT('',(-37.5,0.,0.));
#584 = CIRCLE('',#585,2.5);
#585 = AXIS2_PLACEMENT_3D('',#586,#587,#588);
#586 = CARTESIAN_POINT('',(-40.,0.,0.));
#587 = DIRECTION('',(0.,0.,1.));
#588 = DIRECTION('',(1.,0.,0.));
#589 = FACE_BOUND('',#590,.T.);
#590 = EDGE_LOOP('',(#591));
#591 = ORIENTED_EDGE('',*,*,#592,.T.);
#592 = EDGE_CURVE('',#593,#593,#595,.T.);
#593 = VERTEX_POINT('',#594);
#594 = CARTESIAN_POINT('',(18.5,-20.07015593108,0.));
#595 = CIRCLE('',#596,2.5);
#596 = AXIS2_PLACEMENT_3D('',#597,#598,#599);
#597 = CARTESIAN_POINT('',(16.,-20.07015593108,0.));
#598 = DIRECTION('',(0.,0.,1.));
#599 = DIRECTION('',(1.,0.,0.));
#600 = FACE_BOUND('',#601,.T.);
#601 = EDGE_LOOP('',(#602));
#602 = ORIENTED_EDGE('',*,*,#603,.T.);
#603 = EDGE_CURVE('',#604,#604,#606,.T.);
#604 = VERTEX_POINT('',#605);
#605 = CARTESIAN_POINT('',(18.5,20.070155931083,0.));
#606 = CIRCLE('',#607,2.5);
#607 = AXIS2_PLACEMENT_3D('',#608,#609,#610);
#608 = CARTESIAN_POINT('',(16.,20.070155931083,0.));
#609 = DIRECTION('',(0.,0.,1.));
#610 = DIRECTION('',(1.,0.,0.));
#611 = PLANE('',#612);
#612 = AXIS2_PLACEMENT_3D('',#613,#614,#615);
#613 = CARTESIAN_POINT('',(0.15023706114,3.760128685067E-15,
    6.464232654239E-16));
#614 = DIRECTION('',(-0.,-0.,-1.));
#615 = DIRECTION('',(-1.,0.,0.));
#616 = ADVANCED_FACE('',(#617),#636,.T.);
#617 = FACE_BOUND('',#618,.T.);
#618 = EDGE_LOOP('',(#619,#628,#634,#635));
#619 = ORIENTED_EDGE('',*,*,#620,.T.);
#620 = EDGE_CURVE('',#324,#621,#623,.T.);
#621 = VERTEX_POINT('',#622);
#622 = CARTESIAN_POINT('',(22.,-20.07015593108,1.501));
#623 = CIRCLE('',#624,1.499);
#624 = AXIS2_PLACEMENT_3D('',#625,#626,#627);
#625 = CARTESIAN_POINT('',(20.501,-20.07015593108,1.501));
#626 = DIRECTION('',(3.590877595272E-16,1.,0.));
#627 = DIRECTION('',(1.,-3.590877595272E-16,0.));
#628 = ORIENTED_EDGE('',*,*,#629,.T.);
#629 = EDGE_CURVE('',#621,#171,#630,.T.);
#630 = LINE('',#631,#632);
#631 = CARTESIAN_POINT('',(22.,-20.07015593108,1.501));
#632 = VECTOR('',#633,1.);
#633 = DIRECTION('',(0.,1.,0.));
#634 = ORIENTED_EDGE('',*,*,#179,.F.);
#635 = ORIENTED_EDGE('',*,*,#332,.F.);
#636 = CYLINDRICAL_SURFACE('',#637,1.499);
#637 = AXIS2_PLACEMENT_3D('',#638,#639,#640);
#638 = CARTESIAN_POINT('',(20.501,-20.07015593108,1.501));
#639 = DIRECTION('',(0.,1.,0.));
#640 = DIRECTION('',(0.,0.,1.));
#641 = ADVANCED_FACE('',(#642),#660,.T.);
#642 = FACE_BOUND('',#643,.T.);
#643 = EDGE_LOOP('',(#644,#652,#658,#659));
#644 = ORIENTED_EDGE('',*,*,#645,.F.);
#645 = EDGE_CURVE('',#646,#621,#648,.T.);
#646 = VERTEX_POINT('',#647);
#647 = CARTESIAN_POINT('',(22.,-20.07015593108,1.499));
#648 = LINE('',#649,#650);
#649 = CARTESIAN_POINT('',(22.,-20.07015593108,0.));
#650 = VECTOR('',#651,1.);
#651 = DIRECTION('',(0.,0.,1.));
#652 = ORIENTED_EDGE('',*,*,#653,.T.);
#653 = EDGE_CURVE('',#646,#146,#654,.T.);
#654 = LINE('',#655,#656);
#655 = CARTESIAN_POINT('',(22.,-20.07015593108,1.499));
#656 = VECTOR('',#657,1.);
#657 = DIRECTION('',(0.,1.,0.));
#658 = ORIENTED_EDGE('',*,*,#170,.T.);
#659 = ORIENTED_EDGE('',*,*,#629,.F.);
#660 = PLANE('',#661);
#661 = AXIS2_PLACEMENT_3D('',#662,#663,#664);
#662 = CARTESIAN_POINT('',(22.,20.070155931083,0.));
#663 = DIRECTION('',(1.,0.,0.));
#664 = DIRECTION('',(0.,-1.,0.));
#665 = ADVANCED_FACE('',(#666),#703,.T.);
#666 = FACE_BOUND('',#667,.T.);
#667 = EDGE_LOOP('',(#668,#669,#670,#671,#679,#688,#697));
#668 = ORIENTED_EDGE('',*,*,#120,.T.);
#669 = ORIENTED_EDGE('',*,*,#490,.T.);
#670 = ORIENTED_EDGE('',*,*,#102,.T.);
#671 = ORIENTED_EDGE('',*,*,#672,.F.);
#672 = EDGE_CURVE('',#673,#103,#675,.T.);
#673 = VERTEX_POINT('',#674);
#674 = CARTESIAN_POINT('',(42.,4.5,7.));
#675 = LINE('',#676,#677);
#676 = CARTESIAN_POINT('',(42.,-109.693899256,7.));
#677 = VECTOR('',#678,1.);
#678 = DIRECTION('',(0.,1.,-2.22044604925E-16));
#679 = ORIENTED_EDGE('',*,*,#680,.F.);
#680 = EDGE_CURVE('',#681,#673,#683,.T.);
#681 = VERTEX_POINT('',#682);
#682 = CARTESIAN_POINT('',(42.,4.005346226451E-16,1.803847577293));
#683 = ELLIPSE('',#684,5.196152422707,4.5);
#684 = AXIS2_PLACEMENT_3D('',#685,#686,#687);
#685 = CARTESIAN_POINT('',(42.,1.554312234475E-15,7.));
#686 = DIRECTION('',(1.,0.,0.));
#687 = DIRECTION('',(0.,-2.22044604925E-16,-1.));
#688 = ORIENTED_EDGE('',*,*,#689,.F.);
#689 = EDGE_CURVE('',#690,#681,#692,.T.);
#690 = VERTEX_POINT('',#691);
#691 = CARTESIAN_POINT('',(42.,-4.5,7.));
#692 = ELLIPSE('',#693,5.196152422707,4.5);
#693 = AXIS2_PLACEMENT_3D('',#694,#695,#696);
#694 = CARTESIAN_POINT('',(42.,1.554312234475E-15,7.));
#695 = DIRECTION('',(1.,0.,0.));
#696 = DIRECTION('',(0.,-2.22044604925E-16,-1.));
#697 = ORIENTED_EDGE('',*,*,#698,.F.);
#698 = EDGE_CURVE('',#112,#690,#699,.T.);
#699 = LINE('',#700,#701);
#700 = CARTESIAN_POINT('',(42.,-109.693899256,7.));
#701 = VECTOR('',#702,1.);
#702 = DIRECTION('',(0.,1.,-2.22044604925E-16));
#703 = PLANE('',#704);
#704 = AXIS2_PLACEMENT_3D('',#705,#706,#707);
#705 = CARTESIAN_POINT('',(42.,3.10055011968E-15,3.810511776652));
#706 = DIRECTION('',(1.,0.,0.));
#707 = DIRECTION('',(0.,0.,1.));
#708 = ADVANCED_FACE('',(#709),#721,.T.);
#709 = FACE_BOUND('',#710,.F.);
#710 = EDGE_LOOP('',(#711,#718,#719,#720));
#711 = ORIENTED_EDGE('',*,*,#712,.T.);
#712 = EDGE_CURVE('',#499,#646,#713,.T.);
#713 = CIRCLE('',#714,1.499);
#714 = AXIS2_PLACEMENT_3D('',#715,#716,#717);
#715 = CARTESIAN_POINT('',(20.501,-20.07015593108,1.499));
#716 = DIRECTION('',(-3.608224830032E-16,-1.,0.));
#717 = DIRECTION('',(1.,-3.608224830032E-16,0.));
#718 = ORIENTED_EDGE('',*,*,#653,.T.);
#719 = ORIENTED_EDGE('',*,*,#145,.F.);
#720 = ORIENTED_EDGE('',*,*,#498,.F.);
#721 = CYLINDRICAL_SURFACE('',#722,1.499);
#722 = AXIS2_PLACEMENT_3D('',#723,#724,#725);
#723 = CARTESIAN_POINT('',(20.501,-20.07015593108,1.499));
#724 = DIRECTION('',(0.,1.,0.));
#725 = DIRECTION('',(0.,0.,-1.));
#726 = ADVANCED_FACE('',(#727),#739,.F.);
#727 = FACE_BOUND('',#728,.F.);
#728 = EDGE_LOOP('',(#729,#730,#731,#732));
#729 = ORIENTED_EDGE('',*,*,#698,.F.);
#730 = ORIENTED_EDGE('',*,*,#111,.T.);
#731 = ORIENTED_EDGE('',*,*,#672,.F.);
#732 = ORIENTED_EDGE('',*,*,#733,.F.);
#733 = EDGE_CURVE('',#690,#673,#734,.T.);
#734 = ELLIPSE('',#735,5.196152422707,4.5);
#735 = AXIS2_PLACEMENT_3D('',#736,#737,#738);
#736 = CARTESIAN_POINT('',(42.,1.554312234475E-15,7.));
#737 = DIRECTION('',(-0.5,-1.922962686384E-16,-0.866025403784));
#738 = DIRECTION('',(-0.866025403784,1.110223024625E-16,0.5));
#739 = PLANE('',#740);
#740 = AXIS2_PLACEMENT_3D('',#741,#742,#743);
#741 = CARTESIAN_POINT('',(30.,-109.693899256,13.928203230276));
#742 = DIRECTION('',(-0.5,-1.922962686384E-16,-0.866025403784));
#743 = DIRECTION('',(0.866025403784,-1.110223024625E-16,-0.5));
#744 = ADVANCED_FACE('',(#745),#765,.T.);
#745 = FACE_BOUND('',#746,.F.);
#746 = EDGE_LOOP('',(#747,#748,#749,#758));
#747 = ORIENTED_EDGE('',*,*,#396,.F.);
#748 = ORIENTED_EDGE('',*,*,#287,.T.);
#749 = ORIENTED_EDGE('',*,*,#750,.T.);
#750 = EDGE_CURVE('',#288,#751,#753,.T.);
#751 = VERTEX_POINT('',#752);
#752 = CARTESIAN_POINT('',(15.93378490155,26.069790550019,1.501));
#753 = CIRCLE('',#754,1.499);
#754 = AXIS2_PLACEMENT_3D('',#755,#756,#757);
#755 = CARTESIAN_POINT('',(15.950327640313,24.570881834388,1.501));
#756 = DIRECTION('',(-0.999939103156,-1.103584974168E-02,-0.));
#757 = DIRECTION('',(-1.103584974168E-02,0.999939103156,0.));
#758 = ORIENTED_EDGE('',*,*,#759,.F.);
#759 = EDGE_CURVE('',#389,#751,#760,.T.);
#760 = CIRCLE('',#761,6.);
#761 = AXIS2_PLACEMENT_3D('',#762,#763,#764);
#762 = CARTESIAN_POINT('',(16.,20.070155931083,1.501));
#763 = DIRECTION('',(0.,0.,1.));
#764 = DIRECTION('',(1.,0.,0.));
#765 = TOROIDAL_SURFACE('',#766,4.501,1.499);
#766 = AXIS2_PLACEMENT_3D('',#767,#768,#769);
#767 = CARTESIAN_POINT('',(16.,20.070155931083,1.501));
#768 = DIRECTION('',(-0.,-0.,-1.));
#769 = DIRECTION('',(1.,0.,0.));
#770 = ADVANCED_FACE('',(#771),#791,.T.);
#771 = FACE_BOUND('',#772,.F.);
#772 = EDGE_LOOP('',(#773,#774,#775,#784));
#773 = ORIENTED_EDGE('',*,*,#750,.F.);
#774 = ORIENTED_EDGE('',*,*,#296,.T.);
#775 = ORIENTED_EDGE('',*,*,#776,.T.);
#776 = EDGE_CURVE('',#297,#777,#779,.T.);
#777 = VERTEX_POINT('',#778);
#778 = CARTESIAN_POINT('',(-45.20528062459,8.538445620791,1.501));
#779 = CIRCLE('',#780,1.499);
#780 = AXIS2_PLACEMENT_3D('',#781,#782,#783);
#781 = CARTESIAN_POINT('',(-44.42500905896,7.258532622235,1.501));
#782 = DIRECTION('',(-0.853844562079,-0.52052806246,-0.));
#783 = DIRECTION('',(-0.52052806246,0.853844562079,0.));
#784 = ORIENTED_EDGE('',*,*,#785,.F.);
#785 = EDGE_CURVE('',#751,#777,#786,.T.);
#786 = CIRCLE('',#787,120.);
#787 = AXIS2_PLACEMENT_3D('',#788,#789,#790);
#788 = CARTESIAN_POINT('',(17.258086870551,-93.9229018287,1.501));
#789 = DIRECTION('',(0.,0.,1.));
#790 = DIRECTION('',(-1.103584974168E-02,0.999939103156,0.));
#791 = TOROIDAL_SURFACE('',#792,118.501,1.499);
#792 = AXIS2_PLACEMENT_3D('',#793,#794,#795);
#793 = CARTESIAN_POINT('',(17.258086870551,-93.9229018287,1.501));
#794 = DIRECTION('',(-0.,-0.,-1.));
#795 = DIRECTION('',(-1.103584974168E-02,0.999939103156,0.));
#796 = ADVANCED_FACE('',(#797),#817,.T.);
#797 = FACE_BOUND('',#798,.F.);
#798 = EDGE_LOOP('',(#799,#800,#801,#810));
#799 = ORIENTED_EDGE('',*,*,#776,.F.);
#800 = ORIENTED_EDGE('',*,*,#305,.T.);
#801 = ORIENTED_EDGE('',*,*,#802,.T.);
#802 = EDGE_CURVE('',#306,#803,#805,.T.);
#803 = VERTEX_POINT('',#804);
#804 = CARTESIAN_POINT('',(-45.20528062459,-8.538445620791,1.501));
#805 = CIRCLE('',#806,1.499);
#806 = AXIS2_PLACEMENT_3D('',#807,#808,#809);
#807 = CARTESIAN_POINT('',(-44.42500905896,-7.258532622235,1.501));
#808 = DIRECTION('',(0.853844562079,-0.52052806246,0.));
#809 = DIRECTION('',(-0.52052806246,-0.853844562079,0.));
#810 = ORIENTED_EDGE('',*,*,#811,.F.);
#811 = EDGE_CURVE('',#777,#803,#812,.T.);
#812 = CIRCLE('',#813,10.);
#813 = AXIS2_PLACEMENT_3D('',#814,#815,#816);
#814 = CARTESIAN_POINT('',(-40.,-8.3E-16,1.501));
#815 = DIRECTION('',(0.,0.,1.));
#816 = DIRECTION('',(-0.52052806246,0.853844562079,0.));
#817 = TOROIDAL_SURFACE('',#818,8.501,1.499);
#818 = AXIS2_PLACEMENT_3D('',#819,#820,#821);
#819 = CARTESIAN_POINT('',(-40.,-8.3E-16,1.501));
#820 = DIRECTION('',(-0.,-0.,-1.));
#821 = DIRECTION('',(-0.52052806246,0.853844562079,0.));
#822 = ADVANCED_FACE('',(#823),#843,.T.);
#823 = FACE_BOUND('',#824,.F.);
#824 = EDGE_LOOP('',(#825,#834,#835,#836));
#825 = ORIENTED_EDGE('',*,*,#826,.F.);
#826 = EDGE_CURVE('',#315,#827,#829,.T.);
#827 = VERTEX_POINT('',#828);
#828 = CARTESIAN_POINT('',(15.93378490155,-26.06979055001,1.501));
#829 = CIRCLE('',#830,1.499);
#830 = AXIS2_PLACEMENT_3D('',#831,#832,#833);
#831 = CARTESIAN_POINT('',(15.950327640313,-24.57088183438,1.501));
#832 = DIRECTION('',(0.999939103156,-1.103584974168E-02,0.));
#833 = DIRECTION('',(-1.103584974168E-02,-0.999939103156,0.));
#834 = ORIENTED_EDGE('',*,*,#323,.T.);
#835 = ORIENTED_EDGE('',*,*,#620,.T.);
#836 = ORIENTED_EDGE('',*,*,#837,.F.);
#837 = EDGE_CURVE('',#827,#621,#838,.T.);
#838 = CIRCLE('',#839,6.);
#839 = AXIS2_PLACEMENT_3D('',#840,#841,#842);
#840 = CARTESIAN_POINT('',(16.,-20.07015593108,1.501));
#841 = DIRECTION('',(0.,0.,1.));
#842 = DIRECTION('',(-1.103584974168E-02,-0.999939103156,0.));
#843 = TOROIDAL_SURFACE('',#844,4.501,1.499);
#844 = AXIS2_PLACEMENT_3D('',#845,#846,#847);
#845 = CARTESIAN_POINT('',(16.,-20.07015593108,1.501));
#846 = DIRECTION('',(-0.,-0.,-1.));
#847 = DIRECTION('',(-1.103584974168E-02,-0.999939103156,0.));
#848 = ADVANCED_FACE('',(#849),#861,.T.);
#849 = FACE_BOUND('',#850,.F.);
#850 = EDGE_LOOP('',(#851,#852,#853,#854));
#851 = ORIENTED_EDGE('',*,*,#802,.F.);
#852 = ORIENTED_EDGE('',*,*,#314,.T.);
#853 = ORIENTED_EDGE('',*,*,#826,.T.);
#854 = ORIENTED_EDGE('',*,*,#855,.F.);
#855 = EDGE_CURVE('',#803,#827,#856,.T.);
#856 = CIRCLE('',#857,120.);
#857 = AXIS2_PLACEMENT_3D('',#858,#859,#860);
#858 = CARTESIAN_POINT('',(17.258086870551,93.922901828704,1.501));
#859 = DIRECTION('',(0.,0.,1.));
#860 = DIRECTION('',(-0.52052806246,-0.853844562079,0.));
#861 = TOROIDAL_SURFACE('',#862,118.501,1.499);
#862 = AXIS2_PLACEMENT_3D('',#863,#864,#865);
#863 = CARTESIAN_POINT('',(17.258086870551,93.922901828704,1.501));
#864 = DIRECTION('',(-0.,-0.,-1.));
#865 = DIRECTION('',(-0.52052806246,-0.853844562079,0.));
#866 = ADVANCED_FACE('',(#867),#878,.F.);
#867 = FACE_BOUND('',#868,.T.);
#868 = EDGE_LOOP('',(#869,#870,#876,#877));
#869 = ORIENTED_EDGE('',*,*,#592,.F.);
#870 = ORIENTED_EDGE('',*,*,#871,.T.);
#871 = EDGE_CURVE('',#593,#349,#872,.T.);
#872 = LINE('',#873,#874);
#873 = CARTESIAN_POINT('',(18.5,-20.07015593108,0.));
#874 = VECTOR('',#875,1.);
#875 = DIRECTION('',(0.,0.,1.));
#876 = ORIENTED_EDGE('',*,*,#348,.F.);
#877 = ORIENTED_EDGE('',*,*,#871,.F.);
#878 = CYLINDRICAL_SURFACE('',#879,2.5);
#879 = AXIS2_PLACEMENT_3D('',#880,#881,#882);
#880 = CARTESIAN_POINT('',(16.,-20.07015593108,0.));
#881 = DIRECTION('',(-0.,-0.,-1.));
#882 = DIRECTION('',(1.,0.,0.));
#883 = ADVANCED_FACE('',(#884),#895,.F.);
#884 = FACE_BOUND('',#885,.T.);
#885 = EDGE_LOOP('',(#886,#887,#893,#894));
#886 = ORIENTED_EDGE('',*,*,#581,.F.);
#887 = ORIENTED_EDGE('',*,*,#888,.T.);
#888 = EDGE_CURVE('',#582,#360,#889,.T.);
#889 = LINE('',#890,#891);
#890 = CARTESIAN_POINT('',(-37.5,0.,0.));
#891 = VECTOR('',#892,1.);
#892 = DIRECTION('',(0.,0.,1.));
#893 = ORIENTED_EDGE('',*,*,#359,.F.);
#894 = ORIENTED_EDGE('',*,*,#888,.F.);
#895 = CYLINDRICAL_SURFACE('',#896,2.5);
#896 = AXIS2_PLACEMENT_3D('',#897,#898,#899);
#897 = CARTESIAN_POINT('',(-40.,0.,0.));
#898 = DIRECTION('',(-0.,-0.,-1.));
#899 = DIRECTION('',(1.,0.,0.));
#900 = ADVANCED_FACE('',(#901),#912,.F.);
#901 = FACE_BOUND('',#902,.T.);
#902 = EDGE_LOOP('',(#903,#904,#910,#911));
#903 = ORIENTED_EDGE('',*,*,#603,.F.);
#904 = ORIENTED_EDGE('',*,*,#905,.T.);
#905 = EDGE_CURVE('',#604,#371,#906,.T.);
#906 = LINE('',#907,#908);
#907 = CARTESIAN_POINT('',(18.5,20.070155931083,0.));
#908 = VECTOR('',#909,1.);
#909 = DIRECTION('',(0.,0.,1.));
#910 = ORIENTED_EDGE('',*,*,#370,.F.);
#911 = ORIENTED_EDGE('',*,*,#905,.F.);
#912 = CYLINDRICAL_SURFACE('',#913,2.5);
#913 = AXIS2_PLACEMENT_3D('',#914,#915,#916);
#914 = CARTESIAN_POINT('',(16.,20.070155931083,0.));
#915 = DIRECTION('',(-0.,-0.,-1.));
#916 = DIRECTION('',(1.,0.,0.));
#917 = ADVANCED_FACE('',(#918,#921),#932,.T.);
#918 = FACE_BOUND('',#919,.T.);
#919 = EDGE_LOOP('',(#920));
#920 = ORIENTED_EDGE('',*,*,#423,.T.);
#921 = FACE_BOUND('',#922,.T.);
#922 = EDGE_LOOP('',(#923));
#923 = ORIENTED_EDGE('',*,*,#924,.F.);
#924 = EDGE_CURVE('',#925,#925,#927,.T.);
#925 = VERTEX_POINT('',#926);
#926 = CARTESIAN_POINT('',(10.,0.,16.5));
#927 = CIRCLE('',#928,10.);
#928 = AXIS2_PLACEMENT_3D('',#929,#930,#931);
#929 = CARTESIAN_POINT('',(0.,0.,16.5));
#930 = DIRECTION('',(0.,0.,1.));
#931 = DIRECTION('',(1.,0.,0.));
#932 = PLANE('',#933);
#933 = AXIS2_PLACEMENT_3D('',#934,#935,#936);
#934 = CARTESIAN_POINT('',(-1.03E-15,1.4E-15,16.5));
#935 = DIRECTION('',(0.,0.,1.));
#936 = DIRECTION('',(1.,0.,0.));
#937 = ADVANCED_FACE('',(#938),#957,.T.);
#938 = FACE_BOUND('',#939,.F.);
#939 = EDGE_LOOP('',(#940,#941,#942,#950));
#940 = ORIENTED_EDGE('',*,*,#448,.T.);
#941 = ORIENTED_EDGE('',*,*,#759,.T.);
#942 = ORIENTED_EDGE('',*,*,#943,.F.);
#943 = EDGE_CURVE('',#944,#751,#946,.T.);
#944 = VERTEX_POINT('',#945);
#945 = CARTESIAN_POINT('',(15.93378490155,26.069790550019,1.499));
#946 = LINE('',#947,#948);
#947 = CARTESIAN_POINT('',(15.93378490155,26.069790550019,0.));
#948 = VECTOR('',#949,1.);
#949 = DIRECTION('',(0.,0.,1.));
#950 = ORIENTED_EDGE('',*,*,#951,.F.);
#951 = EDGE_CURVE('',#441,#944,#952,.T.);
#952 = CIRCLE('',#953,6.);
#953 = AXIS2_PLACEMENT_3D('',#954,#955,#956);
#954 = CARTESIAN_POINT('',(16.,20.070155931083,1.499));
#955 = DIRECTION('',(0.,0.,1.));
#956 = DIRECTION('',(1.,0.,0.));
#957 = CYLINDRICAL_SURFACE('',#958,6.);
#958 = AXIS2_PLACEMENT_3D('',#959,#960,#961);
#959 = CARTESIAN_POINT('',(16.,20.070155931083,0.));
#960 = DIRECTION('',(-0.,-0.,-1.));
#961 = DIRECTION('',(1.,0.,0.));
#962 = ADVANCED_FACE('',(#963),#975,.T.);
#963 = FACE_BOUND('',#964,.T.);
#964 = EDGE_LOOP('',(#965,#966,#967,#974));
#965 = ORIENTED_EDGE('',*,*,#465,.F.);
#966 = ORIENTED_EDGE('',*,*,#542,.T.);
#967 = ORIENTED_EDGE('',*,*,#968,.T.);
#968 = EDGE_CURVE('',#534,#944,#969,.T.);
#969 = CIRCLE('',#970,1.499);
#970 = AXIS2_PLACEMENT_3D('',#971,#972,#973);
#971 = CARTESIAN_POINT('',(15.950327640313,24.570881834388,1.499));
#972 = DIRECTION('',(0.999939103156,1.103584974168E-02,-0.));
#973 = DIRECTION('',(-1.103584974168E-02,0.999939103156,0.));
#974 = ORIENTED_EDGE('',*,*,#951,.F.);
#975 = TOROIDAL_SURFACE('',#976,4.501,1.499);
#976 = AXIS2_PLACEMENT_3D('',#977,#978,#979);
#977 = CARTESIAN_POINT('',(16.,20.070155931083,1.499));
#978 = DIRECTION('',(0.,0.,1.));
#979 = DIRECTION('',(1.,0.,0.));
#980 = ADVANCED_FACE('',(#981),#1001,.T.);
#981 = FACE_BOUND('',#982,.T.);
#982 = EDGE_LOOP('',(#983,#984,#985,#994));
#983 = ORIENTED_EDGE('',*,*,#968,.F.);
#984 = ORIENTED_EDGE('',*,*,#533,.T.);
#985 = ORIENTED_EDGE('',*,*,#986,.T.);
#986 = EDGE_CURVE('',#525,#987,#989,.T.);
#987 = VERTEX_POINT('',#988);
#988 = CARTESIAN_POINT('',(-45.20528062459,8.538445620791,1.499));
#989 = CIRCLE('',#990,1.499);
#990 = AXIS2_PLACEMENT_3D('',#991,#992,#993);
#991 = CARTESIAN_POINT('',(-44.42500905896,7.258532622235,1.499));
#992 = DIRECTION('',(0.853844562079,0.52052806246,-0.));
#993 = DIRECTION('',(-0.52052806246,0.853844562079,0.));
#994 = ORIENTED_EDGE('',*,*,#995,.F.);
#995 = EDGE_CURVE('',#944,#987,#996,.T.);
#996 = CIRCLE('',#997,120.);
#997 = AXIS2_PLACEMENT_3D('',#998,#999,#1000);
#998 = CARTESIAN_POINT('',(17.258086870551,-93.9229018287,1.499));
#999 = DIRECTION('',(0.,-0.,1.));
#1000 = DIRECTION('',(-1.103584974168E-02,0.999939103156,0.));
#1001 = TOROIDAL_SURFACE('',#1002,118.501,1.499);
#1002 = AXIS2_PLACEMENT_3D('',#1003,#1004,#1005);
#1003 = CARTESIAN_POINT('',(17.258086870551,-93.9229018287,1.499));
#1004 = DIRECTION('',(0.,0.,1.));
#1005 = DIRECTION('',(-1.103584974168E-02,0.999939103156,0.));
#1006 = ADVANCED_FACE('',(#1007),#1027,.T.);
#1007 = FACE_BOUND('',#1008,.T.);
#1008 = EDGE_LOOP('',(#1009,#1010,#1011,#1020));
#1009 = ORIENTED_EDGE('',*,*,#986,.F.);
#1010 = ORIENTED_EDGE('',*,*,#524,.T.);
#1011 = ORIENTED_EDGE('',*,*,#1012,.T.);
#1012 = EDGE_CURVE('',#516,#1013,#1015,.T.);
#1013 = VERTEX_POINT('',#1014);
#1014 = CARTESIAN_POINT('',(-45.20528062459,-8.538445620791,1.499));
#1015 = CIRCLE('',#1016,1.499);
#1016 = AXIS2_PLACEMENT_3D('',#1017,#1018,#1019);
#1017 = CARTESIAN_POINT('',(-44.42500905896,-7.258532622235,1.499));
#1018 = DIRECTION('',(-0.853844562079,0.52052806246,0.));
#1019 = DIRECTION('',(-0.52052806246,-0.853844562079,-0.));
#1020 = ORIENTED_EDGE('',*,*,#1021,.F.);
#1021 = EDGE_CURVE('',#987,#1013,#1022,.T.);
#1022 = CIRCLE('',#1023,10.);
#1023 = AXIS2_PLACEMENT_3D('',#1024,#1025,#1026);
#1024 = CARTESIAN_POINT('',(-40.,-8.3E-16,1.499));
#1025 = DIRECTION('',(0.,-0.,1.));
#1026 = DIRECTION('',(-0.52052806246,0.853844562079,0.));
#1027 = TOROIDAL_SURFACE('',#1028,8.501,1.499);
#1028 = AXIS2_PLACEMENT_3D('',#1029,#1030,#1031);
#1029 = CARTESIAN_POINT('',(-40.,-8.3E-16,1.499));
#1030 = DIRECTION('',(0.,0.,1.));
#1031 = DIRECTION('',(-0.52052806246,0.853844562079,0.));
#1032 = ADVANCED_FACE('',(#1033),#1053,.T.);
#1033 = FACE_BOUND('',#1034,.T.);
#1034 = EDGE_LOOP('',(#1035,#1036,#1037,#1046));
#1035 = ORIENTED_EDGE('',*,*,#1012,.F.);
#1036 = ORIENTED_EDGE('',*,*,#515,.T.);
#1037 = ORIENTED_EDGE('',*,*,#1038,.T.);
#1038 = EDGE_CURVE('',#507,#1039,#1041,.T.);
#1039 = VERTEX_POINT('',#1040);
#1040 = CARTESIAN_POINT('',(15.93378490155,-26.06979055001,1.499));
#1041 = CIRCLE('',#1042,1.499);
#1042 = AXIS2_PLACEMENT_3D('',#1043,#1044,#1045);
#1043 = CARTESIAN_POINT('',(15.950327640313,-24.57088183438,1.499));
#1044 = DIRECTION('',(-0.999939103156,1.103584974168E-02,0.));
#1045 = DIRECTION('',(-1.103584974168E-02,-0.999939103156,0.));
#1046 = ORIENTED_EDGE('',*,*,#1047,.F.);
#1047 = EDGE_CURVE('',#1013,#1039,#1048,.T.);
#1048 = CIRCLE('',#1049,120.);
#1049 = AXIS2_PLACEMENT_3D('',#1050,#1051,#1052);
#1050 = CARTESIAN_POINT('',(17.258086870551,93.922901828704,1.499));
#1051 = DIRECTION('',(-0.,0.,1.));
#1052 = DIRECTION('',(-0.52052806246,-0.853844562079,-0.));
#1053 = TOROIDAL_SURFACE('',#1054,118.501,1.499);
#1054 = AXIS2_PLACEMENT_3D('',#1055,#1056,#1057);
#1055 = CARTESIAN_POINT('',(17.258086870551,93.922901828704,1.499));
#1056 = DIRECTION('',(0.,0.,1.));
#1057 = DIRECTION('',(-0.52052806246,-0.853844562079,-0.));
#1058 = ADVANCED_FACE('',(#1059),#1071,.T.);
#1059 = FACE_BOUND('',#1060,.T.);
#1060 = EDGE_LOOP('',(#1061,#1062,#1063,#1064));
#1061 = ORIENTED_EDGE('',*,*,#1038,.F.);
#1062 = ORIENTED_EDGE('',*,*,#506,.T.);
#1063 = ORIENTED_EDGE('',*,*,#712,.T.);
#1064 = ORIENTED_EDGE('',*,*,#1065,.F.);
#1065 = EDGE_CURVE('',#1039,#646,#1066,.T.);
#1066 = CIRCLE('',#1067,6.);
#1067 = AXIS2_PLACEMENT_3D('',#1068,#1069,#1070);
#1068 = CARTESIAN_POINT('',(16.,-20.07015593108,1.499));
#1069 = DIRECTION('',(-0.,0.,1.));
#1070 = DIRECTION('',(-1.103584974168E-02,-0.999939103156,-0.));
#1071 = TOROIDAL_SURFACE('',#1072,4.501,1.499);
#1072 = AXIS2_PLACEMENT_3D('',#1073,#1074,#1075);
#1073 = CARTESIAN_POINT('',(16.,-20.07015593108,1.499));
#1074 = DIRECTION('',(0.,0.,1.));
#1075 = DIRECTION('',(-1.103584974168E-02,-0.999939103156,-0.));
#1076 = ADVANCED_FACE('',(#1077),#1098,.T.);
#1077 = FACE_BOUND('',#1078,.F.);
#1078 = EDGE_LOOP('',(#1079,#1087,#1094,#1095,#1096,#1097));
#1079 = ORIENTED_EDGE('',*,*,#1080,.F.);
#1080 = EDGE_CURVE('',#1081,#564,#1083,.T.);
#1081 = VERTEX_POINT('',#1082);
#1082 = CARTESIAN_POINT('',(16.,0.,-8.5));
#1083 = LINE('',#1084,#1085);
#1084 = CARTESIAN_POINT('',(16.,0.,-8.5));
#1085 = VECTOR('',#1086,1.);
#1086 = DIRECTION('',(0.,0.,1.));
#1087 = ORIENTED_EDGE('',*,*,#1088,.F.);
#1088 = EDGE_CURVE('',#1081,#1081,#1089,.T.);
#1089 = CIRCLE('',#1090,16.);
#1090 = AXIS2_PLACEMENT_3D('',#1091,#1092,#1093);
#1091 = CARTESIAN_POINT('',(0.,0.,-8.5));
#1092 = DIRECTION('',(0.,0.,1.));
#1093 = DIRECTION('',(1.,0.,0.));
#1094 = ORIENTED_EDGE('',*,*,#1080,.T.);
#1095 = ORIENTED_EDGE('',*,*,#572,.F.);
#1096 = ORIENTED_EDGE('',*,*,#552,.F.);
#1097 = ORIENTED_EDGE('',*,*,#563,.F.);
#1098 = CYLINDRICAL_SURFACE('',#1099,16.);
#1099 = AXIS2_PLACEMENT_3D('',#1100,#1101,#1102);
#1100 = CARTESIAN_POINT('',(0.,0.,-8.5));
#1101 = DIRECTION('',(-0.,-0.,-1.));
#1102 = DIRECTION('',(1.,0.,0.));
#1103 = ADVANCED_FACE('',(#1104),#1115,.T.);
#1104 = FACE_BOUND('',#1105,.F.);
#1105 = EDGE_LOOP('',(#1106,#1112,#1113,#1114));
#1106 = ORIENTED_EDGE('',*,*,#1107,.T.);
#1107 = EDGE_CURVE('',#1039,#827,#1108,.T.);
#1108 = LINE('',#1109,#1110);
#1109 = CARTESIAN_POINT('',(15.93378490155,-26.06979055001,0.));
#1110 = VECTOR('',#1111,1.);
#1111 = DIRECTION('',(0.,0.,1.));
#1112 = ORIENTED_EDGE('',*,*,#837,.T.);
#1113 = ORIENTED_EDGE('',*,*,#645,.F.);
#1114 = ORIENTED_EDGE('',*,*,#1065,.F.);
#1115 = CYLINDRICAL_SURFACE('',#1116,6.);
#1116 = AXIS2_PLACEMENT_3D('',#1117,#1118,#1119);
#1117 = CARTESIAN_POINT('',(16.,-20.07015593108,0.));
#1118 = DIRECTION('',(-0.,-0.,-1.));
#1119 = DIRECTION('',(1.,0.,0.));
#1120 = ADVANCED_FACE('',(#1121),#1142,.T.);
#1121 = FACE_BOUND('',#1122,.T.);
#1122 = EDGE_LOOP('',(#1123,#1131,#1138,#1139,#1140,#1141));
#1123 = ORIENTED_EDGE('',*,*,#1124,.F.);
#1124 = EDGE_CURVE('',#1125,#681,#1127,.T.);
#1125 = VERTEX_POINT('',#1126);
#1126 = CARTESIAN_POINT('',(49.709292143521,1.388846698006E-15,
    6.254809471617));
#1127 = LINE('',#1128,#1129);
#1128 = CARTESIAN_POINT('',(49.709292143521,1.388846698006E-15,
    6.254809471617));
#1129 = VECTOR('',#1130,1.);
#1130 = DIRECTION('',(-0.866025403784,-1.110223024625E-16,-0.5));
#1131 = ORIENTED_EDGE('',*,*,#1132,.T.);
#1132 = EDGE_CURVE('',#1125,#1125,#1133,.T.);
#1133 = CIRCLE('',#1134,4.5);
#1134 = AXIS2_PLACEMENT_3D('',#1135,#1136,#1137);
#1135 = CARTESIAN_POINT('',(47.459292143521,2.254179906879E-15,
    10.151923788647));
#1136 = DIRECTION('',(-0.866025403784,-1.110223024625E-16,-0.5));
#1137 = DIRECTION('',(0.5,-1.922962686384E-16,-0.866025403784));
#1138 = ORIENTED_EDGE('',*,*,#1124,.T.);
#1139 = ORIENTED_EDGE('',*,*,#680,.T.);
#1140 = ORIENTED_EDGE('',*,*,#733,.F.);
#1141 = ORIENTED_EDGE('',*,*,#689,.T.);
#1142 = CYLINDRICAL_SURFACE('',#1143,4.5);
#1143 = AXIS2_PLACEMENT_3D('',#1144,#1145,#1146);
#1144 = CARTESIAN_POINT('',(47.459292143521,2.254179906879E-15,
    10.151923788647));
#1145 = DIRECTION('',(-0.866025403784,-1.110223024625E-16,-0.5));
#1146 = DIRECTION('',(0.5,-1.922962686384E-16,-0.866025403784));
#1147 = ADVANCED_FACE('',(#1148),#1159,.T.);
#1148 = FACE_BOUND('',#1149,.F.);
#1149 = EDGE_LOOP('',(#1150,#1151,#1152,#1158));
#1150 = ORIENTED_EDGE('',*,*,#943,.T.);
#1151 = ORIENTED_EDGE('',*,*,#785,.T.);
#1152 = ORIENTED_EDGE('',*,*,#1153,.F.);
#1153 = EDGE_CURVE('',#987,#777,#1154,.T.);
#1154 = LINE('',#1155,#1156);
#1155 = CARTESIAN_POINT('',(-45.20528062459,8.538445620791,0.));
#1156 = VECTOR('',#1157,1.);
#1157 = DIRECTION('',(0.,0.,1.));
#1158 = ORIENTED_EDGE('',*,*,#995,.F.);
#1159 = CYLINDRICAL_SURFACE('',#1160,120.);
#1160 = AXIS2_PLACEMENT_3D('',#1161,#1162,#1163);
#1161 = CARTESIAN_POINT('',(17.258086870551,-93.9229018287,0.));
#1162 = DIRECTION('',(-0.,-0.,-1.));
#1163 = DIRECTION('',(1.,0.,0.));
#1164 = ADVANCED_FACE('',(#1165),#1176,.T.);
#1165 = FACE_BOUND('',#1166,.F.);
#1166 = EDGE_LOOP('',(#1167,#1168,#1169,#1175));
#1167 = ORIENTED_EDGE('',*,*,#1153,.T.);
#1168 = ORIENTED_EDGE('',*,*,#811,.T.);
#1169 = ORIENTED_EDGE('',*,*,#1170,.F.);
#1170 = EDGE_CURVE('',#1013,#803,#1171,.T.);
#1171 = LINE('',#1172,#1173);
#1172 = CARTESIAN_POINT('',(-45.20528062459,-8.538445620791,0.));
#1173 = VECTOR('',#1174,1.);
#1174 = DIRECTION('',(0.,0.,1.));
#1175 = ORIENTED_EDGE('',*,*,#1021,.F.);
#1176 = CYLINDRICAL_SURFACE('',#1177,10.);
#1177 = AXIS2_PLACEMENT_3D('',#1178,#1179,#1180);
#1178 = CARTESIAN_POINT('',(-40.,-8.3E-16,0.));
#1179 = DIRECTION('',(-0.,-0.,-1.));
#1180 = DIRECTION('',(1.,0.,0.));
#1181 = ADVANCED_FACE('',(#1182),#1188,.T.);
#1182 = FACE_BOUND('',#1183,.F.);
#1183 = EDGE_LOOP('',(#1184,#1185,#1186,#1187));
#1184 = ORIENTED_EDGE('',*,*,#1170,.T.);
#1185 = ORIENTED_EDGE('',*,*,#855,.T.);
#1186 = ORIENTED_EDGE('',*,*,#1107,.F.);
#1187 = ORIENTED_EDGE('',*,*,#1047,.F.);
#1188 = CYLINDRICAL_SURFACE('',#1189,120.);
#1189 = AXIS2_PLACEMENT_3D('',#1190,#1191,#1192);
#1190 = CARTESIAN_POINT('',(17.258086870551,93.922901828704,0.));
#1191 = DIRECTION('',(-0.,-0.,-1.));
#1192 = DIRECTION('',(1.,0.,0.));
#1193 = ADVANCED_FACE('',(#1194),#1289,.F.);
#1194 = FACE_BOUND('',#1195,.F.);
#1195 = EDGE_LOOP('',(#1196,#1197,#1205,#1224,#1243,#1251,#1258,#1259,
    #1288));
#1196 = ORIENTED_EDGE('',*,*,#924,.F.);
#1197 = ORIENTED_EDGE('',*,*,#1198,.T.);
#1198 = EDGE_CURVE('',#925,#1199,#1201,.T.);
#1199 = VERTEX_POINT('',#1200);
#1200 = CARTESIAN_POINT('',(10.,0.,7.660254037844));
#1201 = LINE('',#1202,#1203);
#1202 = CARTESIAN_POINT('',(10.,0.,134.41176684375));
#1203 = VECTOR('',#1204,1.);
#1204 = DIRECTION('',(-0.,-0.,-1.));
#1205 = ORIENTED_EDGE('',*,*,#1206,.F.);
#1206 = EDGE_CURVE('',#1207,#1199,#1209,.T.);
#1207 = VERTEX_POINT('',#1208);
#1208 = CARTESIAN_POINT('',(9.797958971133,2.,5.660254037844));
#1209 = B_SPLINE_CURVE_WITH_KNOTS('',7,(#1210,#1211,#1212,#1213,#1214,
    #1215,#1216,#1217,#1218,#1219,#1220,#1221,#1222,#1223),
  .UNSPECIFIED.,.F.,.F.,(8,6,8),(0.,0.528244712265,1.),.UNSPECIFIED.);
#1210 = CARTESIAN_POINT('',(9.797958971133,2.,5.660254037844));
#1211 = CARTESIAN_POINT('',(9.797958971133,2.,5.867982427904));
#1212 = CARTESIAN_POINT('',(9.803096917664,1.974829103707,6.075501938571
    ));
#1213 = CARTESIAN_POINT('',(9.813355346736,1.924574315349,6.280884761372
    ));
#1214 = CARTESIAN_POINT('',(9.8284086456,1.848746954868,6.482031441227)
  );
#1215 = CARTESIAN_POINT('',(9.84760082235,1.746453457791,6.676364149087)
  );
#1216 = CARTESIAN_POINT('',(9.86977626158,1.616545535896,6.8604475854));
#1217 = CARTESIAN_POINT('',(9.914024392986,1.316290223594,7.180187017485
    ));
#1218 = CARTESIAN_POINT('',(9.936368455075,1.148263995841,7.322632062966
    ));
#1219 = CARTESIAN_POINT('',(9.958485855701,0.954529046087,7.448383737907
    ));
#1220 = CARTESIAN_POINT('',(9.978010773963,0.737856422687,7.550301118626
    ));
#1221 = CARTESIAN_POINT('',(9.992444216603,0.502638885351,7.622476673629
    ));
#1222 = CARTESIAN_POINT('',(10.,0.254483432805,7.660254037844));
#1223 = CARTESIAN_POINT('',(10.,7.354648785761E-16,7.660254037844));
#1224 = ORIENTED_EDGE('',*,*,#1225,.F.);
#1225 = EDGE_CURVE('',#1226,#1207,#1228,.T.);
#1226 = VERTEX_POINT('',#1227);
#1227 = CARTESIAN_POINT('',(10.,0.,3.660254037843));
#1228 = B_SPLINE_CURVE_WITH_KNOTS('',7,(#1229,#1230,#1231,#1232,#1233,
    #1234,#1235,#1236,#1237,#1238,#1239,#1240,#1241,#1242),
  .UNSPECIFIED.,.F.,.F.,(8,6,8),(0.,0.451811632,1.),.UNSPECIFIED.);
#1229 = CARTESIAN_POINT('',(10.,1.451977317861E-15,3.660254037844));
#1230 = CARTESIAN_POINT('',(10.,0.243357890071,3.660254037844));
#1231 = CARTESIAN_POINT('',(9.993090447856,0.481264179118,3.694800559803
    ));
#1232 = CARTESIAN_POINT('',(9.979829995286,0.707764525023,3.761109394764
    ));
#1233 = CARTESIAN_POINT('',(9.96173612798,0.917699174977,3.855169995075)
  );
#1234 = CARTESIAN_POINT('',(9.940984712884,1.106936962585,3.971783028662
    ));
#1235 = CARTESIAN_POINT('',(9.919704572567,1.272746110684,4.104573023782
    ));
#1236 = CARTESIAN_POINT('',(9.87497434757,1.585857685663,4.417684598761)
  );
#1237 = CARTESIAN_POINT('',(9.851363035888,1.726335506925,4.606770403427
    ));
#1238 = CARTESIAN_POINT('',(9.830772424659,1.836825672725,4.80749087657)
  );
#1239 = CARTESIAN_POINT('',(9.814564866888,1.918649448437,5.01587860645)
  );
#1240 = CARTESIAN_POINT('',(9.803501126057,1.97284876019,5.229002154748)
  );
#1241 = CARTESIAN_POINT('',(9.797958971133,2.,5.44450807312));
#1242 = CARTESIAN_POINT('',(9.797958971133,2.,5.660254037844));
#1243 = ORIENTED_EDGE('',*,*,#1244,.T.);
#1244 = EDGE_CURVE('',#1226,#1245,#1247,.T.);
#1245 = VERTEX_POINT('',#1246);
#1246 = CARTESIAN_POINT('',(10.,0.,-8.5));
#1247 = LINE('',#1248,#1249);
#1248 = CARTESIAN_POINT('',(10.,0.,134.41176684375));
#1249 = VECTOR('',#1250,1.);
#1250 = DIRECTION('',(-0.,-0.,-1.));
#1251 = ORIENTED_EDGE('',*,*,#1252,.T.);
#1252 = EDGE_CURVE('',#1245,#1245,#1253,.T.);
#1253 = CIRCLE('',#1254,10.);
#1254 = AXIS2_PLACEMENT_3D('',#1255,#1256,#1257);
#1255 = CARTESIAN_POINT('',(0.,0.,-8.5));
#1256 = DIRECTION('',(0.,0.,1.));
#1257 = DIRECTION('',(1.,0.,0.));
#1258 = ORIENTED_EDGE('',*,*,#1244,.F.);
#1259 = ORIENTED_EDGE('',*,*,#1260,.F.);
#1260 = EDGE_CURVE('',#1199,#1226,#1261,.T.);
#1261 = B_SPLINE_CURVE_WITH_KNOTS('',7,(#1262,#1263,#1264,#1265,#1266,
    #1267,#1268,#1269,#1270,#1271,#1272,#1273,#1274,#1275,#1276,#1277,
    #1278,#1279,#1280,#1281,#1282,#1283,#1284,#1285,#1286,#1287),
  .UNSPECIFIED.,.F.,.F.,(8,6,6,6,8),(0.,0.235928764715,0.500047704004,
    0.764166272484,1.),.UNSPECIFIED.);
#1262 = CARTESIAN_POINT('',(10.,-4.440892098501E-16,7.660254037844));
#1263 = CARTESIAN_POINT('',(10.,-0.254546003336,7.660254037844));
#1264 = CARTESIAN_POINT('',(9.992440493916,-0.502706228292,7.62245809091
    ));
#1265 = CARTESIAN_POINT('',(9.978005990692,-0.737891923508,
    7.550277139739));
#1266 = CARTESIAN_POINT('',(9.958484931327,-0.954525156249,
    7.448374924624));
#1267 = CARTESIAN_POINT('',(9.936371757294,-1.148235217864,
    7.322648523836));
#1268 = CARTESIAN_POINT('',(9.914028440167,-1.316262760563,
    7.180216262642));
#1269 = CARTESIAN_POINT('',(9.869777097754,-1.616539861857,
    6.860453627638));
#1270 = CARTESIAN_POINT('',(9.847601009934,-1.746453640496,6.67636723509
    ));
#1271 = CARTESIAN_POINT('',(9.828407952825,-1.848750291198,
    6.482027218474));
#1272 = CARTESIAN_POINT('',(9.813354925801,-1.924576384772,
    6.280877331148));
#1273 = CARTESIAN_POINT('',(9.803096937493,-1.974829009207,6.0754974016)
  );
#1274 = CARTESIAN_POINT('',(9.797958971133,-2.,5.867982719544));
#1275 = CARTESIAN_POINT('',(9.797958971133,-2.,5.452525647785));
#1276 = CARTESIAN_POINT('',(9.803096917664,-1.974829103707,
    5.245006137117));
#1277 = CARTESIAN_POINT('',(9.813355346736,-1.924574315349,
    5.039623314317));
#1278 = CARTESIAN_POINT('',(9.8284086456,-1.848746954868,4.838476634461)
  );
#1279 = CARTESIAN_POINT('',(9.84760082235,-1.746453457791,4.644143926602
    ));
#1280 = CARTESIAN_POINT('',(9.86977626158,-1.616545535896,4.460060490289
    ));
#1281 = CARTESIAN_POINT('',(9.91402080585,-1.316314564886,4.140346979047
    ));
#1282 = CARTESIAN_POINT('',(9.93636669297,-1.148281559298,3.997882173502
    ));
#1283 = CARTESIAN_POINT('',(9.958488386986,-0.954517784957,
    3.872108127281));
#1284 = CARTESIAN_POINT('',(9.978015432928,-0.737812749609,
    3.770183842578));
#1285 = CARTESIAN_POINT('',(9.99244704025,-0.502578544952,3.698017228472
    ));
#1286 = CARTESIAN_POINT('',(10.,-0.254435703372,3.660254037844));
#1287 = CARTESIAN_POINT('',(10.,2.22044604925E-16,3.660254037844));
#1288 = ORIENTED_EDGE('',*,*,#1198,.F.);
#1289 = CYLINDRICAL_SURFACE('',#1290,10.);
#1290 = AXIS2_PLACEMENT_3D('',#1291,#1292,#1293);
#1291 = CARTESIAN_POINT('',(0.,0.,134.41176684375));
#1292 = DIRECTION('',(0.,0.,1.));
#1293 = DIRECTION('',(1.,0.,0.));
#1294 = ADVANCED_FACE('',(#1295,#1298),#1301,.F.);
#1295 = FACE_BOUND('',#1296,.F.);
#1296 = EDGE_LOOP('',(#1297));
#1297 = ORIENTED_EDGE('',*,*,#1088,.T.);
#1298 = FACE_BOUND('',#1299,.F.);
#1299 = EDGE_LOOP('',(#1300));
#1300 = ORIENTED_EDGE('',*,*,#1252,.F.);
#1301 = PLANE('',#1302);
#1302 = AXIS2_PLACEMENT_3D('',#1303,#1304,#1305);
#1303 = CARTESIAN_POINT('',(-1.03E-15,1.4E-15,-8.5));
#1304 = DIRECTION('',(0.,0.,1.));
#1305 = DIRECTION('',(1.,0.,0.));
#1306 = ADVANCED_FACE('',(#1307),#1326,.T.);
#1307 = FACE_BOUND('',#1308,.T.);
#1308 = EDGE_LOOP('',(#1309,#1318,#1324,#1325));
#1309 = ORIENTED_EDGE('',*,*,#1310,.T.);
#1310 = EDGE_CURVE('',#1311,#1311,#1313,.T.);
#1311 = VERTEX_POINT('',#1312);
#1312 = CARTESIAN_POINT('',(54.490381056767,1.104387816391E-15,
    4.973720558371));
#1313 = CIRCLE('',#1314,8.);
#1314 = AXIS2_PLACEMENT_3D('',#1315,#1316,#1317);
#1315 = CARTESIAN_POINT('',(50.490381056767,2.642757965498E-15,
    11.901923788647));
#1316 = DIRECTION('',(-0.866025403784,-1.110223024625E-16,-0.5));
#1317 = DIRECTION('',(0.5,-1.922962686384E-16,-0.866025403784));
#1318 = ORIENTED_EDGE('',*,*,#1319,.T.);
#1319 = EDGE_CURVE('',#1311,#1125,#1320,.T.);
#1320 = LINE('',#1321,#1322);
#1321 = CARTESIAN_POINT('',(54.490381056767,1.104387816391E-15,
    4.973720558371));
#1322 = VECTOR('',#1323,1.);
#1323 = DIRECTION('',(-0.965925826289,5.746937261686E-17,0.258819045103)
  );
#1324 = ORIENTED_EDGE('',*,*,#1132,.F.);
#1325 = ORIENTED_EDGE('',*,*,#1319,.F.);
#1326 = CONICAL_SURFACE('',#1327,8.,0.785398163397);
#1327 = AXIS2_PLACEMENT_3D('',#1328,#1329,#1330);
#1328 = CARTESIAN_POINT('',(50.490381056767,2.642757965498E-15,
    11.901923788647));
#1329 = DIRECTION('',(0.866025403784,1.110223024625E-16,0.5));
#1330 = DIRECTION('',(0.5,-1.922962686384E-16,-0.866025403784));
#1331 = ADVANCED_FACE('',(#1332),#1353,.F.);
#1332 = FACE_BOUND('',#1333,.F.);
#1333 = EDGE_LOOP('',(#1334,#1335,#1343,#1350,#1351,#1352));
#1334 = ORIENTED_EDGE('',*,*,#1225,.T.);
#1335 = ORIENTED_EDGE('',*,*,#1336,.T.);
#1336 = EDGE_CURVE('',#1207,#1337,#1339,.T.);
#1337 = VERTEX_POINT('',#1338);
#1338 = CARTESIAN_POINT('',(37.,2.,5.660254037844));
#1339 = LINE('',#1340,#1341);
#1340 = CARTESIAN_POINT('',(37.,2.,5.660254037844));
#1341 = VECTOR('',#1342,1.);
#1342 = DIRECTION('',(1.,0.,0.));
#1343 = ORIENTED_EDGE('',*,*,#1344,.F.);
#1344 = EDGE_CURVE('',#1337,#1337,#1345,.T.);
#1345 = CIRCLE('',#1346,2.);
#1346 = AXIS2_PLACEMENT_3D('',#1347,#1348,#1349);
#1347 = CARTESIAN_POINT('',(37.,6.505869615023E-15,5.660254037844));
#1348 = DIRECTION('',(1.,0.,-0.));
#1349 = DIRECTION('',(0.,1.,1.590963696221E-16));
#1350 = ORIENTED_EDGE('',*,*,#1336,.F.);
#1351 = ORIENTED_EDGE('',*,*,#1206,.T.);
#1352 = ORIENTED_EDGE('',*,*,#1260,.T.);
#1353 = CYLINDRICAL_SURFACE('',#1354,2.);
#1354 = AXIS2_PLACEMENT_3D('',#1355,#1356,#1357);
#1355 = CARTESIAN_POINT('',(37.,6.505869615023E-15,5.660254037844));
#1356 = DIRECTION('',(1.,0.,0.));
#1357 = DIRECTION('',(0.,1.,1.590963696221E-16));
#1358 = ADVANCED_FACE('',(#1359),#1582,.T.);
#1359 = FACE_BOUND('',#1360,.T.);
#1360 = EDGE_LOOP('',(#1361,#1372,#1378,#1379,#1380,#1389,#1397,#1406,
    #1414,#1423,#1431,#1440,#1448,#1457,#1465,#1474,#1482,#1491,#1499,
    #1508,#1516,#1525,#1533,#1542,#1550,#1559,#1567,#1576));
#1361 = ORIENTED_EDGE('',*,*,#1362,.T.);
#1362 = EDGE_CURVE('',#1363,#1365,#1367,.T.);
#1363 = VERTEX_POINT('',#1364);
#1364 = CARTESIAN_POINT('',(54.58931244922,1.5,5.194671205592));
#1365 = VERTEX_POINT('',#1366);
#1366 = CARTESIAN_POINT('',(54.660254037844,1.126165109994E-15,
    5.071796769724));
#1367 = CIRCLE('',#1368,8.);
#1368 = AXIS2_PLACEMENT_3D('',#1369,#1370,#1371);
#1369 = CARTESIAN_POINT('',(50.660254037844,2.6645352591E-15,12.));
#1370 = DIRECTION('',(-0.866025403784,-1.110223024625E-16,-0.5));
#1371 = DIRECTION('',(0.5,-1.922962686384E-16,-0.866025403784));
#1372 = ORIENTED_EDGE('',*,*,#1373,.T.);
#1373 = EDGE_CURVE('',#1365,#1311,#1374,.T.);
#1374 = LINE('',#1375,#1376);
#1375 = CARTESIAN_POINT('',(64.88268590218,2.436655445941E-15,
    10.973720558371));
#1376 = VECTOR('',#1377,1.);
#1377 = DIRECTION('',(-0.866025403784,-1.110223024625E-16,-0.5));
#1378 = ORIENTED_EDGE('',*,*,#1310,.F.);
#1379 = ORIENTED_EDGE('',*,*,#1373,.F.);
#1380 = ORIENTED_EDGE('',*,*,#1381,.T.);
#1381 = EDGE_CURVE('',#1365,#1382,#1384,.T.);
#1382 = VERTEX_POINT('',#1383);
#1383 = CARTESIAN_POINT('',(54.58931244922,-1.5,5.194671205592));
#1384 = CIRCLE('',#1385,8.);
#1385 = AXIS2_PLACEMENT_3D('',#1386,#1387,#1388);
#1386 = CARTESIAN_POINT('',(50.660254037844,2.6645352591E-15,12.));
#1387 = DIRECTION('',(-0.866025403784,-1.110223024625E-16,-0.5));
#1388 = DIRECTION('',(0.5,-1.922962686384E-16,-0.866025403784));
#1389 = ORIENTED_EDGE('',*,*,#1390,.F.);
#1390 = EDGE_CURVE('',#1391,#1382,#1393,.T.);
#1391 = VERTEX_POINT('',#1392);
#1392 = CARTESIAN_POINT('',(64.811744313555,-1.5,11.096594994239));
#1393 = LINE('',#1394,#1395);
#1394 = CARTESIAN_POINT('',(69.311744313555,-1.5,13.694671205592));
#1395 = VECTOR('',#1396,1.);
#1396 = DIRECTION('',(-0.866025403784,-2.735702348142E-16,-0.5));
#1397 = ORIENTED_EDGE('',*,*,#1398,.T.);
#1398 = EDGE_CURVE('',#1391,#1399,#1401,.T.);
#1399 = VERTEX_POINT('',#1400);
#1400 = CARTESIAN_POINT('',(63.496734160706,-6.055328794408,
    13.374259391443));
#1401 = CIRCLE('',#1402,8.);
#1402 = AXIS2_PLACEMENT_3D('',#1403,#1404,#1405);
#1403 = CARTESIAN_POINT('',(60.88268590218,3.975025595048E-15,
    17.901923788647));
#1404 = DIRECTION('',(-0.866025403784,-1.110223024625E-16,-0.5));
#1405 = DIRECTION('',(0.5,-1.922962686384E-16,-0.866025403784));
#1406 = ORIENTED_EDGE('',*,*,#1407,.T.);
#1407 = EDGE_CURVE('',#1399,#1408,#1410,.T.);
#1408 = VERTEX_POINT('',#1409);
#1409 = CARTESIAN_POINT('',(53.27430229637,-6.055328794408,
    7.472335602796));
#1410 = LINE('',#1411,#1412);
#1411 = CARTESIAN_POINT('',(67.996734160706,-6.055328794408,
    15.972335602796));
#1412 = VECTOR('',#1413,1.);
#1413 = DIRECTION('',(-0.866025403784,-1.110223024625E-16,-0.5));
#1414 = ORIENTED_EDGE('',*,*,#1415,.T.);
#1415 = EDGE_CURVE('',#1408,#1416,#1418,.T.);
#1416 = VERTEX_POINT('',#1417);
#1417 = CARTESIAN_POINT('',(51.975264190694,-7.555328794408,
    9.722335602796));
#1418 = CIRCLE('',#1419,8.);
#1419 = AXIS2_PLACEMENT_3D('',#1420,#1421,#1422);
#1420 = CARTESIAN_POINT('',(50.660254037844,2.6645352591E-15,12.));
#1421 = DIRECTION('',(-0.866025403784,-1.110223024625E-16,-0.5));
#1422 = DIRECTION('',(0.5,-1.922962686384E-16,-0.866025403784));
#1423 = ORIENTED_EDGE('',*,*,#1424,.F.);
#1424 = EDGE_CURVE('',#1425,#1416,#1427,.T.);
#1425 = VERTEX_POINT('',#1426);
#1426 = CARTESIAN_POINT('',(62.197696055029,-7.555328794408,
    15.624259391443));
#1427 = LINE('',#1428,#1429);
#1428 = CARTESIAN_POINT('',(66.697696055029,-7.555328794408,
    18.222335602796));
#1429 = VECTOR('',#1430,1.);
#1430 = DIRECTION('',(-0.866025403784,-1.110223024625E-16,-0.5));
#1431 = ORIENTED_EDGE('',*,*,#1432,.T.);
#1432 = EDGE_CURVE('',#1425,#1433,#1435,.T.);
#1433 = VERTEX_POINT('',#1434);
#1434 = CARTESIAN_POINT('',(59.56767574933,-7.555328794408,
    20.179588185851));
#1435 = CIRCLE('',#1436,8.);
#1436 = AXIS2_PLACEMENT_3D('',#1437,#1438,#1439);
#1437 = CARTESIAN_POINT('',(60.88268590218,3.975025595048E-15,
    17.901923788647));
#1438 = DIRECTION('',(-0.866025403784,-1.110223024625E-16,-0.5));
#1439 = DIRECTION('',(0.5,-1.922962686384E-16,-0.866025403784));
#1440 = ORIENTED_EDGE('',*,*,#1441,.T.);
#1441 = EDGE_CURVE('',#1433,#1442,#1444,.T.);
#1442 = VERTEX_POINT('',#1443);
#1443 = CARTESIAN_POINT('',(49.345243884995,-7.555328794408,
    14.277664397204));
#1444 = LINE('',#1445,#1446);
#1445 = CARTESIAN_POINT('',(64.06767574933,-7.555328794408,
    22.777664397204));
#1446 = VECTOR('',#1447,1.);
#1447 = DIRECTION('',(-0.866025403784,5.551115123126E-17,-0.5));
#1448 = ORIENTED_EDGE('',*,*,#1449,.T.);
#1449 = EDGE_CURVE('',#1442,#1450,#1452,.T.);
#1450 = VERTEX_POINT('',#1451);
#1451 = CARTESIAN_POINT('',(48.046205779318,-6.055328794408,
    16.527664397204));
#1452 = CIRCLE('',#1453,8.);
#1453 = AXIS2_PLACEMENT_3D('',#1454,#1455,#1456);
#1454 = CARTESIAN_POINT('',(50.660254037844,2.6645352591E-15,12.));
#1455 = DIRECTION('',(-0.866025403784,-1.110223024625E-16,-0.5));
#1456 = DIRECTION('',(0.5,-1.922962686384E-16,-0.866025403784));
#1457 = ORIENTED_EDGE('',*,*,#1458,.F.);
#1458 = EDGE_CURVE('',#1459,#1450,#1461,.T.);
#1459 = VERTEX_POINT('',#1460);
#1460 = CARTESIAN_POINT('',(58.268637643654,-6.055328794408,
    22.429588185851));
#1461 = LINE('',#1462,#1463);
#1462 = CARTESIAN_POINT('',(62.768637643654,-6.055328794408,
    25.027664397204));
#1463 = VECTOR('',#1464,1.);
#1464 = DIRECTION('',(-0.866025403784,5.551115123126E-17,-0.5));
#1465 = ORIENTED_EDGE('',*,*,#1466,.T.);
#1466 = EDGE_CURVE('',#1459,#1467,#1469,.T.);
#1467 = VERTEX_POINT('',#1468);
#1468 = CARTESIAN_POINT('',(56.953627490804,-1.5,24.707252583055));
#1469 = CIRCLE('',#1470,8.);
#1470 = AXIS2_PLACEMENT_3D('',#1471,#1472,#1473);
#1471 = CARTESIAN_POINT('',(60.88268590218,3.975025595048E-15,
    17.901923788647));
#1472 = DIRECTION('',(-0.866025403784,-1.110223024625E-16,-0.5));
#1473 = DIRECTION('',(0.5,-1.922962686384E-16,-0.866025403784));
#1474 = ORIENTED_EDGE('',*,*,#1475,.T.);
#1475 = EDGE_CURVE('',#1467,#1476,#1478,.T.);
#1476 = VERTEX_POINT('',#1477);
#1477 = CARTESIAN_POINT('',(46.731195626469,-1.5,18.805328794408));
#1478 = LINE('',#1479,#1480);
#1479 = CARTESIAN_POINT('',(61.453627490804,-1.5,27.305328794408));
#1480 = VECTOR('',#1481,1.);
#1481 = DIRECTION('',(-0.866025403784,-5.551115123126E-17,-0.5));
#1482 = ORIENTED_EDGE('',*,*,#1483,.T.);
#1483 = EDGE_CURVE('',#1476,#1484,#1486,.T.);
#1484 = VERTEX_POINT('',#1485);
#1485 = CARTESIAN_POINT('',(46.731195626469,1.5,18.805328794408));
#1486 = CIRCLE('',#1487,8.);
#1487 = AXIS2_PLACEMENT_3D('',#1488,#1489,#1490);
#1488 = CARTESIAN_POINT('',(50.660254037844,2.6645352591E-15,12.));
#1489 = DIRECTION('',(-0.866025403784,-1.110223024625E-16,-0.5));
#1490 = DIRECTION('',(0.5,-1.922962686384E-16,-0.866025403784));
#1491 = ORIENTED_EDGE('',*,*,#1492,.F.);
#1492 = EDGE_CURVE('',#1493,#1484,#1495,.T.);
#1493 = VERTEX_POINT('',#1494);
#1494 = CARTESIAN_POINT('',(56.953627490804,1.5,24.707252583055));
#1495 = LINE('',#1496,#1497);
#1496 = CARTESIAN_POINT('',(61.453627490804,1.5,27.305328794408));
#1497 = VECTOR('',#1498,1.);
#1498 = DIRECTION('',(-0.866025403784,-5.551115123126E-17,-0.5));
#1499 = ORIENTED_EDGE('',*,*,#1500,.T.);
#1500 = EDGE_CURVE('',#1493,#1501,#1503,.T.);
#1501 = VERTEX_POINT('',#1502);
#1502 = CARTESIAN_POINT('',(58.268637643654,6.055328794408,
    22.429588185851));
#1503 = CIRCLE('',#1504,8.);
#1504 = AXIS2_PLACEMENT_3D('',#1505,#1506,#1507);
#1505 = CARTESIAN_POINT('',(60.88268590218,3.975025595048E-15,
    17.901923788647));
#1506 = DIRECTION('',(-0.866025403784,-1.110223024625E-16,-0.5));
#1507 = DIRECTION('',(0.5,-1.922962686384E-16,-0.866025403784));
#1508 = ORIENTED_EDGE('',*,*,#1509,.T.);
#1509 = EDGE_CURVE('',#1501,#1510,#1512,.T.);
#1510 = VERTEX_POINT('',#1511);
#1511 = CARTESIAN_POINT('',(48.046205779318,6.055328794408,
    16.527664397204));
#1512 = LINE('',#1513,#1514);
#1513 = CARTESIAN_POINT('',(62.768637643654,6.055328794408,
    25.027664397204));
#1514 = VECTOR('',#1515,1.);
#1515 = DIRECTION('',(-0.866025403784,-5.551115123126E-17,-0.5));
#1516 = ORIENTED_EDGE('',*,*,#1517,.T.);
#1517 = EDGE_CURVE('',#1510,#1518,#1520,.T.);
#1518 = VERTEX_POINT('',#1519);
#1519 = CARTESIAN_POINT('',(49.345243884995,7.555328794408,
    14.277664397204));
#1520 = CIRCLE('',#1521,8.);
#1521 = AXIS2_PLACEMENT_3D('',#1522,#1523,#1524);
#1522 = CARTESIAN_POINT('',(50.660254037844,2.6645352591E-15,12.));
#1523 = DIRECTION('',(-0.866025403784,-1.110223024625E-16,-0.5));
#1524 = DIRECTION('',(0.5,-1.922962686384E-16,-0.866025403784));
#1525 = ORIENTED_EDGE('',*,*,#1526,.F.);
#1526 = EDGE_CURVE('',#1527,#1518,#1529,.T.);
#1527 = VERTEX_POINT('',#1528);
#1528 = CARTESIAN_POINT('',(59.56767574933,7.555328794408,
    20.179588185851));
#1529 = LINE('',#1530,#1531);
#1530 = CARTESIAN_POINT('',(64.06767574933,7.555328794408,
    22.777664397204));
#1531 = VECTOR('',#1532,1.);
#1532 = DIRECTION('',(-0.866025403784,-5.551115123126E-17,-0.5));
#1533 = ORIENTED_EDGE('',*,*,#1534,.T.);
#1534 = EDGE_CURVE('',#1527,#1535,#1537,.T.);
#1535 = VERTEX_POINT('',#1536);
#1536 = CARTESIAN_POINT('',(62.197696055029,7.555328794408,
    15.624259391443));
#1537 = CIRCLE('',#1538,8.);
#1538 = AXIS2_PLACEMENT_3D('',#1539,#1540,#1541);
#1539 = CARTESIAN_POINT('',(60.88268590218,3.975025595048E-15,
    17.901923788647));
#1540 = DIRECTION('',(-0.866025403784,-1.110223024625E-16,-0.5));
#1541 = DIRECTION('',(0.5,-1.922962686384E-16,-0.866025403784));
#1542 = ORIENTED_EDGE('',*,*,#1543,.T.);
#1543 = EDGE_CURVE('',#1535,#1544,#1546,.T.);
#1544 = VERTEX_POINT('',#1545);
#1545 = CARTESIAN_POINT('',(51.975264190694,7.555328794408,
    9.722335602796));
#1546 = LINE('',#1547,#1548);
#1547 = CARTESIAN_POINT('',(66.697696055029,7.555328794408,
    18.222335602796));
#1548 = VECTOR('',#1549,1.);
#1549 = DIRECTION('',(-0.866025403784,-2.22044604925E-16,-0.5));
#1550 = ORIENTED_EDGE('',*,*,#1551,.T.);
#1551 = EDGE_CURVE('',#1544,#1552,#1554,.T.);
#1552 = VERTEX_POINT('',#1553);
#1553 = CARTESIAN_POINT('',(53.27430229637,6.055328794408,7.472335602796
    ));
#1554 = CIRCLE('',#1555,8.);
#1555 = AXIS2_PLACEMENT_3D('',#1556,#1557,#1558);
#1556 = CARTESIAN_POINT('',(50.660254037844,2.6645352591E-15,12.));
#1557 = DIRECTION('',(-0.866025403784,-1.110223024625E-16,-0.5));
#1558 = DIRECTION('',(0.5,-1.922962686384E-16,-0.866025403784));
#1559 = ORIENTED_EDGE('',*,*,#1560,.F.);
#1560 = EDGE_CURVE('',#1561,#1552,#1563,.T.);
#1561 = VERTEX_POINT('',#1562);
#1562 = CARTESIAN_POINT('',(63.496734160706,6.055328794408,
    13.374259391443));
#1563 = LINE('',#1564,#1565);
#1564 = CARTESIAN_POINT('',(67.996734160706,6.055328794408,
    15.972335602796));
#1565 = VECTOR('',#1566,1.);
#1566 = DIRECTION('',(-0.866025403784,-2.22044604925E-16,-0.5));
#1567 = ORIENTED_EDGE('',*,*,#1568,.T.);
#1568 = EDGE_CURVE('',#1561,#1569,#1571,.T.);
#1569 = VERTEX_POINT('',#1570);
#1570 = CARTESIAN_POINT('',(64.811744313555,1.5,11.096594994239));
#1571 = CIRCLE('',#1572,8.);
#1572 = AXIS2_PLACEMENT_3D('',#1573,#1574,#1575);
#1573 = CARTESIAN_POINT('',(60.88268590218,3.975025595048E-15,
    17.901923788647));
#1574 = DIRECTION('',(-0.866025403784,-1.110223024625E-16,-0.5));
#1575 = DIRECTION('',(0.5,-1.922962686384E-16,-0.866025403784));
#1576 = ORIENTED_EDGE('',*,*,#1577,.T.);
#1577 = EDGE_CURVE('',#1569,#1363,#1578,.T.);
#1578 = LINE('',#1579,#1580);
#1579 = CARTESIAN_POINT('',(69.311744313555,1.5,13.694671205592));
#1580 = VECTOR('',#1581,1.);
#1581 = DIRECTION('',(-0.866025403784,-2.735702348142E-16,-0.5));
#1582 = CYLINDRICAL_SURFACE('',#1583,8.);
#1583 = AXIS2_PLACEMENT_3D('',#1584,#1585,#1586);
#1584 = CARTESIAN_POINT('',(60.88268590218,3.975025595048E-15,
    17.901923788647));
#1585 = DIRECTION('',(-0.866025403784,-1.110223024625E-16,-0.5));
#1586 = DIRECTION('',(0.5,-1.922962686384E-16,-0.866025403784));
#1587 = ADVANCED_FACE('',(#1588),#1608,.F.);
#1588 = FACE_BOUND('',#1589,.F.);
#1589 = EDGE_LOOP('',(#1590,#1599,#1606,#1607));
#1590 = ORIENTED_EDGE('',*,*,#1591,.T.);
#1591 = EDGE_CURVE('',#1337,#1592,#1594,.T.);
#1592 = VERTEX_POINT('',#1593);
#1593 = CARTESIAN_POINT('',(42.,2.,7.));
#1594 = CIRCLE('',#1595,10.);
#1595 = AXIS2_PLACEMENT_3D('',#1596,#1597,#1598);
#1596 = CARTESIAN_POINT('',(37.,2.,15.660254037844));
#1597 = DIRECTION('',(0.,-1.,2.22044604925E-16));
#1598 = DIRECTION('',(1.,0.,0.));
#1599 = ORIENTED_EDGE('',*,*,#1600,.T.);
#1600 = EDGE_CURVE('',#1592,#1592,#1601,.T.);
#1601 = CIRCLE('',#1602,2.);
#1602 = AXIS2_PLACEMENT_3D('',#1603,#1604,#1605);
#1603 = CARTESIAN_POINT('',(42.,6.80335297789E-15,7.));
#1604 = DIRECTION('',(-0.866025403784,-1.110223024625E-16,-0.5));
#1605 = DIRECTION('',(0.5,-1.922962686384E-16,-0.866025403784));
#1606 = ORIENTED_EDGE('',*,*,#1591,.F.);
#1607 = ORIENTED_EDGE('',*,*,#1344,.T.);
#1608 = TOROIDAL_SURFACE('',#1609,10.,2.);
#1609 = AXIS2_PLACEMENT_3D('',#1610,#1611,#1612);
#1610 = CARTESIAN_POINT('',(37.,8.726315664274E-15,15.660254037844));
#1611 = DIRECTION('',(0.,-1.,2.22044604925E-16));
#1612 = DIRECTION('',(1.,0.,0.));
#1613 = ADVANCED_FACE('',(#1614),#1632,.T.);
#1614 = FACE_BOUND('',#1615,.T.);
#1615 = EDGE_LOOP('',(#1616,#1617,#1625,#1631));
#1616 = ORIENTED_EDGE('',*,*,#1362,.F.);
#1617 = ORIENTED_EDGE('',*,*,#1618,.T.);
#1618 = EDGE_CURVE('',#1363,#1619,#1621,.T.);
#1619 = VERTEX_POINT('',#1620);
#1620 = CARTESIAN_POINT('',(53.959987725837,5.392010793688E-15,
    6.28469360095));
#1621 = LINE('',#1622,#1623);
#1622 = CARTESIAN_POINT('',(54.58931244922,1.5,5.194671205592));
#1623 = VECTOR('',#1624,1.);
#1624 = DIRECTION('',(-0.321393804843,-0.766044443119,0.556670399226));
#1625 = ORIENTED_EDGE('',*,*,#1626,.T.);
#1626 = EDGE_CURVE('',#1619,#1382,#1627,.T.);
#1627 = LINE('',#1628,#1629);
#1628 = CARTESIAN_POINT('',(53.959987725837,5.392010793675E-15,
    6.28469360095));
#1629 = VECTOR('',#1630,1.);
#1630 = DIRECTION('',(0.321393804843,-0.766044443119,-0.556670399226));
#1631 = ORIENTED_EDGE('',*,*,#1381,.F.);
#1632 = PLANE('',#1633);
#1633 = AXIS2_PLACEMENT_3D('',#1634,#1635,#1636);
#1634 = CARTESIAN_POINT('',(54.924838566223,5.271847171887E-15,
    4.613522923676));
#1635 = DIRECTION('',(0.866025403784,-7.292114552455E-16,0.5));
#1636 = DIRECTION('',(0.5,-1.224646799147E-16,-0.866025403784));
#1637 = ADVANCED_FACE('',(#1638),#1657,.F.);
#1638 = FACE_BOUND('',#1639,.F.);
#1639 = EDGE_LOOP('',(#1640,#1649,#1650,#1651));
#1640 = ORIENTED_EDGE('',*,*,#1641,.F.);
#1641 = EDGE_CURVE('',#1569,#1642,#1644,.T.);
#1642 = VERTEX_POINT('',#1643);
#1643 = CARTESIAN_POINT('',(66.283218526195,6.130053465158E-15,
    13.399514220823));
#1644 = HYPERBOLA('',#1645,8.756357415429,5.055485310918);
#1645 = AXIS2_PLACEMENT_3D('',#1646,#1647,#1648);
#1646 = CARTESIAN_POINT('',(74.819049117029,-3.249603318811,
    21.476247548896));
#1647 = DIRECTION('',(-0.383022221559,0.642787609687,0.663413948169));
#1648 = DIRECTION('',(-0.866025403784,5.551115123126E-17,-0.5));
#1649 = ORIENTED_EDGE('',*,*,#1577,.T.);
#1650 = ORIENTED_EDGE('',*,*,#1618,.T.);
#1651 = ORIENTED_EDGE('',*,*,#1652,.F.);
#1652 = EDGE_CURVE('',#1642,#1619,#1653,.T.);
#1653 = LINE('',#1654,#1655);
#1654 = CARTESIAN_POINT('',(68.682419590172,1.004270478553E-14,
    14.78469360095));
#1655 = VECTOR('',#1656,1.);
#1656 = DIRECTION('',(-0.866025403784,-2.735702348142E-16,-0.5));
#1657 = PLANE('',#1658);
#1658 = AXIS2_PLACEMENT_3D('',#1659,#1660,#1661);
#1659 = CARTESIAN_POINT('',(69.311744313555,1.5,13.694671205592));
#1660 = DIRECTION('',(-0.383022221559,0.642787609687,0.663413948169));
#1661 = DIRECTION('',(-0.321393804843,-0.766044443119,0.556670399226));
#1662 = ADVANCED_FACE('',(#1663),#1775,.T.);
#1663 = FACE_BOUND('',#1664,.T.);
#1664 = EDGE_LOOP('',(#1665,#1674,#1680,#1681,#1682,#1691,#1698,#1699,
    #1708,#1715,#1716,#1725,#1732,#1733,#1742,#1749,#1750,#1759,#1766,
    #1767,#1774));
#1665 = ORIENTED_EDGE('',*,*,#1666,.T.);
#1666 = EDGE_CURVE('',#1667,#1667,#1669,.T.);
#1667 = VERTEX_POINT('',#1668);
#1668 = CARTESIAN_POINT('',(67.88268590218,3.590433057771E-15,
    16.169872981078));
#1669 = CIRCLE('',#1670,5.);
#1670 = AXIS2_PLACEMENT_3D('',#1671,#1672,#1673);
#1671 = CARTESIAN_POINT('',(65.38268590218,4.551914400963E-15,20.5));
#1672 = DIRECTION('',(-0.866025403784,-1.110223024625E-16,-0.5));
#1673 = DIRECTION('',(0.5,-1.922962686384E-16,-0.866025403784));
#1674 = ORIENTED_EDGE('',*,*,#1675,.T.);
#1675 = EDGE_CURVE('',#1667,#1642,#1676,.T.);
#1676 = LINE('',#1677,#1678);
#1677 = CARTESIAN_POINT('',(67.88268590218,3.590433057771E-15,
    16.169872981078));
#1678 = VECTOR('',#1679,1.);
#1679 = DIRECTION('',(-0.5,-1.922962686384E-16,-0.866025403784));
#1680 = ORIENTED_EDGE('',*,*,#1641,.F.);
#1681 = ORIENTED_EDGE('',*,*,#1568,.F.);
#1682 = ORIENTED_EDGE('',*,*,#1683,.F.);
#1683 = EDGE_CURVE('',#1684,#1561,#1686,.T.);
#1684 = VERTEX_POINT('',#1685);
#1685 = CARTESIAN_POINT('',(64.633351682199,5.71530639905,
    16.257167420348));
#1686 = HYPERBOLA('',#1687,8.756357415429,5.055485310918);
#1687 = AXIS2_PLACEMENT_3D('',#1688,#1689,#1690);
#1688 = CARTESIAN_POINT('',(72.443747996448,4.978681129432,
    25.590389773017));
#1689 = DIRECTION('',(8.682408883347E-02,-0.984807753012,-0.15038373318)
  );
#1690 = DIRECTION('',(-0.866025403784,-2.498001805407E-16,-0.5));
#1691 = ORIENTED_EDGE('',*,*,#1692,.F.);
#1692 = EDGE_CURVE('',#1535,#1684,#1693,.T.);
#1693 = HYPERBOLA('',#1694,8.756357415429,5.055485310918);
#1694 = AXIS2_PLACEMENT_3D('',#1695,#1696,#1697);
#1695 = CARTESIAN_POINT('',(75.257987022761,1.729077810621,
    20.715984794801));
#1696 = DIRECTION('',(-0.469846310393,-0.342020143326,0.813797681349));
#1697 = DIRECTION('',(-0.866025403784,-2.22044604925E-16,-0.5));
#1698 = ORIENTED_EDGE('',*,*,#1534,.F.);
#1699 = ORIENTED_EDGE('',*,*,#1700,.F.);
#1700 = EDGE_CURVE('',#1701,#1527,#1703,.T.);
#1701 = VERTEX_POINT('',#1702);
#1702 = CARTESIAN_POINT('',(61.333617994206,5.71530639905,
    21.972473819397));
#1703 = HYPERBOLA('',#1704,8.756357415429,5.055485310918);
#1704 = AXIS2_PLACEMENT_3D('',#1705,#1706,#1707);
#1705 = CARTESIAN_POINT('',(70.507384781599,1.729077810621,
    28.944269243043));
#1706 = DIRECTION('',(0.469846310393,-0.342020143326,-0.813797681349));
#1707 = DIRECTION('',(-0.866025403784,-8.326672684689E-17,-0.5));
#1708 = ORIENTED_EDGE('',*,*,#1709,.F.);
#1709 = EDGE_CURVE('',#1501,#1701,#1710,.T.);
#1710 = HYPERBOLA('',#1711,8.756357415429,5.055485310918);
#1711 = AXIS2_PLACEMENT_3D('',#1712,#1713,#1714);
#1712 = CARTESIAN_POINT('',(73.321623807911,4.978681129432,
    24.069864264827));
#1713 = DIRECTION('',(-8.682408883347E-02,-0.984807753012,0.15038373318)
  );
#1714 = DIRECTION('',(-0.866025403784,-1.52655665886E-16,-0.5));
#1715 = ORIENTED_EDGE('',*,*,#1500,.F.);
#1716 = ORIENTED_EDGE('',*,*,#1717,.F.);
#1717 = EDGE_CURVE('',#1718,#1493,#1720,.T.);
#1718 = VERTEX_POINT('',#1719);
#1719 = CARTESIAN_POINT('',(59.68375115021,8.597218039314E-15,
    24.830127018922));
#1720 = HYPERBOLA('',#1721,8.756357415429,5.055485310918);
#1721 = AXIS2_PLACEMENT_3D('',#1722,#1723,#1724);
#1722 = CARTESIAN_POINT('',(70.946322687331,-3.249603318811,
    28.184006488948));
#1723 = DIRECTION('',(0.383022221559,0.642787609687,-0.663413948169));
#1724 = DIRECTION('',(-0.866025403784,-1.110223024625E-16,-0.5));
#1725 = ORIENTED_EDGE('',*,*,#1726,.F.);
#1726 = EDGE_CURVE('',#1467,#1718,#1727,.T.);
#1727 = HYPERBOLA('',#1728,8.756357415429,5.055485310918);
#1728 = AXIS2_PLACEMENT_3D('',#1729,#1730,#1731);
#1729 = CARTESIAN_POINT('',(70.946322687331,3.249603318811,
    28.184006488948));
#1730 = DIRECTION('',(0.383022221559,-0.642787609687,-0.663413948169));
#1731 = DIRECTION('',(-0.866025403784,0.,-0.5));
#1732 = ORIENTED_EDGE('',*,*,#1466,.F.);
#1733 = ORIENTED_EDGE('',*,*,#1734,.F.);
#1734 = EDGE_CURVE('',#1735,#1459,#1737,.T.);
#1735 = VERTEX_POINT('',#1736);
#1736 = CARTESIAN_POINT('',(61.333617994206,-5.71530639905,
    21.972473819397));
#1737 = HYPERBOLA('',#1738,8.756357415429,5.055485310918);
#1738 = AXIS2_PLACEMENT_3D('',#1739,#1740,#1741);
#1739 = CARTESIAN_POINT('',(73.321623807911,-4.978681129432,
    24.069864264827));
#1740 = DIRECTION('',(-8.682408883347E-02,0.984807753012,0.15038373318)
  );
#1741 = DIRECTION('',(-0.866025403784,-8.326672684689E-17,-0.5));
#1742 = ORIENTED_EDGE('',*,*,#1743,.F.);
#1743 = EDGE_CURVE('',#1433,#1735,#1744,.T.);
#1744 = HYPERBOLA('',#1745,8.756357415429,5.055485310918);
#1745 = AXIS2_PLACEMENT_3D('',#1746,#1747,#1748);
#1746 = CARTESIAN_POINT('',(70.507384781599,-1.729077810621,
    28.944269243043));
#1747 = DIRECTION('',(0.469846310393,0.342020143326,-0.813797681349));
#1748 = DIRECTION('',(-0.866025403784,-1.665334536938E-16,-0.5));
#1749 = ORIENTED_EDGE('',*,*,#1432,.F.);
#1750 = ORIENTED_EDGE('',*,*,#1751,.F.);
#1751 = EDGE_CURVE('',#1752,#1425,#1754,.T.);
#1752 = VERTEX_POINT('',#1753);
#1753 = CARTESIAN_POINT('',(64.633351682199,-5.71530639905,
    16.257167420348));
#1754 = HYPERBOLA('',#1755,8.756357415429,5.055485310918);
#1755 = AXIS2_PLACEMENT_3D('',#1756,#1757,#1758);
#1756 = CARTESIAN_POINT('',(75.257987022761,-1.729077810621,
    20.715984794801));
#1757 = DIRECTION('',(-0.469846310393,0.342020143326,0.813797681349));
#1758 = DIRECTION('',(-0.866025403784,0.,-0.5));
#1759 = ORIENTED_EDGE('',*,*,#1760,.F.);
#1760 = EDGE_CURVE('',#1399,#1752,#1761,.T.);
#1761 = HYPERBOLA('',#1762,8.756357415429,5.055485310918);
#1762 = AXIS2_PLACEMENT_3D('',#1763,#1764,#1765);
#1763 = CARTESIAN_POINT('',(72.443747996448,-4.978681129432,
    25.590389773017));
#1764 = DIRECTION('',(8.682408883347E-02,0.984807753012,-0.15038373318)
  );
#1765 = DIRECTION('',(-0.866025403784,-2.498001805407E-16,-0.5));
#1766 = ORIENTED_EDGE('',*,*,#1398,.F.);
#1767 = ORIENTED_EDGE('',*,*,#1768,.F.);
#1768 = EDGE_CURVE('',#1642,#1391,#1769,.T.);
#1769 = HYPERBOLA('',#1770,8.756357415429,5.055485310918);
#1770 = AXIS2_PLACEMENT_3D('',#1771,#1772,#1773);
#1771 = CARTESIAN_POINT('',(74.819049117029,3.249603318811,
    21.476247548896));
#1772 = DIRECTION('',(-0.383022221559,-0.642787609687,0.663413948169));
#1773 = DIRECTION('',(-0.866025403784,-2.22044604925E-16,-0.5));
#1774 = ORIENTED_EDGE('',*,*,#1675,.F.);
#1775 = CONICAL_SURFACE('',#1776,5.,0.523598775598);
#1776 = AXIS2_PLACEMENT_3D('',#1777,#1778,#1779);
#1777 = CARTESIAN_POINT('',(65.38268590218,4.551914400963E-15,20.5));
#1778 = DIRECTION('',(-0.866025403784,-1.110223024625E-16,-0.5));
#1779 = DIRECTION('',(0.5,-1.922962686384E-16,-0.866025403784));
#1780 = ADVANCED_FACE('',(#1781),#1799,.F.);
#1781 = FACE_BOUND('',#1782,.F.);
#1782 = EDGE_LOOP('',(#1783,#1784,#1792,#1798));
#1783 = ORIENTED_EDGE('',*,*,#1683,.F.);
#1784 = ORIENTED_EDGE('',*,*,#1785,.T.);
#1785 = EDGE_CURVE('',#1684,#1786,#1788,.T.);
#1786 = VERTEX_POINT('',#1787);
#1787 = CARTESIAN_POINT('',(52.310120881841,5.71530639905,9.142346800475
    ));
#1788 = LINE('',#1789,#1790);
#1789 = CARTESIAN_POINT('',(67.032552746176,5.71530639905,
    17.642346800475));
#1790 = VECTOR('',#1791,1.);
#1791 = DIRECTION('',(-0.866025403784,-2.22044604925E-16,-0.5));
#1792 = ORIENTED_EDGE('',*,*,#1793,.T.);
#1793 = EDGE_CURVE('',#1786,#1552,#1794,.T.);
#1794 = LINE('',#1795,#1796);
#1795 = CARTESIAN_POINT('',(52.310120881841,5.71530639905,9.142346800475
    ));
#1796 = VECTOR('',#1797,1.);
#1797 = DIRECTION('',(0.492403876506,0.173648177667,-0.852868531952));
#1798 = ORIENTED_EDGE('',*,*,#1560,.F.);
#1799 = PLANE('',#1800);
#1800 = AXIS2_PLACEMENT_3D('',#1801,#1802,#1803);
#1801 = CARTESIAN_POINT('',(67.032552746176,5.71530639905,
    17.642346800475));
#1802 = DIRECTION('',(8.682408883347E-02,-0.984807753012,-0.15038373318)
  );
#1803 = DIRECTION('',(0.492403876506,0.173648177667,-0.852868531952));
#1804 = ADVANCED_FACE('',(#1805),#1815,.T.);
#1805 = FACE_BOUND('',#1806,.T.);
#1806 = EDGE_LOOP('',(#1807,#1808,#1814));
#1807 = ORIENTED_EDGE('',*,*,#1551,.F.);
#1808 = ORIENTED_EDGE('',*,*,#1809,.T.);
#1809 = EDGE_CURVE('',#1544,#1786,#1810,.T.);
#1810 = LINE('',#1811,#1812);
#1811 = CARTESIAN_POINT('',(51.975264190694,7.555328794408,
    9.722335602796));
#1812 = VECTOR('',#1813,1.);
#1813 = DIRECTION('',(0.171010071663,-0.939692620786,-0.296198132726));
#1814 = ORIENTED_EDGE('',*,*,#1793,.T.);
#1815 = PLANE('',#1816);
#1816 = AXIS2_PLACEMENT_3D('',#1817,#1818,#1819);
#1817 = CARTESIAN_POINT('',(52.792546302034,7.386477076324,
    8.306761461838));
#1818 = DIRECTION('',(0.866025403784,-9.992007221626E-16,0.5));
#1819 = DIRECTION('',(0.25,0.866025403784,-0.433012701892));
#1820 = ADVANCED_FACE('',(#1821),#1827,.F.);
#1821 = FACE_BOUND('',#1822,.F.);
#1822 = EDGE_LOOP('',(#1823,#1824,#1825,#1826));
#1823 = ORIENTED_EDGE('',*,*,#1692,.F.);
#1824 = ORIENTED_EDGE('',*,*,#1543,.T.);
#1825 = ORIENTED_EDGE('',*,*,#1809,.T.);
#1826 = ORIENTED_EDGE('',*,*,#1785,.F.);
#1827 = PLANE('',#1828);
#1828 = AXIS2_PLACEMENT_3D('',#1829,#1830,#1831);
#1829 = CARTESIAN_POINT('',(66.697696055029,7.555328794408,
    18.222335602796));
#1830 = DIRECTION('',(-0.469846310393,-0.342020143326,0.813797681349));
#1831 = DIRECTION('',(0.171010071663,-0.939692620786,-0.296198132726));
#1832 = ADVANCED_FACE('',(#1833),#1851,.F.);
#1833 = FACE_BOUND('',#1834,.F.);
#1834 = EDGE_LOOP('',(#1835,#1836,#1844,#1850));
#1835 = ORIENTED_EDGE('',*,*,#1700,.F.);
#1836 = ORIENTED_EDGE('',*,*,#1837,.T.);
#1837 = EDGE_CURVE('',#1701,#1838,#1840,.T.);
#1838 = VERTEX_POINT('',#1839);
#1839 = CARTESIAN_POINT('',(49.010387193848,5.71530639905,
    14.857653199525));
#1840 = LINE('',#1841,#1842);
#1841 = CARTESIAN_POINT('',(63.732819058184,5.71530639905,
    23.357653199525));
#1842 = VECTOR('',#1843,1.);
#1843 = DIRECTION('',(-0.866025403784,-5.551115123126E-17,-0.5));
#1844 = ORIENTED_EDGE('',*,*,#1845,.T.);
#1845 = EDGE_CURVE('',#1838,#1518,#1846,.T.);
#1846 = LINE('',#1847,#1848);
#1847 = CARTESIAN_POINT('',(49.010387193848,5.71530639905,
    14.857653199525));
#1848 = VECTOR('',#1849,1.);
#1849 = DIRECTION('',(0.171010071663,0.939692620786,-0.296198132726));
#1850 = ORIENTED_EDGE('',*,*,#1526,.F.);
#1851 = PLANE('',#1852);
#1852 = AXIS2_PLACEMENT_3D('',#1853,#1854,#1855);
#1853 = CARTESIAN_POINT('',(63.732819058184,5.71530639905,
    23.357653199525));
#1854 = DIRECTION('',(0.469846310393,-0.342020143326,-0.813797681349));
#1855 = DIRECTION('',(0.171010071663,0.939692620786,-0.296198132726));
#1856 = ADVANCED_FACE('',(#1857),#1867,.T.);
#1857 = FACE_BOUND('',#1858,.T.);
#1858 = EDGE_LOOP('',(#1859,#1860,#1866));
#1859 = ORIENTED_EDGE('',*,*,#1517,.F.);
#1860 = ORIENTED_EDGE('',*,*,#1861,.T.);
#1861 = EDGE_CURVE('',#1510,#1838,#1862,.T.);
#1862 = LINE('',#1863,#1864);
#1863 = CARTESIAN_POINT('',(48.046205779318,6.055328794408,
    16.527664397204));
#1864 = VECTOR('',#1865,1.);
#1865 = DIRECTION('',(0.492403876506,-0.173648177667,-0.852868531952));
#1866 = ORIENTED_EDGE('',*,*,#1845,.T.);
#1867 = PLANE('',#1868);
#1868 = AXIS2_PLACEMENT_3D('',#1869,#1870,#1871);
#1869 = CARTESIAN_POINT('',(48.527961773655,7.386477076324,
    15.693238538162));
#1870 = DIRECTION('',(0.866025403784,-1.665334536938E-16,0.5));
#1871 = DIRECTION('',(-0.25,0.866025403784,0.433012701892));
#1872 = ADVANCED_FACE('',(#1873),#1879,.F.);
#1873 = FACE_BOUND('',#1874,.F.);
#1874 = EDGE_LOOP('',(#1875,#1876,#1877,#1878));
#1875 = ORIENTED_EDGE('',*,*,#1709,.F.);
#1876 = ORIENTED_EDGE('',*,*,#1509,.T.);
#1877 = ORIENTED_EDGE('',*,*,#1861,.T.);
#1878 = ORIENTED_EDGE('',*,*,#1837,.F.);
#1879 = PLANE('',#1880);
#1880 = AXIS2_PLACEMENT_3D('',#1881,#1882,#1883);
#1881 = CARTESIAN_POINT('',(62.768637643654,6.055328794408,
    25.027664397204));
#1882 = DIRECTION('',(-8.682408883347E-02,-0.984807753012,0.15038373318)
  );
#1883 = DIRECTION('',(0.492403876506,-0.173648177667,-0.852868531952));
#1884 = ADVANCED_FACE('',(#1885),#1903,.F.);
#1885 = FACE_BOUND('',#1886,.F.);
#1886 = EDGE_LOOP('',(#1887,#1888,#1896,#1902));
#1887 = ORIENTED_EDGE('',*,*,#1717,.F.);
#1888 = ORIENTED_EDGE('',*,*,#1889,.T.);
#1889 = EDGE_CURVE('',#1718,#1890,#1892,.T.);
#1890 = VERTEX_POINT('',#1891);
#1891 = CARTESIAN_POINT('',(47.360520349852,7.807314272488E-15,
    17.71530639905));
#1892 = LINE('',#1893,#1894);
#1893 = CARTESIAN_POINT('',(62.082952214187,8.751003843419E-15,
    26.21530639905));
#1894 = VECTOR('',#1895,1.);
#1895 = DIRECTION('',(-0.866025403784,-5.551115123126E-17,-0.5));
#1896 = ORIENTED_EDGE('',*,*,#1897,.T.);
#1897 = EDGE_CURVE('',#1890,#1484,#1898,.T.);
#1898 = LINE('',#1899,#1900);
#1899 = CARTESIAN_POINT('',(47.360520349852,7.807314272501E-15,
    17.71530639905));
#1900 = VECTOR('',#1901,1.);
#1901 = DIRECTION('',(-0.321393804843,0.766044443119,0.556670399226));
#1902 = ORIENTED_EDGE('',*,*,#1492,.F.);
#1903 = PLANE('',#1904);
#1904 = AXIS2_PLACEMENT_3D('',#1905,#1906,#1907);
#1905 = CARTESIAN_POINT('',(62.082952214187,8.751003843432E-15,
    26.21530639905));
#1906 = DIRECTION('',(0.383022221559,0.642787609687,-0.663413948169));
#1907 = DIRECTION('',(-0.321393804843,0.766044443119,0.556670399226));
#1908 = ADVANCED_FACE('',(#1909),#1919,.T.);
#1909 = FACE_BOUND('',#1910,.T.);
#1910 = EDGE_LOOP('',(#1911,#1912,#1918));
#1911 = ORIENTED_EDGE('',*,*,#1483,.F.);
#1912 = ORIENTED_EDGE('',*,*,#1913,.T.);
#1913 = EDGE_CURVE('',#1476,#1890,#1914,.T.);
#1914 = LINE('',#1915,#1916);
#1915 = CARTESIAN_POINT('',(46.731195626469,-1.5,18.805328794408));
#1916 = VECTOR('',#1917,1.);
#1917 = DIRECTION('',(0.321393804843,0.766044443119,-0.556670399226));
#1918 = ORIENTED_EDGE('',*,*,#1897,.T.);
#1919 = PLANE('',#1920);
#1920 = AXIS2_PLACEMENT_3D('',#1921,#1922,#1923);
#1921 = CARTESIAN_POINT('',(46.395669509466,7.691157595621E-15,
    19.386477076324));
#1922 = DIRECTION('',(0.866025403784,1.058292841291E-15,0.5));
#1923 = DIRECTION('',(-0.5,9.860761315263E-32,0.866025403784));
#1924 = ADVANCED_FACE('',(#1925),#1931,.F.);
#1925 = FACE_BOUND('',#1926,.F.);
#1926 = EDGE_LOOP('',(#1927,#1928,#1929,#1930));
#1927 = ORIENTED_EDGE('',*,*,#1726,.F.);
#1928 = ORIENTED_EDGE('',*,*,#1475,.T.);
#1929 = ORIENTED_EDGE('',*,*,#1913,.T.);
#1930 = ORIENTED_EDGE('',*,*,#1889,.F.);
#1931 = PLANE('',#1932);
#1932 = AXIS2_PLACEMENT_3D('',#1933,#1934,#1935);
#1933 = CARTESIAN_POINT('',(61.453627490804,-1.5,27.305328794408));
#1934 = DIRECTION('',(0.383022221559,-0.642787609687,-0.663413948169));
#1935 = DIRECTION('',(0.321393804843,0.766044443119,-0.556670399226));
#1936 = ADVANCED_FACE('',(#1937),#1955,.F.);
#1937 = FACE_BOUND('',#1938,.F.);
#1938 = EDGE_LOOP('',(#1939,#1940,#1948,#1954));
#1939 = ORIENTED_EDGE('',*,*,#1734,.F.);
#1940 = ORIENTED_EDGE('',*,*,#1941,.T.);
#1941 = EDGE_CURVE('',#1735,#1942,#1944,.T.);
#1942 = VERTEX_POINT('',#1943);
#1943 = CARTESIAN_POINT('',(49.010387193848,-5.71530639905,
    14.857653199525));
#1944 = LINE('',#1945,#1946);
#1945 = CARTESIAN_POINT('',(63.732819058184,-5.71530639905,
    23.357653199525));
#1946 = VECTOR('',#1947,1.);
#1947 = DIRECTION('',(-0.866025403784,5.551115123126E-17,-0.5));
#1948 = ORIENTED_EDGE('',*,*,#1949,.T.);
#1949 = EDGE_CURVE('',#1942,#1450,#1950,.T.);
#1950 = LINE('',#1951,#1952);
#1951 = CARTESIAN_POINT('',(49.010387193848,-5.71530639905,
    14.857653199525));
#1952 = VECTOR('',#1953,1.);
#1953 = DIRECTION('',(-0.492403876506,-0.173648177667,0.852868531952));
#1954 = ORIENTED_EDGE('',*,*,#1458,.F.);
#1955 = PLANE('',#1956);
#1956 = AXIS2_PLACEMENT_3D('',#1957,#1958,#1959);
#1957 = CARTESIAN_POINT('',(63.732819058184,-5.71530639905,
    23.357653199525));
#1958 = DIRECTION('',(-8.682408883347E-02,0.984807753012,0.15038373318)
  );
#1959 = DIRECTION('',(-0.492403876506,-0.173648177667,0.852868531952));
#1960 = ADVANCED_FACE('',(#1961),#1971,.T.);
#1961 = FACE_BOUND('',#1962,.T.);
#1962 = EDGE_LOOP('',(#1963,#1964,#1970));
#1963 = ORIENTED_EDGE('',*,*,#1449,.F.);
#1964 = ORIENTED_EDGE('',*,*,#1965,.T.);
#1965 = EDGE_CURVE('',#1442,#1942,#1966,.T.);
#1966 = LINE('',#1967,#1968);
#1967 = CARTESIAN_POINT('',(49.345243884995,-7.555328794408,
    14.277664397204));
#1968 = VECTOR('',#1969,1.);
#1969 = DIRECTION('',(-0.171010071663,0.939692620786,0.296198132726));
#1970 = ORIENTED_EDGE('',*,*,#1949,.T.);
#1971 = PLANE('',#1972);
#1972 = AXIS2_PLACEMENT_3D('',#1973,#1974,#1975);
#1973 = CARTESIAN_POINT('',(48.527961773655,-7.386477076324,
    15.693238538162));
#1974 = DIRECTION('',(0.866025403784,1.165734175856E-15,0.5));
#1975 = DIRECTION('',(-0.25,-0.866025403784,0.433012701892));
#1976 = ADVANCED_FACE('',(#1977),#1983,.F.);
#1977 = FACE_BOUND('',#1978,.F.);
#1978 = EDGE_LOOP('',(#1979,#1980,#1981,#1982));
#1979 = ORIENTED_EDGE('',*,*,#1743,.F.);
#1980 = ORIENTED_EDGE('',*,*,#1441,.T.);
#1981 = ORIENTED_EDGE('',*,*,#1965,.T.);
#1982 = ORIENTED_EDGE('',*,*,#1941,.F.);
#1983 = PLANE('',#1984);
#1984 = AXIS2_PLACEMENT_3D('',#1985,#1986,#1987);
#1985 = CARTESIAN_POINT('',(64.06767574933,-7.555328794408,
    22.777664397204));
#1986 = DIRECTION('',(0.469846310393,0.342020143326,-0.813797681349));
#1987 = DIRECTION('',(-0.171010071663,0.939692620786,0.296198132726));
#1988 = ADVANCED_FACE('',(#1989),#2007,.F.);
#1989 = FACE_BOUND('',#1990,.F.);
#1990 = EDGE_LOOP('',(#1991,#1992,#2000,#2006));
#1991 = ORIENTED_EDGE('',*,*,#1751,.F.);
#1992 = ORIENTED_EDGE('',*,*,#1993,.T.);
#1993 = EDGE_CURVE('',#1752,#1994,#1996,.T.);
#1994 = VERTEX_POINT('',#1995);
#1995 = CARTESIAN_POINT('',(52.310120881841,-5.71530639905,
    9.142346800475));
#1996 = LINE('',#1997,#1998);
#1997 = CARTESIAN_POINT('',(67.032552746176,-5.71530639905,
    17.642346800475));
#1998 = VECTOR('',#1999,1.);
#1999 = DIRECTION('',(-0.866025403784,-1.110223024625E-16,-0.5));
#2000 = ORIENTED_EDGE('',*,*,#2001,.T.);
#2001 = EDGE_CURVE('',#1994,#1416,#2002,.T.);
#2002 = LINE('',#2003,#2004);
#2003 = CARTESIAN_POINT('',(52.310120881841,-5.71530639905,
    9.142346800475));
#2004 = VECTOR('',#2005,1.);
#2005 = DIRECTION('',(-0.171010071663,-0.939692620786,0.296198132726));
#2006 = ORIENTED_EDGE('',*,*,#1424,.F.);
#2007 = PLANE('',#2008);
#2008 = AXIS2_PLACEMENT_3D('',#2009,#2010,#2011);
#2009 = CARTESIAN_POINT('',(67.032552746176,-5.71530639905,
    17.642346800475));
#2010 = DIRECTION('',(-0.469846310393,0.342020143326,0.813797681349));
#2011 = DIRECTION('',(-0.171010071663,-0.939692620786,0.296198132726));
#2012 = ADVANCED_FACE('',(#2013),#2023,.T.);
#2013 = FACE_BOUND('',#2014,.T.);
#2014 = EDGE_LOOP('',(#2015,#2016,#2022));
#2015 = ORIENTED_EDGE('',*,*,#1415,.F.);
#2016 = ORIENTED_EDGE('',*,*,#2017,.T.);
#2017 = EDGE_CURVE('',#1408,#1994,#2018,.T.);
#2018 = LINE('',#2019,#2020);
#2019 = CARTESIAN_POINT('',(53.27430229637,-6.055328794408,
    7.472335602796));
#2020 = VECTOR('',#2021,1.);
#2021 = DIRECTION('',(-0.492403876506,0.173648177667,0.852868531952));
#2022 = ORIENTED_EDGE('',*,*,#2001,.T.);
#2023 = PLANE('',#2024);
#2024 = AXIS2_PLACEMENT_3D('',#2025,#2026,#2027);
#2025 = CARTESIAN_POINT('',(52.792546302034,-7.386477076324,
    8.306761461838));
#2026 = DIRECTION('',(0.866025403784,2.22044604925E-16,0.5));
#2027 = DIRECTION('',(0.25,-0.866025403784,-0.433012701892));
#2028 = ADVANCED_FACE('',(#2029),#2035,.F.);
#2029 = FACE_BOUND('',#2030,.F.);
#2030 = EDGE_LOOP('',(#2031,#2032,#2033,#2034));
#2031 = ORIENTED_EDGE('',*,*,#1760,.F.);
#2032 = ORIENTED_EDGE('',*,*,#1407,.T.);
#2033 = ORIENTED_EDGE('',*,*,#2017,.T.);
#2034 = ORIENTED_EDGE('',*,*,#1993,.F.);
#2035 = PLANE('',#2036);
#2036 = AXIS2_PLACEMENT_3D('',#2037,#2038,#2039);
#2037 = CARTESIAN_POINT('',(67.996734160706,-6.055328794408,
    15.972335602796));
#2038 = DIRECTION('',(8.682408883347E-02,0.984807753012,-0.15038373318)
  );
#2039 = DIRECTION('',(-0.492403876506,0.173648177667,0.852868531952));
#2040 = ADVANCED_FACE('',(#2041),#2047,.F.);
#2041 = FACE_BOUND('',#2042,.F.);
#2042 = EDGE_LOOP('',(#2043,#2044,#2045,#2046));
#2043 = ORIENTED_EDGE('',*,*,#1768,.F.);
#2044 = ORIENTED_EDGE('',*,*,#1652,.T.);
#2045 = ORIENTED_EDGE('',*,*,#1626,.T.);
#2046 = ORIENTED_EDGE('',*,*,#1390,.F.);
#2047 = PLANE('',#2048);
#2048 = AXIS2_PLACEMENT_3D('',#2049,#2050,#2051);
#2049 = CARTESIAN_POINT('',(68.682419590172,1.004270478552E-14,
    14.78469360095));
#2050 = DIRECTION('',(-0.383022221559,-0.642787609687,0.663413948169));
#2051 = DIRECTION('',(0.321393804843,-0.766044443119,-0.556670399226));
#2052 = ADVANCED_FACE('',(#2053),#2072,.F.);
#2053 = FACE_BOUND('',#2054,.F.);
#2054 = EDGE_LOOP('',(#2055,#2063,#2070,#2071));
#2055 = ORIENTED_EDGE('',*,*,#2056,.T.);
#2056 = EDGE_CURVE('',#1592,#2057,#2059,.T.);
#2057 = VERTEX_POINT('',#2058);
#2058 = CARTESIAN_POINT('',(65.38268590218,2.,20.5));
#2059 = LINE('',#2060,#2061);
#2060 = CARTESIAN_POINT('',(42.,2.,7.));
#2061 = VECTOR('',#2062,1.);
#2062 = DIRECTION('',(0.866025403784,1.110223024625E-16,0.5));
#2063 = ORIENTED_EDGE('',*,*,#2064,.F.);
#2064 = EDGE_CURVE('',#2057,#2057,#2065,.T.);
#2065 = CIRCLE('',#2066,2.);
#2066 = AXIS2_PLACEMENT_3D('',#2067,#2068,#2069);
#2067 = CARTESIAN_POINT('',(65.38268590218,9.800955144378E-15,20.5));
#2068 = DIRECTION('',(0.866025403784,1.645406930227E-16,0.5));
#2069 = DIRECTION('',(-2.22044604925E-16,1.,5.551115123126E-17));
#2070 = ORIENTED_EDGE('',*,*,#2056,.F.);
#2071 = ORIENTED_EDGE('',*,*,#1600,.F.);
#2072 = CYLINDRICAL_SURFACE('',#2073,2.);
#2073 = AXIS2_PLACEMENT_3D('',#2074,#2075,#2076);
#2074 = CARTESIAN_POINT('',(42.,6.80335297789E-15,7.));
#2075 = DIRECTION('',(0.866025403784,1.110223024625E-16,0.5));
#2076 = DIRECTION('',(-1.756963191302E-16,1.,8.227034651136E-17));
#2077 = ADVANCED_FACE('',(#2078,#2081),#2084,.F.);
#2078 = FACE_BOUND('',#2079,.T.);
#2079 = EDGE_LOOP('',(#2080));
#2080 = ORIENTED_EDGE('',*,*,#1666,.F.);
#2081 = FACE_BOUND('',#2082,.T.);
#2082 = EDGE_LOOP('',(#2083));
#2083 = ORIENTED_EDGE('',*,*,#2064,.F.);
#2084 = PLANE('',#2085);
#2085 = AXIS2_PLACEMENT_3D('',#2086,#2087,#2088);
#2086 = CARTESIAN_POINT('',(65.38268590218,4.551914400963E-15,20.5));
#2087 = DIRECTION('',(-0.866025403784,-1.110223024625E-16,-0.5));
#2088 = DIRECTION('',(0.5,-1.922962686384E-16,-0.866025403784));
#2089 = ( GEOMETRIC_REPRESENTATION_CONTEXT(3) 
GLOBAL_UNCERTAINTY_ASSIGNED_CONTEXT((#2093)) 
GLOBAL_UNIT_ASSIGNED_CONTEXT((#2090,#2091,#2092)) REPRESENTATION_CONTEXT
('Context #1','3D Context with UNIT and UNCERTAINTY') );
#2090 = ( LENGTH_UNIT() NAMED_UNIT(*) SI_UNIT(.MILLI.,.METRE.) );
#2091 = ( NAMED_UNIT(*) PLANE_ANGLE_UNIT() SI_UNIT($,.RADIAN.) );
#2092 = ( NAMED_UNIT(*) SI_UNIT($,.STERADIAN.) SOLID_ANGLE_UNIT() );
#2093 = UNCERTAINTY_MEASURE_WITH_UNIT(LENGTH_MEASURE(1.E-07),#2090,
  'distance_accuracy_value','confusion accuracy');
#2094 = PRODUCT_RELATED_PRODUCT_CATEGORY('part',$,(#7));
#2095 = MECHANICAL_DESIGN_GEOMETRIC_PRESENTATION_REPRESENTATION('',(
    #2096),#2089);
#2096 = STYLED_ITEM('color',(#2097),#15);
#2097 = PRESENTATION_STYLE_ASSIGNMENT((#2098,#2104));
#2098 = SURFACE_STYLE_USAGE(.BOTH.,#2099);
#2099 = SURFACE_SIDE_STYLE('',(#2100));
#2100 = SURFACE_STYLE_FILL_AREA(#2101);
#2101 = FILL_AREA_STYLE('',(#2102));
#2102 = FILL_AREA_STYLE_COLOUR('',#2103);
#2103 = COLOUR_RGB('',0.800000010877,0.800000010877,0.800000010877);
#2104 = CURVE_STYLE('',#2105,POSITIVE_LENGTH_MEASURE(0.1),#2106);
#2105 = DRAUGHTING_PRE_DEFINED_CURVE_FONT('continuous');
#2106 = COLOUR_RGB('',9.803921802644E-02,9.803921802644E-02,
  9.803921802644E-02);
ENDSEC;
END-ISO-10303-21;
