ISO-10303-21;
HEADER;
FILE_DESCRIPTION(('FreeCAD Model'),'2;1');
FILE_NAME('Open CASCADE Shape Model','2025-05-15T08:23:54',(''),(''),
  'Open CASCADE STEP processor 7.8','FreeCAD','Unknown');
FILE_SCHEMA(('AUTOMOTIVE_DESIGN { 1 0 10303 214 1 1 1 1 }'));
ENDSEC;
DATA;
#1 = APPLICATION_PROTOCOL_DEFINITION('international standard',
  'automotive_design',2000,#2);
#2 = APPLICATION_CONTEXT(
  'core data for automotive mechanical design processes');
#3 = SHAPE_DEFINITION_REPRESENTATION(#4,#10);
#4 = PRODUCT_DEFINITION_SHAPE('','',#5);
#5 = PRODUCT_DEFINITION('design','',#6,#9);
#6 = PRODUCT_DEFINITION_FORMATION('','',#7);
#7 = PRODUCT('Body','Body','',(#8));
#8 = PRODUCT_CONTEXT('',#2,'mechanical');
#9 = PRODUCT_DEFINITION_CONTEXT('part definition',#2,'design');
#10 = ADVANCED_BREP_SHAPE_REPRESENTATION('',(#11,#15),#5369);
#11 = AXIS2_PLACEMENT_3D('',#12,#13,#14);
#12 = CARTESIAN_POINT('',(0.,0.,0.));
#13 = DIRECTION('',(0.,0.,1.));
#14 = DIRECTION('',(1.,0.,-0.));
#15 = MANIFOLD_SOLID_BREP('',#16);
#16 = CLOSED_SHELL('',(#17,#61,#304,#444,#505,#581,#606,#631,#656,#681,
    #707,#771,#835,#873,#911,#937,#963,#1039,#1105,#1169,#1233,#1271,
    #1309,#1335,#1361,#1437,#1513,#1531,#1556,#1581,#1598,#2319,#2330,
    #2350,#2370,#2390,#2410,#2426,#2442,#2460,#2478,#2489,#2500,#2516,
    #2532,#2550,#2568,#2579,#2590,#2610,#2630,#2918,#2938,#3180,#3295,
    #3320,#3345,#3370,#3395,#3420,#3446,#3472,#3687,#3810,#3835,#3859,
    #3994,#4768,#4779,#4795,#4811,#4829,#4847,#4858,#4869,#4885,#4901,
    #4919,#4937,#4948,#4959,#4991,#5016,#5041,#5059,#5091,#5116,#5141,
    #5159,#5191,#5216,#5241,#5259,#5279,#5305,#5325,#5352));
#17 = ADVANCED_FACE('',(#18),#56,.T.);
#18 = FACE_BOUND('',#19,.F.);
#19 = EDGE_LOOP('',(#20,#31,#40,#49));
#20 = ORIENTED_EDGE('',*,*,#21,.F.);
#21 = EDGE_CURVE('',#22,#24,#26,.T.);
#22 = VERTEX_POINT('',#23);
#23 = CARTESIAN_POINT('',(31.011304316756,32.031031435039,3.));
#24 = VERTEX_POINT('',#25);
#25 = CARTESIAN_POINT('',(40.046341221559,19.595369988472,3.));
#26 = CIRCLE('',#27,9.5);
#27 = AXIS2_PLACEMENT_3D('',#28,#29,#30);
#28 = CARTESIAN_POINT('',(40.04634122156,29.095369988477,3.));
#29 = DIRECTION('',(0.,0.,1.));
#30 = DIRECTION('',(-0.809016994375,-0.587785252292,0.));
#31 = ORIENTED_EDGE('',*,*,#32,.T.);
#32 = EDGE_CURVE('',#22,#33,#35,.T.);
#33 = VERTEX_POINT('',#34);
#34 = CARTESIAN_POINT('',(26.256021735277,33.576116406911,8.));
#35 = CIRCLE('',#36,5.);
#36 = AXIS2_PLACEMENT_3D('',#37,#38,#39);
#37 = CARTESIAN_POINT('',(31.011304316756,32.031031435039,8.));
#38 = DIRECTION('',(0.309016994375,0.951056516295,-0.));
#39 = DIRECTION('',(-0.951056516295,0.309016994375,0.));
#40 = ORIENTED_EDGE('',*,*,#41,.T.);
#41 = EDGE_CURVE('',#33,#42,#44,.T.);
#42 = VERTEX_POINT('',#43);
#43 = CARTESIAN_POINT('',(40.046341221559,14.595369988472,8.));
#44 = CIRCLE('',#45,14.5);
#45 = AXIS2_PLACEMENT_3D('',#46,#47,#48);
#46 = CARTESIAN_POINT('',(40.04634122156,29.095369988477,8.));
#47 = DIRECTION('',(0.,0.,1.));
#48 = DIRECTION('',(-0.809016994375,-0.587785252292,0.));
#49 = ORIENTED_EDGE('',*,*,#50,.F.);
#50 = EDGE_CURVE('',#24,#42,#51,.T.);
#51 = CIRCLE('',#52,5.);
#52 = AXIS2_PLACEMENT_3D('',#53,#54,#55);
#53 = CARTESIAN_POINT('',(40.046341221559,19.595369988472,8.));
#54 = DIRECTION('',(-1.,1.848892746612E-32,1.665334536938E-16));
#55 = DIRECTION('',(0.,1.,-1.110223024625E-16));
#56 = TOROIDAL_SURFACE('',#57,9.5,5.);
#57 = AXIS2_PLACEMENT_3D('',#58,#59,#60);
#58 = CARTESIAN_POINT('',(40.04634122156,29.095369988477,8.));
#59 = DIRECTION('',(0.,0.,1.));
#60 = DIRECTION('',(-0.809016994375,-0.587785252292,0.));
#61 = ADVANCED_FACE('',(#62,#73,#84,#95,#106,#277,#288),#299,.T.);
#62 = FACE_BOUND('',#63,.T.);
#63 = EDGE_LOOP('',(#64));
#64 = ORIENTED_EDGE('',*,*,#65,.T.);
#65 = EDGE_CURVE('',#66,#66,#68,.T.);
#66 = VERTEX_POINT('',#67);
#67 = CARTESIAN_POINT('',(54.,-6.613092715396E-15,3.));
#68 = CIRCLE('',#69,54.);
#69 = AXIS2_PLACEMENT_3D('',#70,#71,#72);
#70 = CARTESIAN_POINT('',(0.,0.,3.));
#71 = DIRECTION('',(0.,0.,-1.));
#72 = DIRECTION('',(1.,0.,0.));
#73 = FACE_BOUND('',#74,.T.);
#74 = EDGE_LOOP('',(#75));
#75 = ORIENTED_EDGE('',*,*,#76,.F.);
#76 = EDGE_CURVE('',#77,#77,#79,.T.);
#77 = VERTEX_POINT('',#78);
#78 = CARTESIAN_POINT('',(37.214781741248,-27.03812160545,3.));
#79 = CIRCLE('',#80,3.5);
#80 = AXIS2_PLACEMENT_3D('',#81,#82,#83);
#81 = CARTESIAN_POINT('',(40.04634122156,-29.09536998847,3.));
#82 = DIRECTION('',(0.,0.,-1.));
#83 = DIRECTION('',(-0.809016994375,0.587785252292,0.));
#84 = FACE_BOUND('',#85,.T.);
#85 = EDGE_LOOP('',(#86));
#86 = ORIENTED_EDGE('',*,*,#87,.F.);
#87 = EDGE_CURVE('',#88,#88,#90,.T.);
#88 = VERTEX_POINT('',#89);
#89 = CARTESIAN_POINT('',(-14.21478174124,-43.74859974957,3.));
#90 = CIRCLE('',#91,3.5);
#91 = AXIS2_PLACEMENT_3D('',#92,#93,#94);
#92 = CARTESIAN_POINT('',(-15.29634122156,-47.07729755661,3.));
#93 = DIRECTION('',(0.,0.,-1.));
#94 = DIRECTION('',(0.309016994375,0.951056516295,0.));
#95 = FACE_BOUND('',#96,.T.);
#96 = EDGE_LOOP('',(#97));
#97 = ORIENTED_EDGE('',*,*,#98,.F.);
#98 = EDGE_CURVE('',#99,#99,#101,.T.);
#99 = VERTEX_POINT('',#100);
#100 = CARTESIAN_POINT('',(-46.,0.,3.));
#101 = CIRCLE('',#102,3.5);
#102 = AXIS2_PLACEMENT_3D('',#103,#104,#105);
#103 = CARTESIAN_POINT('',(-49.5,0.,3.));
#104 = DIRECTION('',(0.,0.,-1.));
#105 = DIRECTION('',(1.,0.,0.));
#106 = FACE_BOUND('',#107,.T.);
#107 = EDGE_LOOP('',(#108,#116,#117,#125,#134,#142,#151,#159,#168,#176,
    #185,#193,#202,#210,#219,#227,#236,#244,#253,#261,#270));
#108 = ORIENTED_EDGE('',*,*,#109,.F.);
#109 = EDGE_CURVE('',#24,#110,#112,.T.);
#110 = VERTEX_POINT('',#111);
#111 = CARTESIAN_POINT('',(48.921482755686,19.595369988472,3.));
#112 = LINE('',#113,#114);
#113 = CARTESIAN_POINT('',(40.046341221559,19.595369988472,3.));
#114 = VECTOR('',#115,1.);
#115 = DIRECTION('',(1.,-1.665334536938E-16,0.));
#116 = ORIENTED_EDGE('',*,*,#21,.F.);
#117 = ORIENTED_EDGE('',*,*,#118,.T.);
#118 = EDGE_CURVE('',#22,#119,#121,.T.);
#119 = VERTEX_POINT('',#120);
#120 = CARTESIAN_POINT('',(33.753873878281,40.471792624112,3.));
#121 = LINE('',#122,#123);
#122 = CARTESIAN_POINT('',(31.011304316753,32.031031435037,3.));
#123 = VECTOR('',#124,1.);
#124 = DIRECTION('',(0.309016994375,0.951056516295,0.));
#125 = ORIENTED_EDGE('',*,*,#126,.T.);
#126 = EDGE_CURVE('',#119,#127,#129,.T.);
#127 = VERTEX_POINT('',#128);
#128 = CARTESIAN_POINT('',(-3.518734755224,52.582397299119,3.));
#129 = CIRCLE('',#130,52.7);
#130 = AXIS2_PLACEMENT_3D('',#131,#132,#133);
#131 = CARTESIAN_POINT('',(0.,0.,3.));
#132 = DIRECTION('',(0.,0.,1.));
#133 = DIRECTION('',(1.,0.,0.));
#134 = ORIENTED_EDGE('',*,*,#135,.F.);
#135 = EDGE_CURVE('',#136,#127,#138,.T.);
#136 = VERTEX_POINT('',#137);
#137 = CARTESIAN_POINT('',(-6.261304316751,44.141636110046,3.));
#138 = LINE('',#139,#140);
#139 = CARTESIAN_POINT('',(-6.261304316751,44.141636110046,3.));
#140 = VECTOR('',#141,1.);
#141 = DIRECTION('',(0.309016994375,0.951056516295,0.));
#142 = ORIENTED_EDGE('',*,*,#143,.F.);
#143 = EDGE_CURVE('',#144,#136,#146,.T.);
#144 = VERTEX_POINT('',#145);
#145 = CARTESIAN_POINT('',(-20.88030111833,39.391636110048,3.));
#146 = CIRCLE('',#147,9.5);
#147 = AXIS2_PLACEMENT_3D('',#148,#149,#150);
#148 = CARTESIAN_POINT('',(-15.29634122156,47.07729755661,3.));
#149 = DIRECTION('',(-0.,0.,1.));
#150 = DIRECTION('',(0.309016994375,-0.951056516295,0.));
#151 = ORIENTED_EDGE('',*,*,#152,.T.);
#152 = EDGE_CURVE('',#144,#153,#155,.T.);
#153 = VERTEX_POINT('',#154);
#154 = CARTESIAN_POINT('',(-28.06044144693,44.608313415813,3.));
#155 = LINE('',#156,#157);
#156 = CARTESIAN_POINT('',(-20.88030111833,39.391636110044,3.));
#157 = VECTOR('',#158,1.);
#158 = DIRECTION('',(-0.809016994375,0.587785252292,0.));
#159 = ORIENTED_EDGE('',*,*,#160,.T.);
#160 = EDGE_CURVE('',#153,#161,#163,.T.);
#161 = VERTEX_POINT('',#162);
#162 = CARTESIAN_POINT('',(-51.0961804318,12.902338752334,3.));
#163 = CIRCLE('',#164,52.7);
#164 = AXIS2_PLACEMENT_3D('',#165,#166,#167);
#165 = CARTESIAN_POINT('',(0.,0.,3.));
#166 = DIRECTION('',(0.,0.,1.));
#167 = DIRECTION('',(1.,0.,0.));
#168 = ORIENTED_EDGE('',*,*,#169,.F.);
#169 = EDGE_CURVE('',#170,#161,#172,.T.);
#170 = VERTEX_POINT('',#171);
#171 = CARTESIAN_POINT('',(-43.91604010321,7.685661446566,3.));
#172 = LINE('',#173,#174);
#173 = CARTESIAN_POINT('',(-43.91604010321,7.685661446566,3.));
#174 = VECTOR('',#175,1.);
#175 = DIRECTION('',(-0.809016994375,0.587785252292,0.));
#176 = ORIENTED_EDGE('',*,*,#177,.F.);
#177 = EDGE_CURVE('',#178,#170,#180,.T.);
#178 = VERTEX_POINT('',#179);
#179 = CARTESIAN_POINT('',(-43.91604010322,-7.685661446562,3.));
#180 = CIRCLE('',#181,9.5);
#181 = AXIS2_PLACEMENT_3D('',#182,#183,#184);
#182 = CARTESIAN_POINT('',(-49.5,3.592920162054E-23,3.));
#183 = DIRECTION('',(0.,0.,1.));
#184 = DIRECTION('',(1.,0.,0.));
#185 = ORIENTED_EDGE('',*,*,#186,.T.);
#186 = EDGE_CURVE('',#178,#187,#189,.T.);
#187 = VERTEX_POINT('',#188);
#188 = CARTESIAN_POINT('',(-51.09617992223,-12.90233862365,3.));
#189 = LINE('',#190,#191);
#190 = CARTESIAN_POINT('',(-43.91604010321,-7.685661446562,3.));
#191 = VECTOR('',#192,1.);
#192 = DIRECTION('',(-0.809016994375,-0.587785252293,0.));
#193 = ORIENTED_EDGE('',*,*,#194,.T.);
#194 = EDGE_CURVE('',#187,#195,#197,.T.);
#195 = VERTEX_POINT('',#196);
#196 = CARTESIAN_POINT('',(-28.06044144693,-44.60831341581,3.));
#197 = CIRCLE('',#198,52.7);
#198 = AXIS2_PLACEMENT_3D('',#199,#200,#201);
#199 = CARTESIAN_POINT('',(0.,0.,3.));
#200 = DIRECTION('',(0.,0.,1.));
#201 = DIRECTION('',(1.,0.,0.));
#202 = ORIENTED_EDGE('',*,*,#203,.F.);
#203 = EDGE_CURVE('',#204,#195,#206,.T.);
#204 = VERTEX_POINT('',#205);
#205 = CARTESIAN_POINT('',(-20.88030111834,-39.39163611004,3.));
#206 = LINE('',#207,#208);
#207 = CARTESIAN_POINT('',(-20.88030111834,-39.39163611004,3.));
#208 = VECTOR('',#209,1.);
#209 = DIRECTION('',(-0.809016994375,-0.587785252292,0.));
#210 = ORIENTED_EDGE('',*,*,#211,.F.);
#211 = EDGE_CURVE('',#212,#204,#214,.T.);
#212 = VERTEX_POINT('',#213);
#213 = CARTESIAN_POINT('',(-6.261304316756,-44.14163611004,3.));
#214 = CIRCLE('',#215,9.5);
#215 = AXIS2_PLACEMENT_3D('',#216,#217,#218);
#216 = CARTESIAN_POINT('',(-15.29634122156,-47.07729755661,3.));
#217 = DIRECTION('',(0.,-0.,1.));
#218 = DIRECTION('',(0.309016994375,0.951056516295,0.));
#219 = ORIENTED_EDGE('',*,*,#220,.T.);
#220 = EDGE_CURVE('',#212,#221,#223,.T.);
#221 = VERTEX_POINT('',#222);
#222 = CARTESIAN_POINT('',(-3.518734755226,-52.58239729911,3.));
#223 = LINE('',#224,#225);
#224 = CARTESIAN_POINT('',(-6.261304316755,-44.14163611004,3.));
#225 = VECTOR('',#226,1.);
#226 = DIRECTION('',(0.309016994375,-0.951056516295,0.));
#227 = ORIENTED_EDGE('',*,*,#228,.T.);
#228 = EDGE_CURVE('',#221,#229,#231,.T.);
#229 = VERTEX_POINT('',#230);
#230 = CARTESIAN_POINT('',(33.753873878278,-40.47179262411,3.));
#231 = CIRCLE('',#232,52.7);
#232 = AXIS2_PLACEMENT_3D('',#233,#234,#235);
#233 = CARTESIAN_POINT('',(0.,0.,3.));
#234 = DIRECTION('',(0.,0.,1.));
#235 = DIRECTION('',(1.,0.,0.));
#236 = ORIENTED_EDGE('',*,*,#237,.F.);
#237 = EDGE_CURVE('',#238,#229,#240,.T.);
#238 = VERTEX_POINT('',#239);
#239 = CARTESIAN_POINT('',(31.01130431675,-32.03103143504,3.));
#240 = LINE('',#241,#242);
#241 = CARTESIAN_POINT('',(31.01130431675,-32.03103143504,3.));
#242 = VECTOR('',#243,1.);
#243 = DIRECTION('',(0.309016994375,-0.951056516295,0.));
#244 = ORIENTED_EDGE('',*,*,#245,.F.);
#245 = EDGE_CURVE('',#246,#238,#248,.T.);
#246 = VERTEX_POINT('',#247);
#247 = CARTESIAN_POINT('',(40.046341221559,-19.59536998847,3.));
#248 = CIRCLE('',#249,9.5);
#249 = AXIS2_PLACEMENT_3D('',#250,#251,#252);
#250 = CARTESIAN_POINT('',(40.04634122156,-29.09536998847,3.));
#251 = DIRECTION('',(0.,0.,1.));
#252 = DIRECTION('',(-0.809016994375,0.587785252292,0.));
#253 = ORIENTED_EDGE('',*,*,#254,.T.);
#254 = EDGE_CURVE('',#246,#255,#257,.T.);
#255 = VERTEX_POINT('',#256);
#256 = CARTESIAN_POINT('',(48.921482755684,-19.59536998847,3.));
#257 = LINE('',#258,#259);
#258 = CARTESIAN_POINT('',(40.046341221556,-19.59536998847,3.));
#259 = VECTOR('',#260,1.);
#260 = DIRECTION('',(1.,9.059419880941E-14,0.));
#261 = ORIENTED_EDGE('',*,*,#262,.T.);
#262 = EDGE_CURVE('',#255,#263,#265,.T.);
#263 = VERTEX_POINT('',#264);
#264 = CARTESIAN_POINT('',(52.7,-1.290777726301E-14,3.));
#265 = CIRCLE('',#266,52.7);
#266 = AXIS2_PLACEMENT_3D('',#267,#268,#269);
#267 = CARTESIAN_POINT('',(0.,0.,3.));
#268 = DIRECTION('',(0.,0.,1.));
#269 = DIRECTION('',(1.,0.,0.));
#270 = ORIENTED_EDGE('',*,*,#271,.T.);
#271 = EDGE_CURVE('',#263,#110,#272,.T.);
#272 = CIRCLE('',#273,52.7);
#273 = AXIS2_PLACEMENT_3D('',#274,#275,#276);
#274 = CARTESIAN_POINT('',(0.,0.,3.));
#275 = DIRECTION('',(0.,0.,1.));
#276 = DIRECTION('',(1.,0.,0.));
#277 = FACE_BOUND('',#278,.T.);
#278 = EDGE_LOOP('',(#279));
#279 = ORIENTED_EDGE('',*,*,#280,.F.);
#280 = EDGE_CURVE('',#281,#281,#283,.T.);
#281 = VERTEX_POINT('',#282);
#282 = CARTESIAN_POINT('',(37.214781741248,27.038121605454,3.));
#283 = CIRCLE('',#284,3.5);
#284 = AXIS2_PLACEMENT_3D('',#285,#286,#287);
#285 = CARTESIAN_POINT('',(40.04634122156,29.095369988477,3.));
#286 = DIRECTION('',(0.,0.,-1.));
#287 = DIRECTION('',(-0.809016994375,-0.587785252292,-0.));
#288 = FACE_BOUND('',#289,.T.);
#289 = EDGE_LOOP('',(#290));
#290 = ORIENTED_EDGE('',*,*,#291,.F.);
#291 = EDGE_CURVE('',#292,#292,#294,.T.);
#292 = VERTEX_POINT('',#293);
#293 = CARTESIAN_POINT('',(-14.21478174124,43.748599749577,3.));
#294 = CIRCLE('',#295,3.5);
#295 = AXIS2_PLACEMENT_3D('',#296,#297,#298);
#296 = CARTESIAN_POINT('',(-15.29634122156,47.07729755661,3.));
#297 = DIRECTION('',(0.,-0.,-1.));
#298 = DIRECTION('',(0.309016994375,-0.951056516295,0.));
#299 = PLANE('',#300);
#300 = AXIS2_PLACEMENT_3D('',#301,#302,#303);
#301 = CARTESIAN_POINT('',(-1.483324889534E-15,3.524827519814E-15,3.));
#302 = DIRECTION('',(-0.,-0.,-1.));
#303 = DIRECTION('',(-1.,0.,0.));
#304 = ADVANCED_FACE('',(#305),#439,.T.);
#305 = FACE_BOUND('',#306,.F.);
#306 = EDGE_LOOP('',(#307,#308,#316,#372,#433));
#307 = ORIENTED_EDGE('',*,*,#41,.F.);
#308 = ORIENTED_EDGE('',*,*,#309,.T.);
#309 = EDGE_CURVE('',#33,#310,#312,.T.);
#310 = VERTEX_POINT('',#311);
#311 = CARTESIAN_POINT('',(26.256021735279,33.576116406913,
    19.31671776414));
#312 = LINE('',#313,#314);
#313 = CARTESIAN_POINT('',(26.25602173528,33.576116406913,8.));
#314 = VECTOR('',#315,1.);
#315 = DIRECTION('',(0.,0.,1.));
#316 = ORIENTED_EDGE('',*,*,#317,.T.);
#317 = EDGE_CURVE('',#310,#318,#320,.T.);
#318 = VERTEX_POINT('',#319);
#319 = CARTESIAN_POINT('',(28.315594803123,20.572483830237,
    37.797119917382));
#320 = B_SPLINE_CURVE_WITH_KNOTS('',8,(#321,#322,#323,#324,#325,#326,
    #327,#328,#329,#330,#331,#332,#333,#334,#335,#336,#337,#338,#339,
    #340,#341,#342,#343,#344,#345,#346,#347,#348,#349,#350,#351,#352,
    #353,#354,#355,#356,#357,#358,#359,#360,#361,#362,#363,#364,#365,
    #366,#367,#368,#369,#370,#371),.UNSPECIFIED.,.F.,.F.,(9,7,7,7,7,7,7,
    9),(0.,0.325264692025,0.602928163006,0.713222722631,0.807171302856,
    0.908442722135,0.959375039096,1.),.UNSPECIFIED.);
#321 = CARTESIAN_POINT('',(26.25602173528,33.576116406913,19.31671776414
    ));
#322 = CARTESIAN_POINT('',(26.145804691697,33.236903226362,
    20.129098431488));
#323 = CARTESIAN_POINT('',(26.043937130173,32.890940542252,
    20.94093037243));
#324 = CARTESIAN_POINT('',(25.950701349584,32.537872292768,
    21.752142545506));
#325 = CARTESIAN_POINT('',(25.866441825354,32.177270856107,
    22.562637229105));
#326 = CARTESIAN_POINT('',(25.7915865596,31.808608493268,23.372286341629
    ));
#327 = CARTESIAN_POINT('',(25.726665076521,31.431233054141,
    24.180928440073));
#328 = CARTESIAN_POINT('',(25.672352168741,31.044310168592,
    24.988361595858));
#329 = CARTESIAN_POINT('',(25.593042347811,30.307267676691,
    26.482343148559));
#330 = CARTESIAN_POINT('',(25.564922221018,29.960081963117,
    27.169221822226));
#331 = CARTESIAN_POINT('',(25.545771087418,29.604400584709,
    27.854858371426));
#332 = CARTESIAN_POINT('',(25.53629702093,29.239338436796,
    28.539057656305));
#333 = CARTESIAN_POINT('',(25.537374756217,28.863829165284,
    29.221529063682));
#334 = CARTESIAN_POINT('',(25.550165416285,28.476471573711,
    29.901857844496));
#335 = CARTESIAN_POINT('',(25.576169216953,28.075459909391,
    30.579493196799));
#336 = CARTESIAN_POINT('',(25.634295462521,27.4920227353,31.521404027133
    ));
#337 = CARTESIAN_POINT('',(25.653280929192,27.323549530897,
    31.788618884795));
#338 = CARTESIAN_POINT('',(25.674875399338,27.152290417222,
    32.055217537806));
#339 = CARTESIAN_POINT('',(25.699250661577,26.97803999667,
    32.321134308619));
#340 = CARTESIAN_POINT('',(25.726604051523,26.800565498666,
    32.586287625627));
#341 = CARTESIAN_POINT('',(25.757166567916,26.619596629353,
    32.850577608237));
#342 = CARTESIAN_POINT('',(25.791216804022,26.434808269698,
    33.113881900315));
#343 = CARTESIAN_POINT('',(25.861370080201,26.084795947522,
    33.599363553946));
#344 = CARTESIAN_POINT('',(25.896418546603,25.920743701032,
    33.821835331254));
#345 = CARTESIAN_POINT('',(25.934461741078,25.753380377228,
    34.043384039054));
#346 = CARTESIAN_POINT('',(25.975748993741,25.582416858983,
    34.263896477941));
#347 = CARTESIAN_POINT('',(26.020576079686,25.407518366538,
    34.483222373031));
#348 = CARTESIAN_POINT('',(26.069295686194,25.228291667249,
    34.701170450838));
#349 = CARTESIAN_POINT('',(26.12234303739,25.044254170475,
    34.917498909834));
#350 = CARTESIAN_POINT('',(26.242762229013,24.650504258674,
    35.362999490428));
#351 = CARTESIAN_POINT('',(26.310847713438,24.440173978782,
    35.591556858256));
#352 = CARTESIAN_POINT('',(26.385320123082,24.222745654769,
    35.817477338822));
#353 = CARTESIAN_POINT('',(26.467134147182,23.997122660729,
    36.040307748704));
#354 = CARTESIAN_POINT('',(26.55739439434,23.76217071825,36.259256258454
    ));
#355 = CARTESIAN_POINT('',(26.657652908617,23.516391282668,
    36.47301709503));
#356 = CARTESIAN_POINT('',(26.769766429911,23.25807152557,
    36.679855980427));
#357 = CARTESIAN_POINT('',(26.961375186986,22.845825564412,
    36.975949814361));
#358 = CARTESIAN_POINT('',(27.029282447399,22.704050809341,
    37.072390325359));
#359 = CARTESIAN_POINT('',(27.101451504407,22.557937910815,
    37.165903624923));
#360 = CARTESIAN_POINT('',(27.178380532847,22.407053054771,
    37.255973923251));
#361 = CARTESIAN_POINT('',(27.260592513562,22.251041857932,
    37.341854675905));
#362 = CARTESIAN_POINT('',(27.348639788177,22.089624365021,
    37.422564313039));
#363 = CARTESIAN_POINT('',(27.443113483637,21.922586083854,
    37.496877764833));
#364 = CARTESIAN_POINT('',(27.625652239782,21.611918444906,
    37.616304905632));
#365 = CARTESIAN_POINT('',(27.71119506471,21.470307437438,37.66431753864
    ));
#366 = CARTESIAN_POINT('',(27.801424389875,21.325181911911,
    37.706455385356));
#367 = CARTESIAN_POINT('',(27.896348450924,21.177014052836,
    37.741731901951));
#368 = CARTESIAN_POINT('',(27.995808815876,21.026514580531,
    37.769141639979));
#369 = CARTESIAN_POINT('',(28.099409450852,20.874664383145,
    37.787795502996));
#370 = CARTESIAN_POINT('',(28.206411646211,20.72276155343,
    37.797119917382));
#371 = CARTESIAN_POINT('',(28.315594803123,20.572483830237,
    37.797119917382));
#372 = ORIENTED_EDGE('',*,*,#373,.T.);
#373 = EDGE_CURVE('',#318,#374,#376,.T.);
#374 = VERTEX_POINT('',#375);
#375 = CARTESIAN_POINT('',(40.046341221559,14.595369988475,
    19.31671776414));
#376 = B_SPLINE_CURVE_WITH_KNOTS('',7,(#377,#378,#379,#380,#381,#382,
    #383,#384,#385,#386,#387,#388,#389,#390,#391,#392,#393,#394,#395,
    #396,#397,#398,#399,#400,#401,#402,#403,#404,#405,#406,#407,#408,
    #409,#410,#411,#412,#413,#414,#415,#416,#417,#418,#419,#420,#421,
    #422,#423,#424,#425,#426,#427,#428,#429,#430,#431,#432),
  .UNSPECIFIED.,.F.,.F.,(8,6,6,6,6,6,6,6,6,8),(0.,3.245088952466E-02,
    5.461922283112E-02,9.695896753076E-02,0.15169577658,0.223708828625,
    0.312261820461,0.489943686428,0.698347146935,1.),.UNSPECIFIED.);
#377 = CARTESIAN_POINT('',(28.315594803123,20.572483830237,
    37.797119917382));
#378 = CARTESIAN_POINT('',(28.415606327394,20.434829776391,
    37.797119917382));
#379 = CARTESIAN_POINT('',(28.517241979032,20.29890352425,
    37.789133027759));
#380 = CARTESIAN_POINT('',(28.619661396949,20.165823595166,
    37.773235893896));
#381 = CARTESIAN_POINT('',(28.722148680016,20.036348426389,
    37.749890958109));
#382 = CARTESIAN_POINT('',(28.82408294694,19.910999240096,
    37.719778739509));
#383 = CARTESIAN_POINT('',(28.924918159352,19.790141136018,
    37.683688174402));
#384 = CARTESIAN_POINT('',(29.091976107059,19.594697658439,
    37.614304042267));
#385 = CARTESIAN_POINT('',(29.159100251871,19.517516823195,
    37.583723302966));
#386 = CARTESIAN_POINT('',(29.225462762502,19.442478734775,
    37.550955258055));
#387 = CARTESIAN_POINT('',(29.291009076902,19.369550946983,
    37.516219455709));
#388 = CARTESIAN_POINT('',(29.355709628464,19.298675851884,
    37.479716616218));
#389 = CARTESIAN_POINT('',(29.419557523479,19.229776797107,
    37.441622714646));
#390 = CARTESIAN_POINT('',(29.602907789985,19.034775505003,
    37.32656549018));
#391 = CARTESIAN_POINT('',(29.720118556005,18.913741530814,
    37.245819209536));
#392 = CARTESIAN_POINT('',(29.834351620628,18.798964694832,
    37.160840303293));
#393 = CARTESIAN_POINT('',(29.945752295368,18.689865166757,
    37.072405892501));
#394 = CARTESIAN_POINT('',(30.054488029113,18.585920703308,
    36.981112652945));
#395 = CARTESIAN_POINT('',(30.160764125112,18.486635985031,
    36.887396147105));
#396 = CARTESIAN_POINT('',(30.399355429353,18.268603283208,
    36.667596504374));
#397 = CARTESIAN_POINT('',(30.530086436378,18.152756842131,
    36.540161064423));
#398 = CARTESIAN_POINT('',(30.657466387135,18.043050363775,
    36.409913052122));
#399 = CARTESIAN_POINT('',(30.781812569184,17.938803822143,
    36.277352256789));
#400 = CARTESIAN_POINT('',(30.903401998246,17.839450468721,
    36.14285934139));
#401 = CARTESIAN_POINT('',(31.022485291706,17.744513565851,
    36.006705669389));
#402 = CARTESIAN_POINT('',(31.292998505034,17.533928585243,
    35.687990135193));
#403 = CARTESIAN_POINT('',(31.442723793863,17.421240566786,
    35.504404867866));
#404 = CARTESIAN_POINT('',(31.588988525276,17.314586876527,
    35.318777339457));
#405 = CARTESIAN_POINT('',(31.732158025724,17.213299502264,
    35.131448761935));
#406 = CARTESIAN_POINT('',(31.872526859813,17.11684883148,
    34.942675580111));
#407 = CARTESIAN_POINT('',(32.01035586478,17.024783454102,
    34.752649364794));
#408 = CARTESIAN_POINT('',(32.312521962431,16.828441442722,
    34.326443261842));
#409 = CARTESIAN_POINT('',(32.475654701428,16.726230402264,
    34.089719310405));
#410 = CARTESIAN_POINT('',(32.635685226712,16.629396381991,
    33.851596523774));
#411 = CARTESIAN_POINT('',(32.792922922119,16.537414742022,
    33.612280624433));
#412 = CARTESIAN_POINT('',(32.947619441888,16.449862570047,
    33.371930967642));
#413 = CARTESIAN_POINT('',(33.099993278276,16.366380342933,
    33.130670554783));
#414 = CARTESIAN_POINT('',(33.551694960303,16.126714228199,
    32.402848182929));
#415 = CARTESIAN_POINT('',(33.844533500217,15.981946018172,
    31.913859303959));
#416 = CARTESIAN_POINT('',(34.130280485534,15.849901992128,
    31.422365403776));
#417 = CARTESIAN_POINT('',(34.409888907548,15.729035107141,
    30.928861474996));
#418 = CARTESIAN_POINT('',(34.68411730355,15.618127083571,
    30.433712642672));
#419 = CARTESIAN_POINT('',(34.953561098874,15.516243666142,
    29.937162674978));
#420 = CARTESIAN_POINT('',(35.529749340456,15.312801666002,
    28.855484486906));
#421 = CARTESIAN_POINT('',(35.834857778319,15.214355648718,
    28.269942453438));
#422 = CARTESIAN_POINT('',(36.134844387296,15.126055362781,
    27.683031368559));
#423 = CARTESIAN_POINT('',(36.430277037207,15.047014577117,
    27.094974325483));
#424 = CARTESIAN_POINT('',(36.721599853409,14.976541816103,
    26.505941599831));
#425 = CARTESIAN_POINT('',(37.009185604538,14.914063585525,
    25.916062597712));
#426 = CARTESIAN_POINT('',(37.704648074072,14.779575547173,
    24.470514669272));
#427 = CARTESIAN_POINT('',(38.108757571806,14.715811117728,
    23.614048591255));
#428 = CARTESIAN_POINT('',(38.50660608518,14.666396967321,
    22.756328978015));
#429 = CARTESIAN_POINT('',(38.898837980716,14.630340139536,
    21.897581270986));
#430 = CARTESIAN_POINT('',(39.285954994346,14.606865795006,
    21.037981564653));
#431 = CARTESIAN_POINT('',(39.668349815509,14.595369988477,
    20.177662177393));
#432 = CARTESIAN_POINT('',(40.046341221559,14.595369988477,
    19.31671776414));
#433 = ORIENTED_EDGE('',*,*,#434,.F.);
#434 = EDGE_CURVE('',#42,#374,#435,.T.);
#435 = LINE('',#436,#437);
#436 = CARTESIAN_POINT('',(40.046341221559,14.595369988477,8.));
#437 = VECTOR('',#438,1.);
#438 = DIRECTION('',(0.,0.,1.));
#439 = CYLINDRICAL_SURFACE('',#440,14.5);
#440 = AXIS2_PLACEMENT_3D('',#441,#442,#443);
#441 = CARTESIAN_POINT('',(40.04634122156,29.095369988477,8.));
#442 = DIRECTION('',(0.,0.,-1.));
#443 = DIRECTION('',(-0.809016994375,-0.587785252292,0.));
#444 = ADVANCED_FACE('',(#445),#500,.T.);
#445 = FACE_BOUND('',#446,.F.);
#446 = EDGE_LOOP('',(#447,#479,#480,#481,#489));
#447 = ORIENTED_EDGE('',*,*,#448,.T.);
#448 = EDGE_CURVE('',#449,#110,#451,.T.);
#449 = VERTEX_POINT('',#450);
#450 = CARTESIAN_POINT('',(45.686754058892,14.973176982982,
    6.093345385236));
#451 = B_SPLINE_CURVE_WITH_KNOTS('',6,(#452,#453,#454,#455,#456,#457,
    #458,#459,#460,#461,#462,#463,#464,#465,#466,#467,#468,#469,#470,
    #471,#472,#473,#474,#475,#476,#477,#478),.UNSPECIFIED.,.F.,.F.,(7,5,
    5,5,5,7),(0.,0.230588688818,0.407221762248,0.666856253173,
    0.936062751986,1.),.UNSPECIFIED.);
#452 = CARTESIAN_POINT('',(45.686754058892,14.973176982982,
    6.093345385236));
#453 = CARTESIAN_POINT('',(45.760353853623,15.074749956898,
    5.847107872712));
#454 = CARTESIAN_POINT('',(45.843804708905,15.190114449108,
    5.612091343141));
#455 = CARTESIAN_POINT('',(45.93579032471,15.317552462578,5.389239673293
    ));
#456 = CARTESIAN_POINT('',(46.035032396507,15.455396882992,
    5.178937319044));
#457 = CARTESIAN_POINT('',(46.140437952602,15.602216785892,
    4.981226283032));
#458 = CARTESIAN_POINT('',(46.335964327267,15.87539067583,4.653966019044
    ));
#459 = CARTESIAN_POINT('',(46.423880392712,15.998480707726,
    4.519309592678));
#460 = CARTESIAN_POINT('',(46.514512863198,16.125662516212,
    4.391868350726));
#461 = CARTESIAN_POINT('',(46.607519512043,16.256487731203,
    4.271540207711));
#462 = CARTESIAN_POINT('',(46.702607280179,16.390571400781,
    4.158206583368));
#463 = CARTESIAN_POINT('',(46.942007130854,16.729007487168,
    3.895243732101));
#464 = CARTESIAN_POINT('',(47.088430898412,16.936740435531,
    3.753609472756));
#465 = CARTESIAN_POINT('',(47.238040979495,17.149790141863,
    3.626418284911));
#466 = CARTESIAN_POINT('',(47.390198759619,17.367307514776,
    3.513344614799));
#467 = CARTESIAN_POINT('',(47.544373549784,17.588576923424,
    3.414098416681));
#468 = CARTESIAN_POINT('',(47.861661523965,18.045754143473,
    3.239670572587));
#469 = CARTESIAN_POINT('',(48.024870298693,18.281865741369,
    3.165524261866));
#470 = CARTESIAN_POINT('',(48.189290924881,18.52070628918,3.10578131067)
  );
#471 = CARTESIAN_POINT('',(48.354486005689,18.761664585557,
    3.060317585273));
#472 = CARTESIAN_POINT('',(48.520054882365,19.004166199465,
    3.029078258379));
#473 = CARTESIAN_POINT('',(48.724958433268,19.305509519381,
    3.008072322013));
#474 = CARTESIAN_POINT('',(48.76428372421,19.363399667754,3.004845539704
    ));
#475 = CARTESIAN_POINT('',(48.803603894162,19.421338364664,
    3.002423980697));
#476 = CARTESIAN_POINT('',(48.842913822793,19.479318031236,
    3.000808444554));
#477 = CARTESIAN_POINT('',(48.882208407298,19.537331028127,
    3.000000003015));
#478 = CARTESIAN_POINT('',(48.921482562394,19.595369655522,3.));
#479 = ORIENTED_EDGE('',*,*,#109,.F.);
#480 = ORIENTED_EDGE('',*,*,#50,.T.);
#481 = ORIENTED_EDGE('',*,*,#482,.T.);
#482 = EDGE_CURVE('',#42,#483,#485,.T.);
#483 = VERTEX_POINT('',#484);
#484 = CARTESIAN_POINT('',(44.982700701021,14.595369988472,8.));
#485 = LINE('',#486,#487);
#486 = CARTESIAN_POINT('',(40.046341221559,14.595369988472,8.));
#487 = VECTOR('',#488,1.);
#488 = DIRECTION('',(1.,-1.665334536938E-16,0.));
#489 = ORIENTED_EDGE('',*,*,#490,.F.);
#490 = EDGE_CURVE('',#449,#483,#491,.T.);
#491 = B_SPLINE_CURVE_WITH_KNOTS('',7,(#492,#493,#494,#495,#496,#497,
    #498,#499),.UNSPECIFIED.,.F.,.F.,(8,8),(0.,1.),
  .PIECEWISE_BEZIER_KNOTS.);
#492 = CARTESIAN_POINT('',(45.686754058892,14.973176982982,
    6.093345385235));
#493 = CARTESIAN_POINT('',(45.605727480722,14.86135451743,6.36443015021)
  );
#494 = CARTESIAN_POINT('',(45.516862758114,14.770467568288,
    6.637379042047));
#495 = CARTESIAN_POINT('',(45.421165595754,14.699256461151,
    6.911205445008));
#496 = CARTESIAN_POINT('',(45.31938763843,14.646813168389,7.185048627274
    ));
#497 = CARTESIAN_POINT('',(45.212120120695,14.612381705258,
    7.458176067666));
#498 = CARTESIAN_POINT('',(45.099798117056,14.595369988472,
    7.729985228978));
#499 = CARTESIAN_POINT('',(44.982700701021,14.595369988472,8.));
#500 = CYLINDRICAL_SURFACE('',#501,5.);
#501 = AXIS2_PLACEMENT_3D('',#502,#503,#504);
#502 = CARTESIAN_POINT('',(40.046341221559,19.595369988472,8.));
#503 = DIRECTION('',(1.,-1.848892746612E-32,-1.665334536938E-16));
#504 = DIRECTION('',(0.,1.,-1.110223024625E-16));
#505 = ADVANCED_FACE('',(#506),#576,.T.);
#506 = FACE_BOUND('',#507,.T.);
#507 = EDGE_LOOP('',(#508,#555,#556,#557,#565));
#508 = ORIENTED_EDGE('',*,*,#509,.T.);
#509 = EDGE_CURVE('',#510,#119,#512,.T.);
#510 = VERTEX_POINT('',#511);
#511 = CARTESIAN_POINT('',(28.358320961335,38.823719008556,
    6.093345385236));
#512 = B_SPLINE_CURVE_WITH_KNOTS('',6,(#513,#514,#515,#516,#517,#518,
    #519,#520,#521,#522,#523,#524,#525,#526,#527,#528,#529,#530,#531,
    #532,#533,#534,#535,#536,#537,#538,#539,#540,#541,#542,#543,#544,
    #545,#546,#547,#548,#549,#550,#551,#552,#553,#554),.UNSPECIFIED.,.F.
  ,.F.,(7,5,5,5,5,5,5,5,7),(0.,0.243067268319,0.422439984525,
    0.677844827604,0.93846871584,0.971806490546,0.987430492688,
    0.994720963208,1.),.UNSPECIFIED.);
#513 = CARTESIAN_POINT('',(28.358320961335,38.823719008556,
    6.093345385236));
#514 = CARTESIAN_POINT('',(28.474296116661,38.861238534511,
    5.854061128119));
#515 = CARTESIAN_POINT('',(28.606621385372,38.903933190936,
    5.623125356354));
#516 = CARTESIAN_POINT('',(28.754030950885,38.951333678,5.401636749633)
  );
#517 = CARTESIAN_POINT('',(28.915184759128,39.002941647236,
    5.190356993782));
#518 = CARTESIAN_POINT('',(29.08879501021,39.058279718616,4.98983284163)
  );
#519 = CARTESIAN_POINT('',(29.410097562057,39.160172513693,
    4.660686324872));
#520 = CARTESIAN_POINT('',(29.552660419824,39.205229039015,
    4.526991869411));
#521 = CARTESIAN_POINT('',(29.700882057377,39.251901559734,4.39951196331
    ));
#522 = CARTESIAN_POINT('',(29.854307855638,39.300023185986,
    4.278360088337));
#523 = CARTESIAN_POINT('',(30.012508342228,39.349437561943,
    4.163621511869));
#524 = CARTESIAN_POINT('',(30.406570711418,39.471996128279,3.90121203577
    ));
#525 = CARTESIAN_POINT('',(30.646915054871,39.546316678585,
    3.760204953963));
#526 = CARTESIAN_POINT('',(30.894969795577,39.622548420376,
    3.632520126463));
#527 = CARTESIAN_POINT('',(31.149653978428,39.700310550503,
    3.518290537665));
#528 = CARTESIAN_POINT('',(31.409955002947,39.779256030029,
    3.417614607859));
#529 = CARTESIAN_POINT('',(31.945321990003,39.940519662914,
    3.241744047263));
#530 = CARTESIAN_POINT('',(32.220565701354,40.022869150464,
    3.167117100816));
#531 = CARTESIAN_POINT('',(32.499657929145,40.105787445597,
    3.106770116801));
#532 = CARTESIAN_POINT('',(32.781617040309,40.188962107165,
    3.060776965929));
#533 = CARTESIAN_POINT('',(33.06548282676,40.272100695933,3.029202812496
    ));
#534 = CARTESIAN_POINT('',(33.386749583505,40.365524967401,
    3.009916575497));
#535 = CARTESIAN_POINT('',(33.423199693512,40.376114985521,
    3.007966209715));
#536 = CARTESIAN_POINT('',(33.459663509207,40.386699326884,
    3.006252822877));
#537 = CARTESIAN_POINT('',(33.496139031654,40.397277413714,
    3.004776532715));
#538 = CARTESIAN_POINT('',(33.53262426068,40.407848671393,3.00353745472)
  );
#539 = CARTESIAN_POINT('',(33.586219886566,40.42336336057,3.002066223151
    ));
#540 = CARTESIAN_POINT('',(33.603324270558,40.428312567193,
    3.001648870307));
#541 = CARTESIAN_POINT('',(33.620430140806,40.433260089493,
    3.001283655255));
#542 = CARTESIAN_POINT('',(33.63753729114,40.43820586877,3.000970589527)
  );
#543 = CARTESIAN_POINT('',(33.654645515282,40.443149846459,
    3.000709684542));
#544 = CARTESIAN_POINT('',(33.679738049651,40.450398054652,
    3.000403552651));
#545 = CARTESIAN_POINT('',(33.687721514352,40.452703691948,
    3.000317515375));
#546 = CARTESIAN_POINT('',(33.695704973782,40.455008868335,
    3.000242840103));
#547 = CARTESIAN_POINT('',(33.703688400786,40.457313576134,
    3.000179527103));
#548 = CARTESIAN_POINT('',(33.71167176821,40.45961780768,3.000127576578)
  );
#549 = CARTESIAN_POINT('',(33.725435750219,40.463589701223,
    3.000057598919));
#550 = CARTESIAN_POINT('',(33.731070195992,40.465215371398,
    3.000034608703));
#551 = CARTESIAN_POINT('',(33.736777155978,40.466861781942,
    3.000017381172));
#552 = CARTESIAN_POINT('',(33.742598925064,40.46854113485,3.000005685731
    ));
#553 = CARTESIAN_POINT('',(33.74840132327,40.470214618023,2.999999698037
    ));
#554 = CARTESIAN_POINT('',(33.753873695755,40.471792405259,3.));
#555 = ORIENTED_EDGE('',*,*,#118,.F.);
#556 = ORIENTED_EDGE('',*,*,#32,.T.);
#557 = ORIENTED_EDGE('',*,*,#558,.T.);
#558 = EDGE_CURVE('',#33,#559,#561,.T.);
#559 = VERTEX_POINT('',#560);
#560 = CARTESIAN_POINT('',(27.781440704775,38.27087325663,8.));
#561 = LINE('',#562,#563);
#562 = CARTESIAN_POINT('',(26.256021735277,33.576116406911,8.));
#563 = VECTOR('',#564,1.);
#564 = DIRECTION('',(0.309016994375,0.951056516295,0.));
#565 = ORIENTED_EDGE('',*,*,#566,.F.);
#566 = EDGE_CURVE('',#510,#559,#567,.T.);
#567 = B_SPLINE_CURVE_WITH_KNOTS('',7,(#568,#569,#570,#571,#572,#573,
    #574,#575),.UNSPECIFIED.,.F.,.F.,(8,8),(0.,1.),
  .PIECEWISE_BEZIER_KNOTS.);
#568 = CARTESIAN_POINT('',(28.358320961335,38.823719008556,
    6.093345385235));
#569 = CARTESIAN_POINT('',(28.226932887153,38.781213195603,6.36443015021
    ));
#570 = CARTESIAN_POINT('',(28.113033552438,38.724783433949,
    6.637379042047));
#571 = CARTESIAN_POINT('',(28.015735715481,38.655775466389,
    6.911205445008));
#572 = CARTESIAN_POINT('',(27.934408061698,38.575184745566,
    7.185048627274));
#573 = CARTESIAN_POINT('',(27.868514308396,38.483807181086,
    7.458176067666));
#574 = CARTESIAN_POINT('',(27.817625796327,38.382239517192,
    7.729985228978));
#575 = CARTESIAN_POINT('',(27.781440704775,38.27087325663,8.));
#576 = CYLINDRICAL_SURFACE('',#577,5.);
#577 = AXIS2_PLACEMENT_3D('',#578,#579,#580);
#578 = CARTESIAN_POINT('',(31.011304316753,32.031031435037,8.));
#579 = DIRECTION('',(0.309016994375,0.951056516295,8.326672684689E-16));
#580 = DIRECTION('',(0.951056516295,-0.309016994375,-1.110223024625E-16)
  );
#581 = ADVANCED_FACE('',(#582),#601,.F.);
#582 = FACE_BOUND('',#583,.T.);
#583 = EDGE_LOOP('',(#584,#592,#593,#594));
#584 = ORIENTED_EDGE('',*,*,#585,.T.);
#585 = EDGE_CURVE('',#586,#66,#588,.T.);
#586 = VERTEX_POINT('',#587);
#587 = CARTESIAN_POINT('',(54.,-1.322618543079E-14,0.));
#588 = LINE('',#589,#590);
#589 = CARTESIAN_POINT('',(54.,-1.322618543079E-14,0.));
#590 = VECTOR('',#591,1.);
#591 = DIRECTION('',(0.,0.,1.));
#592 = ORIENTED_EDGE('',*,*,#65,.F.);
#593 = ORIENTED_EDGE('',*,*,#585,.F.);
#594 = ORIENTED_EDGE('',*,*,#595,.F.);
#595 = EDGE_CURVE('',#586,#586,#596,.T.);
#596 = CIRCLE('',#597,54.);
#597 = AXIS2_PLACEMENT_3D('',#598,#599,#600);
#598 = CARTESIAN_POINT('',(0.,0.,0.));
#599 = DIRECTION('',(0.,0.,1.));
#600 = DIRECTION('',(1.,0.,0.));
#601 = CYLINDRICAL_SURFACE('',#602,54.);
#602 = AXIS2_PLACEMENT_3D('',#603,#604,#605);
#603 = CARTESIAN_POINT('',(0.,0.,0.));
#604 = DIRECTION('',(-0.,-0.,-1.));
#605 = DIRECTION('',(1.,0.,0.));
#606 = ADVANCED_FACE('',(#607),#626,.F.);
#607 = FACE_BOUND('',#608,.T.);
#608 = EDGE_LOOP('',(#609,#617,#624,#625));
#609 = ORIENTED_EDGE('',*,*,#610,.F.);
#610 = EDGE_CURVE('',#611,#77,#613,.T.);
#611 = VERTEX_POINT('',#612);
#612 = CARTESIAN_POINT('',(37.214781741248,-27.03812160545,5.));
#613 = LINE('',#614,#615);
#614 = CARTESIAN_POINT('',(37.214781741248,-27.03812160545,5.));
#615 = VECTOR('',#616,1.);
#616 = DIRECTION('',(4.986263814252E-17,-3.622732716908E-17,-1.));
#617 = ORIENTED_EDGE('',*,*,#618,.T.);
#618 = EDGE_CURVE('',#611,#611,#619,.T.);
#619 = CIRCLE('',#620,3.5);
#620 = AXIS2_PLACEMENT_3D('',#621,#622,#623);
#621 = CARTESIAN_POINT('',(40.04634122156,-29.09536998847,5.));
#622 = DIRECTION('',(0.,0.,1.));
#623 = DIRECTION('',(-0.809016994375,0.587785252292,0.));
#624 = ORIENTED_EDGE('',*,*,#610,.T.);
#625 = ORIENTED_EDGE('',*,*,#76,.T.);
#626 = CYLINDRICAL_SURFACE('',#627,3.5);
#627 = AXIS2_PLACEMENT_3D('',#628,#629,#630);
#628 = CARTESIAN_POINT('',(40.04634122156,-29.09536998847,5.));
#629 = DIRECTION('',(0.,0.,-1.));
#630 = DIRECTION('',(-0.809016994375,0.587785252292,0.));
#631 = ADVANCED_FACE('',(#632),#651,.F.);
#632 = FACE_BOUND('',#633,.T.);
#633 = EDGE_LOOP('',(#634,#642,#649,#650));
#634 = ORIENTED_EDGE('',*,*,#635,.F.);
#635 = EDGE_CURVE('',#636,#88,#638,.T.);
#636 = VERTEX_POINT('',#637);
#637 = CARTESIAN_POINT('',(-14.21478174124,-43.74859974957,5.));
#638 = LINE('',#639,#640);
#639 = CARTESIAN_POINT('',(-14.21478174124,-43.74859974957,5.));
#640 = VECTOR('',#641,1.);
#641 = DIRECTION('',(-1.90458330017E-17,-5.861704668113E-17,-1.));
#642 = ORIENTED_EDGE('',*,*,#643,.T.);
#643 = EDGE_CURVE('',#636,#636,#644,.T.);
#644 = CIRCLE('',#645,3.5);
#645 = AXIS2_PLACEMENT_3D('',#646,#647,#648);
#646 = CARTESIAN_POINT('',(-15.29634122156,-47.07729755661,5.));
#647 = DIRECTION('',(0.,-0.,1.));
#648 = DIRECTION('',(0.309016994375,0.951056516295,0.));
#649 = ORIENTED_EDGE('',*,*,#635,.T.);
#650 = ORIENTED_EDGE('',*,*,#87,.T.);
#651 = CYLINDRICAL_SURFACE('',#652,3.5);
#652 = AXIS2_PLACEMENT_3D('',#653,#654,#655);
#653 = CARTESIAN_POINT('',(-15.29634122156,-47.07729755661,5.));
#654 = DIRECTION('',(0.,-0.,-1.));
#655 = DIRECTION('',(0.309016994375,0.951056516295,0.));
#656 = ADVANCED_FACE('',(#657),#676,.F.);
#657 = FACE_BOUND('',#658,.T.);
#658 = EDGE_LOOP('',(#659,#667,#674,#675));
#659 = ORIENTED_EDGE('',*,*,#660,.F.);
#660 = EDGE_CURVE('',#661,#99,#663,.T.);
#661 = VERTEX_POINT('',#662);
#662 = CARTESIAN_POINT('',(-46.,0.,5.));
#663 = LINE('',#664,#665);
#664 = CARTESIAN_POINT('',(-46.,0.,5.));
#665 = VECTOR('',#666,1.);
#666 = DIRECTION('',(-6.163361028162E-17,0.,-1.));
#667 = ORIENTED_EDGE('',*,*,#668,.T.);
#668 = EDGE_CURVE('',#661,#661,#669,.T.);
#669 = CIRCLE('',#670,3.5);
#670 = AXIS2_PLACEMENT_3D('',#671,#672,#673);
#671 = CARTESIAN_POINT('',(-49.5,0.,5.));
#672 = DIRECTION('',(0.,0.,1.));
#673 = DIRECTION('',(1.,0.,0.));
#674 = ORIENTED_EDGE('',*,*,#660,.T.);
#675 = ORIENTED_EDGE('',*,*,#98,.T.);
#676 = CYLINDRICAL_SURFACE('',#677,3.5);
#677 = AXIS2_PLACEMENT_3D('',#678,#679,#680);
#678 = CARTESIAN_POINT('',(-49.5,0.,5.));
#679 = DIRECTION('',(-0.,-0.,-1.));
#680 = DIRECTION('',(1.,0.,0.));
#681 = ADVANCED_FACE('',(#682),#702,.T.);
#682 = FACE_BOUND('',#683,.F.);
#683 = EDGE_LOOP('',(#684,#685,#694,#701));
#684 = ORIENTED_EDGE('',*,*,#448,.F.);
#685 = ORIENTED_EDGE('',*,*,#686,.F.);
#686 = EDGE_CURVE('',#687,#449,#689,.T.);
#687 = VERTEX_POINT('',#688);
#688 = CARTESIAN_POINT('',(48.07780699451,0.,6.093345385236));
#689 = CIRCLE('',#690,48.07780699451);
#690 = AXIS2_PLACEMENT_3D('',#691,#692,#693);
#691 = CARTESIAN_POINT('',(0.,0.,6.093345385236));
#692 = DIRECTION('',(0.,0.,1.));
#693 = DIRECTION('',(1.,0.,0.));
#694 = ORIENTED_EDGE('',*,*,#695,.F.);
#695 = EDGE_CURVE('',#263,#687,#696,.T.);
#696 = CIRCLE('',#697,5.);
#697 = AXIS2_PLACEMENT_3D('',#698,#699,#700);
#698 = CARTESIAN_POINT('',(52.7,-1.290777726301E-14,8.));
#699 = DIRECTION('',(2.449293598295E-16,1.,0.));
#700 = DIRECTION('',(1.,-2.449293598295E-16,0.));
#701 = ORIENTED_EDGE('',*,*,#271,.T.);
#702 = TOROIDAL_SURFACE('',#703,52.7,5.);
#703 = AXIS2_PLACEMENT_3D('',#704,#705,#706);
#704 = CARTESIAN_POINT('',(0.,0.,8.));
#705 = DIRECTION('',(-0.,-0.,-1.));
#706 = DIRECTION('',(1.,0.,0.));
#707 = ADVANCED_FACE('',(#708),#766,.T.);
#708 = FACE_BOUND('',#709,.F.);
#709 = EDGE_LOOP('',(#710,#711,#712,#721));
#710 = ORIENTED_EDGE('',*,*,#262,.T.);
#711 = ORIENTED_EDGE('',*,*,#695,.T.);
#712 = ORIENTED_EDGE('',*,*,#713,.F.);
#713 = EDGE_CURVE('',#714,#687,#716,.T.);
#714 = VERTEX_POINT('',#715);
#715 = CARTESIAN_POINT('',(45.686754058891,-14.97317698298,
    6.093345385236));
#716 = CIRCLE('',#717,48.07780699451);
#717 = AXIS2_PLACEMENT_3D('',#718,#719,#720);
#718 = CARTESIAN_POINT('',(0.,0.,6.093345385236));
#719 = DIRECTION('',(0.,0.,1.));
#720 = DIRECTION('',(1.,0.,0.));
#721 = ORIENTED_EDGE('',*,*,#722,.T.);
#722 = EDGE_CURVE('',#714,#255,#723,.T.);
#723 = B_SPLINE_CURVE_WITH_KNOTS('',6,(#724,#725,#726,#727,#728,#729,
    #730,#731,#732,#733,#734,#735,#736,#737,#738,#739,#740,#741,#742,
    #743,#744,#745,#746,#747,#748,#749,#750,#751,#752,#753,#754,#755,
    #756,#757,#758,#759,#760,#761,#762,#763,#764,#765),.UNSPECIFIED.,.F.
  ,.F.,(7,5,5,5,5,5,5,5,7),(0.,0.243070692651,0.42244593586,
    0.677854377083,0.938481936988,0.970778469283,0.986402885415,
    0.993693566412,1.),.UNSPECIFIED.);
#724 = CARTESIAN_POINT('',(45.686754058891,-14.97317698298,
    6.093345385236));
#725 = CARTESIAN_POINT('',(45.75827554246,-15.07188173904,5.854061128119
    ));
#726 = CARTESIAN_POINT('',(45.83977133048,-15.18453717371,5.623125356355
    ));
#727 = CARTESIAN_POINT('',(45.930403933455,-15.31008444552,
    5.401636749633));
#728 = CARTESIAN_POINT('',(46.029285294345,-15.44740308543,
    5.190356993782));
#729 = CARTESIAN_POINT('',(46.135563445713,-15.59541584153,4.98983284163
    ));
#730 = CARTESIAN_POINT('',(46.331757201291,-15.86950612188,
    4.660686324872));
#731 = CARTESIAN_POINT('',(46.418662849117,-15.99116822471,
    4.526991869411));
#732 = CARTESIAN_POINT('',(46.508854059017,-16.11771277689,4.39951196331
    ));
#733 = CARTESIAN_POINT('',(46.602031624276,-16.24875898178,
    4.278360088337));
#734 = CARTESIAN_POINT('',(46.697914127404,-16.3839467035,4.163621511869
    ));
#735 = CARTESIAN_POINT('',(46.936246219468,-16.72084960774,3.90121203577
    ));
#736 = CARTESIAN_POINT('',(47.081199749761,-16.92646434866,
    3.760204953963));
#737 = CARTESIAN_POINT('',(47.230353574953,-17.13882152248,
    3.632520126463));
#738 = CARTESIAN_POINT('',(47.383011496231,-17.35701075445,
    3.518290537665));
#739 = CARTESIAN_POINT('',(47.538530549196,-17.58017624521,
    3.417614607859));
#740 = CARTESIAN_POINT('',(47.857338875319,-18.03950730373,
    3.241744047263));
#741 = CARTESIAN_POINT('',(48.02071287647,-18.27583223785,3.167117100816
    ));
#742 = CARTESIAN_POINT('',(48.185817102761,-18.51564155739,
    3.106770116801));
#743 = CARTESIAN_POINT('',(48.352051063705,-18.75809822347,
    3.060776965929));
#744 = CARTESIAN_POINT('',(48.518839912444,-19.00237939261,
    3.029202812496));
#745 = CARTESIAN_POINT('',(48.706301899979,-19.27807211454,
    3.009984919181));
#746 = CARTESIAN_POINT('',(48.726970646602,-19.30848428504,
    3.008088326194));
#747 = CARTESIAN_POINT('',(48.747638335481,-19.3389103853,3.006414130359
    ));
#748 = CARTESIAN_POINT('',(48.768303905366,-19.3693488493,3.004962438779
    ));
#749 = CARTESIAN_POINT('',(48.788966297328,-19.39979810913,3.00373335658
    ));
#750 = CARTESIAN_POINT('',(48.819618457995,-19.44499180108,
    3.002240125407));
#751 = CARTESIAN_POINT('',(48.829611470138,-19.45972916639,
    3.001805388222));
#752 = CARTESIAN_POINT('',(48.839603371532,-19.47446851319,
    3.001422787035));
#753 = CARTESIAN_POINT('',(48.849594042616,-19.48920966355,
    3.001092333403));
#754 = CARTESIAN_POINT('',(48.859583363926,-19.50395243942,
    3.000814038768));
#755 = CARTESIAN_POINT('',(48.87423175786,-19.52557662705,3.000482400096
    ));
#756 = CARTESIAN_POINT('',(48.878891884326,-19.53245676577,
    3.000388247213));
#757 = CARTESIAN_POINT('',(48.883551579783,-19.53933705532,
    3.000305456163));
#758 = CARTESIAN_POINT('',(48.888210828531,-19.54621747223,
    3.000234027242));
#759 = CARTESIAN_POINT('',(48.892869614885,-19.55309799305,
    3.000173960681));
#760 = CARTESIAN_POINT('',(48.901557356339,-19.56593030926,
    3.000083127694));
#761 = CARTESIAN_POINT('',(48.905518841123,-19.57178227772,
    3.000049904203));
#762 = CARTESIAN_POINT('',(48.909515704721,-19.57768703127,
    3.000025006986));
#763 = CARTESIAN_POINT('',(48.913566656815,-19.58367220809,
    3.000008224783));
#764 = CARTESIAN_POINT('',(48.917605789574,-19.58964055293,
    2.999999714258));
#765 = CARTESIAN_POINT('',(48.921482577653,-19.59536991716,3.));
#766 = TOROIDAL_SURFACE('',#767,52.7,5.);
#767 = AXIS2_PLACEMENT_3D('',#768,#769,#770);
#768 = CARTESIAN_POINT('',(0.,0.,8.));
#769 = DIRECTION('',(-0.,-0.,-1.));
#770 = DIRECTION('',(1.,0.,0.));
#771 = ADVANCED_FACE('',(#772),#830,.T.);
#772 = FACE_BOUND('',#773,.F.);
#773 = EDGE_LOOP('',(#774,#821,#828,#829));
#774 = ORIENTED_EDGE('',*,*,#775,.F.);
#775 = EDGE_CURVE('',#776,#127,#778,.T.);
#776 = VERTEX_POINT('',#777);
#777 = CARTESIAN_POINT('',(-0.122354117279,48.077651303609,
    6.093345385236));
#778 = B_SPLINE_CURVE_WITH_KNOTS('',6,(#779,#780,#781,#782,#783,#784,
    #785,#786,#787,#788,#789,#790,#791,#792,#793,#794,#795,#796,#797,
    #798,#799,#800,#801,#802,#803,#804,#805,#806,#807,#808,#809,#810,
    #811,#812,#813,#814,#815,#816,#817,#818,#819,#820),.UNSPECIFIED.,.F.
  ,.F.,(7,5,5,5,5,5,5,5,7),(0.,0.243056979055,0.422422102247,
    0.677816133801,0.938428989586,0.971765353073,0.987388693836,
    0.994678855744,1.),.UNSPECIFIED.);
#779 = CARTESIAN_POINT('',(-0.122354117279,48.077651303609,
    6.093345385236));
#780 = CARTESIAN_POINT('',(-0.194126564834,48.176173723661,
    5.854061128119));
#781 = CARTESIAN_POINT('',(-0.276084666609,48.288493267731,
    5.623125356355));
#782 = CARTESIAN_POINT('',(-0.367480202995,48.413486235963,
    5.401636749633));
#783 = CARTESIAN_POINT('',(-0.467521969353,48.549961791955,
    5.190356993782));
#784 = CARTESIAN_POINT('',(-0.575448710629,48.696776777371,4.98983284163
    ));
#785 = CARTESIAN_POINT('',(-0.775496853148,48.968066681692,
    4.660686324872));
#786 = CARTESIAN_POINT('',(-0.864349066745,49.088314521706,
    4.526991869411));
#787 = CARTESIAN_POINT('',(-0.956829471093,49.213195876762,4.39951196331
    ));
#788 = CARTESIAN_POINT('',(-1.052668367034,49.342308511736,
    4.278360088337));
#789 = CARTESIAN_POINT('',(-1.151610207765,49.475273494574,
    4.163621511869));
#790 = CARTESIAN_POINT('',(-1.39837524345,49.80604950664,3.90121203577)
  );
#791 = CARTESIAN_POINT('',(-1.549133378392,50.007446955422,
    3.760204953963));
#792 = CARTESIAN_POINT('',(-1.705005985577,50.21492264839,3.632520126463
    ));
#793 = CARTESIAN_POINT('',(-1.865342384427,50.427533139854,
    3.518290537665));
#794 = CARTESIAN_POINT('',(-2.029527348316,50.644402477788,
    3.417614607859));
#795 = CARTESIAN_POINT('',(-2.36785995393,51.089548316922,3.241744047263
    ));
#796 = CARTESIAN_POINT('',(-2.542132979693,51.317954646147,
    3.167117100816));
#797 = CARTESIAN_POINT('',(-2.719185183949,51.549083251578,
    3.106770116801));
#798 = CARTESIAN_POINT('',(-2.898406057165,51.78210437358,3.060776965929
    ));
#799 = CARTESIAN_POINT('',(-3.079190666152,52.016217027689,
    3.029202812496));
#800 = CARTESIAN_POINT('',(-3.28418752311,52.28063471266,3.009916575497)
  );
#801 = CARTESIAN_POINT('',(-3.307451625081,52.310627054397,
    3.007966209715));
#802 = CARTESIAN_POINT('',(-3.3307301519,52.340622859541,3.006252822877)
  );
#803 = CARTESIAN_POINT('',(-3.354021826001,52.370620485718,
    3.004776532715));
#804 = CARTESIAN_POINT('',(-3.377325366965,52.400618292381,3.00353745472
    ));
#805 = CARTESIAN_POINT('',(-3.411565833638,52.444672658071,
    3.002066223151));
#806 = CARTESIAN_POINT('',(-3.422494500303,52.458730354997,
    3.001648870307));
#807 = CARTESIAN_POINT('',(-3.433425359394,52.472787562877,
    3.001283655255));
#808 = CARTESIAN_POINT('',(-3.444358278619,52.486844113038,
    3.000970589527));
#809 = CARTESIAN_POINT('',(-3.455293125519,52.500899836852,
    3.000709684542));
#810 = CARTESIAN_POINT('',(-3.471333022375,52.521512782104,
    3.000403552651));
#811 = CARTESIAN_POINT('',(-3.476436561392,52.528070644673,
    3.000317515375));
#812 = CARTESIAN_POINT('',(-3.48154036706,52.53462813126,3.000242840103)
  );
#813 = CARTESIAN_POINT('',(-3.486644421924,52.541185219692,
    3.000179527103));
#814 = CARTESIAN_POINT('',(-3.491748708521,52.547741887807,
    3.000127576578));
#815 = CARTESIAN_POINT('',(-3.500579023136,52.55908355209,3.000057363241
    ));
#816 = CARTESIAN_POINT('',(-3.504151068551,52.563671218397,3.00003452734
    ));
#817 = CARTESIAN_POINT('',(-3.50779632269,52.56835240086,3.000017419235)
  );
#818 = CARTESIAN_POINT('',(-3.511561310043,52.573186860927,
    3.000005654238));
#819 = CARTESIAN_POINT('',(-3.51531210254,52.578002833007,2.999999524698
    ));
#820 = CARTESIAN_POINT('',(-3.518734319549,52.582397024472,3.));
#821 = ORIENTED_EDGE('',*,*,#822,.F.);
#822 = EDGE_CURVE('',#510,#776,#823,.T.);
#823 = CIRCLE('',#824,48.07780699451);
#824 = AXIS2_PLACEMENT_3D('',#825,#826,#827);
#825 = CARTESIAN_POINT('',(0.,0.,6.093345385236));
#826 = DIRECTION('',(0.,0.,1.));
#827 = DIRECTION('',(1.,0.,0.));
#828 = ORIENTED_EDGE('',*,*,#509,.T.);
#829 = ORIENTED_EDGE('',*,*,#126,.T.);
#830 = TOROIDAL_SURFACE('',#831,52.7,5.);
#831 = AXIS2_PLACEMENT_3D('',#832,#833,#834);
#832 = CARTESIAN_POINT('',(0.,0.,8.));
#833 = DIRECTION('',(-0.,-0.,-1.));
#834 = DIRECTION('',(1.,0.,0.));
#835 = ADVANCED_FACE('',(#836),#868,.T.);
#836 = FACE_BOUND('',#837,.T.);
#837 = EDGE_LOOP('',(#838,#839,#840,#849,#857));
#838 = ORIENTED_EDGE('',*,*,#722,.T.);
#839 = ORIENTED_EDGE('',*,*,#254,.F.);
#840 = ORIENTED_EDGE('',*,*,#841,.T.);
#841 = EDGE_CURVE('',#246,#842,#844,.T.);
#842 = VERTEX_POINT('',#843);
#843 = CARTESIAN_POINT('',(40.046341221556,-14.59536998847,8.));
#844 = CIRCLE('',#845,5.);
#845 = AXIS2_PLACEMENT_3D('',#846,#847,#848);
#846 = CARTESIAN_POINT('',(40.046341221559,-19.59536998847,8.));
#847 = DIRECTION('',(1.,6.900036098045E-14,-0.));
#848 = DIRECTION('',(-6.900036098045E-14,1.,0.));
#849 = ORIENTED_EDGE('',*,*,#850,.T.);
#850 = EDGE_CURVE('',#842,#851,#853,.T.);
#851 = VERTEX_POINT('',#852);
#852 = CARTESIAN_POINT('',(44.982700701019,-14.59536998847,8.));
#853 = LINE('',#854,#855);
#854 = CARTESIAN_POINT('',(40.046341221556,-14.59536998847,8.));
#855 = VECTOR('',#856,1.);
#856 = DIRECTION('',(1.,9.059419880941E-14,0.));
#857 = ORIENTED_EDGE('',*,*,#858,.F.);
#858 = EDGE_CURVE('',#714,#851,#859,.T.);
#859 = B_SPLINE_CURVE_WITH_KNOTS('',7,(#860,#861,#862,#863,#864,#865,
    #866,#867),.UNSPECIFIED.,.F.,.F.,(8,8),(0.,1.),
  .PIECEWISE_BEZIER_KNOTS.);
#860 = CARTESIAN_POINT('',(45.686754058891,-14.97317698298,
    6.093345385235));
#861 = CARTESIAN_POINT('',(45.605727480721,-14.86135451743,6.36443015021
    ));
#862 = CARTESIAN_POINT('',(45.516862758113,-14.77046756829,
    6.637379042046));
#863 = CARTESIAN_POINT('',(45.421165595752,-14.69925646115,
    6.911205445008));
#864 = CARTESIAN_POINT('',(45.319387638429,-14.64681316839,
    7.185048627274));
#865 = CARTESIAN_POINT('',(45.212120120694,-14.61238170526,
    7.458176067666));
#866 = CARTESIAN_POINT('',(45.099798117055,-14.59536998847,
    7.729985228978));
#867 = CARTESIAN_POINT('',(44.982700701019,-14.59536998847,8.));
#868 = CYLINDRICAL_SURFACE('',#869,5.);
#869 = AXIS2_PLACEMENT_3D('',#870,#871,#872);
#870 = CARTESIAN_POINT('',(40.046341221556,-19.59536998847,8.));
#871 = DIRECTION('',(1.,9.094947017729E-14,3.552713678801E-16));
#872 = DIRECTION('',(9.094947017729E-14,-1.,-1.110223024625E-16));
#873 = ADVANCED_FACE('',(#874),#906,.T.);
#874 = FACE_BOUND('',#875,.F.);
#875 = EDGE_LOOP('',(#876,#877,#886,#894,#905));
#876 = ORIENTED_EDGE('',*,*,#135,.F.);
#877 = ORIENTED_EDGE('',*,*,#878,.T.);
#878 = EDGE_CURVE('',#136,#879,#881,.T.);
#879 = VERTEX_POINT('',#880);
#880 = CARTESIAN_POINT('',(-1.506021735275,42.596551138171,8.));
#881 = CIRCLE('',#882,5.);
#882 = AXIS2_PLACEMENT_3D('',#883,#884,#885);
#883 = CARTESIAN_POINT('',(-6.261304316751,44.141636110046,8.));
#884 = DIRECTION('',(-0.309016994375,-0.951056516295,1.665334536938E-15)
  );
#885 = DIRECTION('',(-0.951056516295,0.309016994375,-1.110223024625E-16)
  );
#886 = ORIENTED_EDGE('',*,*,#887,.T.);
#887 = EDGE_CURVE('',#879,#888,#890,.T.);
#888 = VERTEX_POINT('',#889);
#889 = CARTESIAN_POINT('',(1.93972342226E-02,47.291307987888,8.));
#890 = LINE('',#891,#892);
#891 = CARTESIAN_POINT('',(-1.506021735275,42.596551138171,8.));
#892 = VECTOR('',#893,1.);
#893 = DIRECTION('',(0.309016994375,0.951056516295,0.));
#894 = ORIENTED_EDGE('',*,*,#895,.F.);
#895 = EDGE_CURVE('',#776,#888,#896,.T.);
#896 = B_SPLINE_CURVE_WITH_KNOTS('',7,(#897,#898,#899,#900,#901,#902,
    #903,#904),.UNSPECIFIED.,.F.,.F.,(8,8),(0.,1.),
  .PIECEWISE_BEZIER_KNOTS.);
#897 = CARTESIAN_POINT('',(-0.122354117279,48.077651303609,
    6.093345385235));
#898 = CARTESIAN_POINT('',(-4.104322239851E-02,47.966035406239,
    6.36443015021));
#899 = CARTESIAN_POINT('',(1.793469334321E-02,47.853434420881,
    6.637379042047));
#900 = CARTESIAN_POINT('',(5.608843133533E-02,47.740415568734,
    6.911205445007));
#901 = CARTESIAN_POINT('',(7.451384818631E-02,47.627413110502,
    7.185048627274));
#902 = CARTESIAN_POINT('',(7.411262963886E-02,47.514755731524,
    7.458176067666));
#903 = CARTESIAN_POINT('',(5.558232577484E-02,47.402674248449,
    7.729985228978));
#904 = CARTESIAN_POINT('',(1.93972342226E-02,47.291307987888,8.));
#905 = ORIENTED_EDGE('',*,*,#775,.T.);
#906 = CYLINDRICAL_SURFACE('',#907,5.);
#907 = AXIS2_PLACEMENT_3D('',#908,#909,#910);
#908 = CARTESIAN_POINT('',(-6.261304316751,44.141636110046,8.));
#909 = DIRECTION('',(0.309016994375,0.951056516295,-1.665334536938E-15)
  );
#910 = DIRECTION('',(-0.951056516295,0.309016994375,-1.110223024625E-16)
  );
#911 = ADVANCED_FACE('',(#912),#932,.T.);
#912 = FACE_BOUND('',#913,.F.);
#913 = EDGE_LOOP('',(#914,#915,#916,#925));
#914 = ORIENTED_EDGE('',*,*,#245,.F.);
#915 = ORIENTED_EDGE('',*,*,#841,.T.);
#916 = ORIENTED_EDGE('',*,*,#917,.T.);
#917 = EDGE_CURVE('',#842,#918,#920,.T.);
#918 = VERTEX_POINT('',#919);
#919 = CARTESIAN_POINT('',(26.256021735274,-33.57611640691,8.));
#920 = CIRCLE('',#921,14.5);
#921 = AXIS2_PLACEMENT_3D('',#922,#923,#924);
#922 = CARTESIAN_POINT('',(40.04634122156,-29.09536998847,8.));
#923 = DIRECTION('',(0.,0.,1.));
#924 = DIRECTION('',(-0.809016994375,0.587785252292,0.));
#925 = ORIENTED_EDGE('',*,*,#926,.F.);
#926 = EDGE_CURVE('',#238,#918,#927,.T.);
#927 = CIRCLE('',#928,5.);
#928 = AXIS2_PLACEMENT_3D('',#929,#930,#931);
#929 = CARTESIAN_POINT('',(31.01130431675,-32.03103143504,8.));
#930 = DIRECTION('',(-0.309016994375,0.951056516295,1.387778780781E-15)
  );
#931 = DIRECTION('',(0.951056516295,0.309016994375,0.));
#932 = TOROIDAL_SURFACE('',#933,9.5,5.);
#933 = AXIS2_PLACEMENT_3D('',#934,#935,#936);
#934 = CARTESIAN_POINT('',(40.04634122156,-29.09536998847,8.));
#935 = DIRECTION('',(0.,0.,1.));
#936 = DIRECTION('',(-0.809016994375,0.587785252292,0.));
#937 = ADVANCED_FACE('',(#938),#958,.T.);
#938 = FACE_BOUND('',#939,.F.);
#939 = EDGE_LOOP('',(#940,#941,#950,#957));
#940 = ORIENTED_EDGE('',*,*,#143,.F.);
#941 = ORIENTED_EDGE('',*,*,#942,.T.);
#942 = EDGE_CURVE('',#144,#943,#945,.T.);
#943 = VERTEX_POINT('',#944);
#944 = CARTESIAN_POINT('',(-23.81922737979,35.346551138169,8.));
#945 = CIRCLE('',#946,5.);
#946 = AXIS2_PLACEMENT_3D('',#947,#948,#949);
#947 = CARTESIAN_POINT('',(-20.88030111833,39.391636110048,8.));
#948 = DIRECTION('',(-0.809016994375,0.587785252292,0.));
#949 = DIRECTION('',(-0.587785252292,-0.809016994375,0.));
#950 = ORIENTED_EDGE('',*,*,#951,.T.);
#951 = EDGE_CURVE('',#943,#879,#952,.T.);
#952 = CIRCLE('',#953,14.5);
#953 = AXIS2_PLACEMENT_3D('',#954,#955,#956);
#954 = CARTESIAN_POINT('',(-15.29634122156,47.07729755661,8.));
#955 = DIRECTION('',(-0.,0.,1.));
#956 = DIRECTION('',(0.309016994375,-0.951056516295,0.));
#957 = ORIENTED_EDGE('',*,*,#878,.F.);
#958 = TOROIDAL_SURFACE('',#959,9.5,5.);
#959 = AXIS2_PLACEMENT_3D('',#960,#961,#962);
#960 = CARTESIAN_POINT('',(-15.29634122156,47.07729755661,8.));
#961 = DIRECTION('',(0.,0.,1.));
#962 = DIRECTION('',(0.309016994375,-0.951056516295,0.));
#963 = ADVANCED_FACE('',(#964),#1034,.T.);
#964 = FACE_BOUND('',#965,.F.);
#965 = EDGE_LOOP('',(#966,#967,#968,#976,#989));
#966 = ORIENTED_EDGE('',*,*,#237,.F.);
#967 = ORIENTED_EDGE('',*,*,#926,.T.);
#968 = ORIENTED_EDGE('',*,*,#969,.T.);
#969 = EDGE_CURVE('',#918,#970,#972,.T.);
#970 = VERTEX_POINT('',#971);
#971 = CARTESIAN_POINT('',(27.781440704772,-38.27087325663,8.));
#972 = LINE('',#973,#974);
#973 = CARTESIAN_POINT('',(26.256021735274,-33.57611640691,8.));
#974 = VECTOR('',#975,1.);
#975 = DIRECTION('',(0.309016994375,-0.951056516295,0.));
#976 = ORIENTED_EDGE('',*,*,#977,.F.);
#977 = EDGE_CURVE('',#978,#970,#980,.T.);
#978 = VERTEX_POINT('',#979);
#979 = CARTESIAN_POINT('',(28.358320961332,-38.82371900855,
    6.093345385236));
#980 = B_SPLINE_CURVE_WITH_KNOTS('',7,(#981,#982,#983,#984,#985,#986,
    #987,#988),.UNSPECIFIED.,.F.,.F.,(8,8),(0.,1.),
  .PIECEWISE_BEZIER_KNOTS.);
#981 = CARTESIAN_POINT('',(28.358320961332,-38.82371900855,
    6.093345385235));
#982 = CARTESIAN_POINT('',(28.22693288715,-38.7812131956,6.36443015021)
  );
#983 = CARTESIAN_POINT('',(28.113033552436,-38.72478343395,
    6.637379042046));
#984 = CARTESIAN_POINT('',(28.015735715478,-38.65577546639,
    6.911205445008));
#985 = CARTESIAN_POINT('',(27.934408061695,-38.57518474556,
    7.185048627273));
#986 = CARTESIAN_POINT('',(27.868514308394,-38.48380718108,
    7.458176067666));
#987 = CARTESIAN_POINT('',(27.817625796324,-38.38223951719,
    7.729985228978));
#988 = CARTESIAN_POINT('',(27.781440704772,-38.27087325663,8.));
#989 = ORIENTED_EDGE('',*,*,#990,.T.);
#990 = EDGE_CURVE('',#978,#229,#991,.T.);
#991 = B_SPLINE_CURVE_WITH_KNOTS('',6,(#992,#993,#994,#995,#996,#997,
    #998,#999,#1000,#1001,#1002,#1003,#1004,#1005,#1006,#1007,#1008,
    #1009,#1010,#1011,#1012,#1013,#1014,#1015,#1016,#1017,#1018,#1019,
    #1020,#1021,#1022,#1023,#1024,#1025,#1026,#1027,#1028,#1029,#1030,
    #1031,#1032,#1033),.UNSPECIFIED.,.F.,.F.,(7,5,5,5,5,5,5,5,7),(0.,
    0.243072338735,0.422448796681,0.677858967541,0.938488292427,
    0.970785043435,0.986409565376,0.993700295746,1.),.UNSPECIFIED.);
#992 = CARTESIAN_POINT('',(28.358320961332,-38.82371900855,
    6.093345385236));
#993 = CARTESIAN_POINT('',(28.474296116658,-38.86123853451,
    5.854061128119));
#994 = CARTESIAN_POINT('',(28.606621385369,-38.90393319093,
    5.623125356354));
#995 = CARTESIAN_POINT('',(28.754030950882,-38.951333678,5.401636749634)
  );
#996 = CARTESIAN_POINT('',(28.915184759125,-39.00294164723,
    5.190356993782));
#997 = CARTESIAN_POINT('',(29.088795010207,-39.05827971861,4.98983284163
    ));
#998 = CARTESIAN_POINT('',(29.410097562054,-39.16017251369,
    4.660686324872));
#999 = CARTESIAN_POINT('',(29.552660419822,-39.20522903901,
    4.526991869411));
#1000 = CARTESIAN_POINT('',(29.700882057374,-39.25190155973,
    4.39951196331));
#1001 = CARTESIAN_POINT('',(29.854307855635,-39.30002318598,
    4.278360088337));
#1002 = CARTESIAN_POINT('',(30.012508342225,-39.34943756194,
    4.163621511869));
#1003 = CARTESIAN_POINT('',(30.406570711416,-39.47199612828,
    3.90121203577));
#1004 = CARTESIAN_POINT('',(30.646915054868,-39.54631667858,
    3.760204953963));
#1005 = CARTESIAN_POINT('',(30.894969795574,-39.62254842037,
    3.632520126463));
#1006 = CARTESIAN_POINT('',(31.149653978425,-39.7003105505,
    3.518290537665));
#1007 = CARTESIAN_POINT('',(31.409955002945,-39.77925603003,
    3.417614607859));
#1008 = CARTESIAN_POINT('',(31.94532199,-39.94051966291,3.241744047263)
  );
#1009 = CARTESIAN_POINT('',(32.220565701351,-40.02286915046,
    3.167117100816));
#1010 = CARTESIAN_POINT('',(32.499657929142,-40.10578744559,
    3.106770116801));
#1011 = CARTESIAN_POINT('',(32.781617040306,-40.18896210716,
    3.060776965929));
#1012 = CARTESIAN_POINT('',(33.065482826758,-40.27210069593,
    3.029202812496));
#1013 = CARTESIAN_POINT('',(33.385611126394,-40.36519390443,
    3.009984919181));
#1014 = CARTESIAN_POINT('',(33.420921813284,-40.37545317307,
    3.008088326194));
#1015 = CARTESIAN_POINT('',(33.4562454213,-40.3857071312,3.006414130359)
  );
#1016 = CARTESIAN_POINT('',(33.491580133121,-40.39595525345,
    3.004962438779));
#1017 = CARTESIAN_POINT('',(33.52692413036,-40.40619701721,3.00373335658
    ));
#1018 = CARTESIAN_POINT('',(33.579377924146,-40.4213833355,
    3.002240125407));
#1019 = CARTESIAN_POINT('',(33.596482002036,-40.42633315848,
    3.001805388222));
#1020 = CARTESIAN_POINT('',(33.613587621189,-40.43128131277,
    3.001422787035));
#1021 = CARTESIAN_POINT('',(33.630694575452,-40.43622773963,
    3.001092333403));
#1022 = CARTESIAN_POINT('',(33.647802658558,-40.44117238046,
    3.000814038768));
#1023 = CARTESIAN_POINT('',(33.672895085772,-40.4484215895,
    3.000482400096));
#1024 = CARTESIAN_POINT('',(33.680878544816,-40.45072755335,
    3.000388247213));
#1025 = CARTESIAN_POINT('',(33.688862014107,-40.45303306069,
    3.000305456163));
#1026 = CARTESIAN_POINT('',(33.696845466488,-40.45533810382,
    3.000234027242));
#1027 = CARTESIAN_POINT('',(33.704828874806,-40.45764267507,
    3.000173960681));
#1028 = CARTESIAN_POINT('',(33.719710377136,-40.46193766424,
    3.000083172933));
#1029 = CARTESIAN_POINT('',(33.726507098587,-40.46389899015,
    3.000049924802));
#1030 = CARTESIAN_POINT('',(33.733357936122,-40.46587552759,
    3.000025007151));
#1031 = CARTESIAN_POINT('',(33.740290625958,-40.4678752861,
    3.000008235805));
#1032 = CARTESIAN_POINT('',(33.747205080669,-40.46986950181,
    2.999999747524));
#1033 = CARTESIAN_POINT('',(33.753873389189,-40.47179263732,3.));
#1034 = CYLINDRICAL_SURFACE('',#1035,5.);
#1035 = AXIS2_PLACEMENT_3D('',#1036,#1037,#1038);
#1036 = CARTESIAN_POINT('',(31.01130431675,-32.03103143504,8.));
#1037 = DIRECTION('',(0.309016994375,-0.951056516295,-1.387778780781E-15
    ));
#1038 = DIRECTION('',(0.951056516295,0.309016994375,0.));
#1039 = ADVANCED_FACE('',(#1040),#1100,.T.);
#1040 = FACE_BOUND('',#1041,.T.);
#1041 = EDGE_LOOP('',(#1042,#1079,#1080,#1081,#1089));
#1042 = ORIENTED_EDGE('',*,*,#1043,.T.);
#1043 = EDGE_CURVE('',#1044,#153,#1046,.T.);
#1044 = VERTEX_POINT('',#1045);
#1045 = CARTESIAN_POINT('',(-28.1603478409,38.967554899948,
    6.093345385236));
#1046 = B_SPLINE_CURVE_WITH_KNOTS('',6,(#1047,#1048,#1049,#1050,#1051,
    #1052,#1053,#1054,#1055,#1056,#1057,#1058,#1059,#1060,#1061,#1062,
    #1063,#1064,#1065,#1066,#1067,#1068,#1069,#1070,#1071,#1072,#1073,
    #1074,#1075,#1076,#1077,#1078),.UNSPECIFIED.,.F.,.F.,(7,5,5,5,5,5,7)
  ,(0.,0.243070192886,0.422445067292,0.677852983383,0.938480007426,
    0.970776473318,1.),.UNSPECIFIED.);
#1047 = CARTESIAN_POINT('',(-28.1603478409,38.967554899948,
    6.093345385236));
#1048 = CARTESIAN_POINT('',(-28.16019273663,39.089447998291,
    5.854061128119));
#1049 = CARTESIAN_POINT('',(-28.15990701102,39.228490181773,
    5.623125356355));
#1050 = CARTESIAN_POINT('',(-28.15943549224,39.383332565663,
    5.401636749633));
#1051 = CARTESIAN_POINT('',(-28.15871832222,39.552546684657,
    5.190356993782));
#1052 = CARTESIAN_POINT('',(-28.15769943762,39.734760249737,
    4.98983284163));
#1053 = CARTESIAN_POINT('',(-28.15531729548,40.071823740656,
    4.660686324872));
#1054 = CARTESIAN_POINT('',(-28.15411425168,40.22133230755,
    4.526991869411));
#1055 = CARTESIAN_POINT('',(-28.1526994517,40.376722063873,4.39951196331
    ));
#1056 = CARTESIAN_POINT('',(-28.15105465888,40.537509069385,
    4.278360088337));
#1057 = CARTESIAN_POINT('',(-28.14916388426,40.703236554975,
    4.163621511869));
#1058 = CARTESIAN_POINT('',(-28.14395203848,41.115884818824,
    3.90121203577));
#1059 = CARTESIAN_POINT('',(-28.14036459552,41.367432185895,
    3.760204953963));
#1060 = CARTESIAN_POINT('',(-28.13621215988,41.626903167166,
    3.632520126463));
#1061 = CARTESIAN_POINT('',(-28.13146659976,41.893152038592,
    3.518290537665));
#1062 = CARTESIAN_POINT('',(-28.12611077227,42.165108518962,
    3.417614607859));
#1063 = CARTESIAN_POINT('',(-28.11404410393,42.724105983746,
    3.241744047263));
#1064 = CARTESIAN_POINT('',(-28.10730813628,43.011325700127,
    3.167117100816));
#1065 = CARTESIAN_POINT('',(-28.0999238798,43.302381344355,
    3.106770116801));
#1066 = CARTESIAN_POINT('',(-28.09189752661,43.596242778283,
    3.060776965929));
#1067 = CARTESIAN_POINT('',(-28.08324767108,43.891906421058,
    3.029202812496));
#1068 = CARTESIAN_POINT('',(-28.07285948867,44.225133909966,
    3.009984919181));
#1069 = CARTESIAN_POINT('',(-28.07170503063,44.261886657186,
    3.008088326194));
#1070 = CARTESIAN_POINT('',(-28.07054152915,44.298650052092,
    3.006414130359));
#1071 = CARTESIAN_POINT('',(-28.06936904615,44.335422203955,
    3.004962438779));
#1072 = CARTESIAN_POINT('',(-28.06818764652,44.372201221896,
    3.00373335658));
#1073 = CARTESIAN_POINT('',(-28.06592039933,44.442269290119,
    3.001816371158));
#1074 = CARTESIAN_POINT('',(-28.06484051271,44.475421503253,
    3.001091822053));
#1075 = CARTESIAN_POINT('',(-28.06375145623,44.508644713037,3.0005450348
    ));
#1076 = CARTESIAN_POINT('',(-28.06265157733,44.541978185593,
    3.000179641444));
#1077 = CARTESIAN_POINT('',(-28.06154479389,44.575297258027,
    3.000000002739));
#1078 = CARTESIAN_POINT('',(-28.06044153532,44.608313002046,3.));
#1079 = ORIENTED_EDGE('',*,*,#152,.F.);
#1080 = ORIENTED_EDGE('',*,*,#942,.T.);
#1081 = ORIENTED_EDGE('',*,*,#1082,.T.);
#1082 = EDGE_CURVE('',#943,#1083,#1085,.T.);
#1083 = VERTEX_POINT('',#1084);
#1084 = CARTESIAN_POINT('',(-27.81282608902,38.248070440212,8.));
#1085 = LINE('',#1086,#1087);
#1086 = CARTESIAN_POINT('',(-23.81922737979,35.346551138169,8.));
#1087 = VECTOR('',#1088,1.);
#1088 = DIRECTION('',(-0.809016994375,0.587785252292,0.));
#1089 = ORIENTED_EDGE('',*,*,#1090,.F.);
#1090 = EDGE_CURVE('',#1044,#1083,#1091,.T.);
#1091 = B_SPLINE_CURVE_WITH_KNOTS('',7,(#1092,#1093,#1094,#1095,#1096,
    #1097,#1098,#1099),.UNSPECIFIED.,.F.,.F.,(8,8),(0.,1.),
  .PIECEWISE_BEZIER_KNOTS.);
#1092 = CARTESIAN_POINT('',(-28.1603478409,38.967554899948,
    6.093345385235));
#1093 = CARTESIAN_POINT('',(-28.16052355829,38.829462397272,
    6.36443015021));
#1094 = CARTESIAN_POINT('',(-28.14205249584,38.703699937451,
    6.637379042046));
#1095 = CARTESIAN_POINT('',(-28.10648870375,38.589839560867,
    6.911205445008));
#1096 = CARTESIAN_POINT('',(-28.05497400069,38.487588463459,
    7.185048627274));
#1097 = CARTESIAN_POINT('',(-27.98843106214,38.396682559669,
    7.458176067666));
#1098 = CARTESIAN_POINT('',(-27.90755988859,38.316898574439,
    7.729985228978));
#1099 = CARTESIAN_POINT('',(-27.81282608902,38.248070440212,8.));
#1100 = CYLINDRICAL_SURFACE('',#1101,5.);
#1101 = AXIS2_PLACEMENT_3D('',#1102,#1103,#1104);
#1102 = CARTESIAN_POINT('',(-20.88030111833,39.391636110044,8.));
#1103 = DIRECTION('',(-0.809016994375,0.587785252292,-6.661338147751E-16
    ));
#1104 = DIRECTION('',(0.587785252292,0.809016994375,0.));
#1105 = ADVANCED_FACE('',(#1106),#1164,.T.);
#1106 = FACE_BOUND('',#1107,.F.);
#1107 = EDGE_LOOP('',(#1108,#1109,#1118,#1163));
#1108 = ORIENTED_EDGE('',*,*,#990,.F.);
#1109 = ORIENTED_EDGE('',*,*,#1110,.F.);
#1110 = EDGE_CURVE('',#1111,#978,#1113,.T.);
#1111 = VERTEX_POINT('',#1112);
#1112 = CARTESIAN_POINT('',(-0.122354117283,-48.0776513036,
    6.093345385236));
#1113 = CIRCLE('',#1114,48.07780699451);
#1114 = AXIS2_PLACEMENT_3D('',#1115,#1116,#1117);
#1115 = CARTESIAN_POINT('',(0.,0.,6.093345385236));
#1116 = DIRECTION('',(0.,0.,1.));
#1117 = DIRECTION('',(1.,0.,0.));
#1118 = ORIENTED_EDGE('',*,*,#1119,.T.);
#1119 = EDGE_CURVE('',#1111,#221,#1120,.T.);
#1120 = B_SPLINE_CURVE_WITH_KNOTS('',6,(#1121,#1122,#1123,#1124,#1125,
    #1126,#1127,#1128,#1129,#1130,#1131,#1132,#1133,#1134,#1135,#1136,
    #1137,#1138,#1139,#1140,#1141,#1142,#1143,#1144,#1145,#1146,#1147,
    #1148,#1149,#1150,#1151,#1152,#1153,#1154,#1155,#1156,#1157,#1158,
    #1159,#1160,#1161,#1162),.UNSPECIFIED.,.F.,.F.,(7,5,5,5,5,5,5,5,7),(
    0.,0.243079443493,0.422461144431,0.677878780671,0.938515723489,
    0.969771658637,0.985396826208,0.992687875148,1.),.UNSPECIFIED.);
#1121 = CARTESIAN_POINT('',(-0.122354117283,-48.0776513036,
    6.093345385236));
#1122 = CARTESIAN_POINT('',(-0.194126564838,-48.17617372366,
    5.854061128119));
#1123 = CARTESIAN_POINT('',(-0.276084666612,-48.28849326773,
    5.623125356355));
#1124 = CARTESIAN_POINT('',(-0.367480202999,-48.41348623596,
    5.401636749633));
#1125 = CARTESIAN_POINT('',(-0.467521969357,-48.54996179195,
    5.190356993782));
#1126 = CARTESIAN_POINT('',(-0.575448710632,-48.69677677737,
    4.98983284163));
#1127 = CARTESIAN_POINT('',(-0.775496853152,-48.96806668169,
    4.660686324872));
#1128 = CARTESIAN_POINT('',(-0.864349066748,-49.0883145217,
    4.526991869411));
#1129 = CARTESIAN_POINT('',(-0.956829471096,-49.21319587676,
    4.39951196331));
#1130 = CARTESIAN_POINT('',(-1.052668367037,-49.34230851173,
    4.278360088337));
#1131 = CARTESIAN_POINT('',(-1.151610207768,-49.47527349457,
    4.163621511869));
#1132 = CARTESIAN_POINT('',(-1.398375243453,-49.80604950663,
    3.90121203577));
#1133 = CARTESIAN_POINT('',(-1.549133378396,-50.00744695542,
    3.760204953963));
#1134 = CARTESIAN_POINT('',(-1.70500598558,-50.21492264839,
    3.632520126463));
#1135 = CARTESIAN_POINT('',(-1.86534238443,-50.42753313985,
    3.518290537665));
#1136 = CARTESIAN_POINT('',(-2.029527348319,-50.64440247778,
    3.417614607859));
#1137 = CARTESIAN_POINT('',(-2.367859953934,-51.08954831692,
    3.241744047263));
#1138 = CARTESIAN_POINT('',(-2.542132979696,-51.31795464614,
    3.167117100816));
#1139 = CARTESIAN_POINT('',(-2.719185183952,-51.54908325157,
    3.106770116801));
#1140 = CARTESIAN_POINT('',(-2.898406057169,-51.78210437358,
    3.060776965929));
#1141 = CARTESIAN_POINT('',(-3.079190666155,-52.01621702768,
    3.029202812496));
#1142 = CARTESIAN_POINT('',(-3.282734641506,-52.27876069567,
    3.010053263539));
#1143 = CARTESIAN_POINT('',(-3.304543960953,-52.30687840202,
    3.008210906404));
#1144 = CARTESIAN_POINT('',(-3.326366028665,-52.33499924271,
    3.006576827693));
#1145 = CARTESIAN_POINT('',(-3.348199792076,-52.36312186434,
    3.005151124533));
#1146 = CARTESIAN_POINT('',(-3.370044196442,-52.39124491496,
    3.003933892321));
#1147 = CARTESIAN_POINT('',(-3.402823221286,-52.4334255893,
    3.002420981285));
#1148 = CARTESIAN_POINT('',(-3.413750652855,-52.44748390423,
    3.001968860314));
#1149 = CARTESIAN_POINT('',(-3.424680347479,-52.46154182007,
    3.001568873508));
#1150 = CARTESIAN_POINT('',(-3.435612172922,-52.47559916811,
    3.001221032448));
#1151 = CARTESIAN_POINT('',(-3.446545996785,-52.4896557797,
    3.000925348601));
#1152 = CARTESIAN_POINT('',(-3.462584521301,-52.51027018991,
    3.000568203692));
#1153 = CARTESIAN_POINT('',(-3.467687660152,-52.51682856515,
    3.000465935332));
#1154 = CARTESIAN_POINT('',(-3.472791085602,-52.52338658976,
    3.000375028619));
#1155 = CARTESIAN_POINT('',(-3.477894780199,-52.52994424155,
    3.000295483877));
#1156 = CARTESIAN_POINT('',(-3.482998726484,-52.53650149836,
    3.000227301365));
#1157 = CARTESIAN_POINT('',(-3.493221841936,-52.54963413124,
    3.00011349694));
#1158 = CARTESIAN_POINT('',(-3.498314362803,-52.55617518127,
    3.000068106756));
#1159 = CARTESIAN_POINT('',(-3.503421774893,-52.56273477778,
    3.000034072838));
#1160 = CARTESIAN_POINT('',(-3.508551271243,-52.56932215332,
    3.000011308644));
#1161 = CARTESIAN_POINT('',(-3.513675932632,-52.57590248329,
    2.99999987898));
#1162 = CARTESIAN_POINT('',(-3.51873472758,-52.58239688597,3.));
#1163 = ORIENTED_EDGE('',*,*,#228,.T.);
#1164 = TOROIDAL_SURFACE('',#1165,52.7,5.);
#1165 = AXIS2_PLACEMENT_3D('',#1166,#1167,#1168);
#1166 = CARTESIAN_POINT('',(0.,0.,8.));
#1167 = DIRECTION('',(-0.,-0.,-1.));
#1168 = DIRECTION('',(1.,0.,0.));
#1169 = ADVANCED_FACE('',(#1170),#1228,.T.);
#1170 = FACE_BOUND('',#1171,.F.);
#1171 = EDGE_LOOP('',(#1172,#1219,#1226,#1227));
#1172 = ORIENTED_EDGE('',*,*,#1173,.F.);
#1173 = EDGE_CURVE('',#1174,#161,#1176,.T.);
#1174 = VERTEX_POINT('',#1175);
#1175 = CARTESIAN_POINT('',(-45.76237306203,14.740445621914,
    6.093345385236));
#1176 = B_SPLINE_CURVE_WITH_KNOTS('',6,(#1177,#1178,#1179,#1180,#1181,
    #1182,#1183,#1184,#1185,#1186,#1187,#1188,#1189,#1190,#1191,#1192,
    #1193,#1194,#1195,#1196,#1197,#1198,#1199,#1200,#1201,#1202,#1203,
    #1204,#1205,#1206,#1207,#1208,#1209,#1210,#1211,#1212,#1213,#1214,
    #1215,#1216,#1217,#1218),.UNSPECIFIED.,.F.,.F.,(7,5,5,5,5,5,5,5,7),(
    0.,0.230588129022,0.407220773642,0.666854634258,0.936060479523,
    0.968579343114,0.984832949163,0.992416517535,1.),.UNSPECIFIED.);
#1177 = CARTESIAN_POINT('',(-45.76237306203,14.740445621914,
    6.093345385236));
#1178 = CARTESIAN_POINT('',(-45.88161964285,14.701532233761,
    5.847107872712));
#1179 = CARTESIAN_POINT('',(-46.01694235013,14.657251581042,
    5.612091343141));
#1180 = CARTESIAN_POINT('',(-46.16626646145,14.608219850809,
    5.389239673293));
#1181 = CARTESIAN_POINT('',(-46.32757790152,14.555034398322,
    5.178937319044));
#1182 = CARTESIAN_POINT('',(-46.49915136137,14.498210433147,
    4.981226283032));
#1183 = CARTESIAN_POINT('',(-46.81790310514,14.39213563323,
    4.653966019044));
#1184 = CARTESIAN_POINT('',(-46.96137920162,14.344229472296,
    4.519309592677));
#1185 = CARTESIAN_POINT('',(-47.10945800187,14.294609657385,
    4.391868350726));
#1186 = CARTESIAN_POINT('',(-47.26159909337,14.243437771722,
    4.271540207711));
#1187 = CARTESIAN_POINT('',(-47.41733911731,14.190852992148,
    4.158206583368));
#1188 = CARTESIAN_POINT('',(-47.80994540537,14.057768148379,
    3.895243732101));
#1189 = CARTESIAN_POINT('',(-48.05050708517,13.975774394018,
    3.753609472756));
#1190 = CARTESIAN_POINT('',(-48.29677165868,13.891352160203,
    3.626418284911));
#1191 = CARTESIAN_POINT('',(-48.54772339255,13.804813008123,
    3.513344614799));
#1192 = CARTESIAN_POINT('',(-48.80251231308,13.716423964127,
    3.414098416681));
#1193 = CARTESIAN_POINT('',(-49.32792570393,13.533057015619,
    3.239670572587));
#1194 = CARTESIAN_POINT('',(-49.59874729146,13.437970431182,
    3.165524261867));
#1195 = CARTESIAN_POINT('',(-49.87215332393,13.341388388303,
    3.105781310669));
#1196 = CARTESIAN_POINT('',(-50.14743068471,13.243548263849,
    3.060317585273));
#1197 = CARTESIAN_POINT('',(-50.42391759199,13.144679280982,
    3.029078258379));
#1198 = CARTESIAN_POINT('',(-50.7344752162,13.032959903157,
    3.010053361525));
#1199 = CARTESIAN_POINT('',(-50.76795459214,13.020907434104,
    3.008211082583));
#1200 = CARTESIAN_POINT('',(-50.80144136836,13.008843637482,
    3.006577032711));
#1201 = CARTESIAN_POINT('',(-50.83493441411,12.996768922012,
    3.005151299487));
#1202 = CARTESIAN_POINT('',(-50.86843259831,12.984683698471,
    3.003933988775));
#1203 = CARTESIAN_POINT('',(-50.91867988333,12.966542887174,
    3.002421023418));
#1204 = CARTESIAN_POINT('',(-50.93542597801,12.960494872691,
    3.001968921417));
#1205 = CARTESIAN_POINT('',(-50.95217293231,12.954444387816,
    3.001568934216));
#1206 = CARTESIAN_POINT('',(-50.96892060475,12.94839148429,
    3.001221078441));
#1207 = CARTESIAN_POINT('',(-50.98566885373,12.942336214023,
    3.000925371845));
#1208 = CARTESIAN_POINT('',(-51.01023209807,12.933452295701,
    3.000568203692));
#1209 = CARTESIAN_POINT('',(-51.01804644021,12.930625571648,
    3.000465935332));
#1210 = CARTESIAN_POINT('',(-51.02586053745,12.927798466672,
    3.000375028619));
#1211 = CARTESIAN_POINT('',(-51.03367436328,12.924970990516,
    3.000295483877));
#1212 = CARTESIAN_POINT('',(-51.04148789123,12.922143152933,
    3.000227301365));
#1213 = CARTESIAN_POINT('',(-51.05711420993,12.916486806467,
    3.000113661831));
#1214 = CARTESIAN_POINT('',(-51.06492726955,12.913658094013,
    3.00006820229));
#1215 = CARTESIAN_POINT('',(-51.07274040516,12.91082904371,
    3.000034104206));
#1216 = CARTESIAN_POINT('',(-51.08055362586,12.907999642266,
    3.000011369518));
#1217 = CARTESIAN_POINT('',(-51.08836681832,12.905169645703,
    3.000000000548));
#1218 = CARTESIAN_POINT('',(-51.09617974678,12.902338579358,3.));
#1219 = ORIENTED_EDGE('',*,*,#1220,.F.);
#1220 = EDGE_CURVE('',#1044,#1174,#1221,.T.);
#1221 = CIRCLE('',#1222,48.07780699451);
#1222 = AXIS2_PLACEMENT_3D('',#1223,#1224,#1225);
#1223 = CARTESIAN_POINT('',(0.,0.,6.093345385236));
#1224 = DIRECTION('',(0.,0.,1.));
#1225 = DIRECTION('',(1.,0.,0.));
#1226 = ORIENTED_EDGE('',*,*,#1043,.T.);
#1227 = ORIENTED_EDGE('',*,*,#160,.T.);
#1228 = TOROIDAL_SURFACE('',#1229,52.7,5.);
#1229 = AXIS2_PLACEMENT_3D('',#1230,#1231,#1232);
#1230 = CARTESIAN_POINT('',(0.,0.,8.));
#1231 = DIRECTION('',(-0.,-0.,-1.));
#1232 = DIRECTION('',(1.,0.,0.));
#1233 = ADVANCED_FACE('',(#1234),#1266,.T.);
#1234 = FACE_BOUND('',#1235,.T.);
#1235 = EDGE_LOOP('',(#1236,#1237,#1238,#1247,#1255));
#1236 = ORIENTED_EDGE('',*,*,#1119,.T.);
#1237 = ORIENTED_EDGE('',*,*,#220,.F.);
#1238 = ORIENTED_EDGE('',*,*,#1239,.T.);
#1239 = EDGE_CURVE('',#212,#1240,#1242,.T.);
#1240 = VERTEX_POINT('',#1241);
#1241 = CARTESIAN_POINT('',(-1.506021735279,-42.59655113816,8.));
#1242 = CIRCLE('',#1243,5.);
#1243 = AXIS2_PLACEMENT_3D('',#1244,#1245,#1246);
#1244 = CARTESIAN_POINT('',(-6.261304316756,-44.14163611004,8.));
#1245 = DIRECTION('',(0.309016994375,-0.951056516295,0.));
#1246 = DIRECTION('',(0.951056516295,0.309016994375,0.));
#1247 = ORIENTED_EDGE('',*,*,#1248,.T.);
#1248 = EDGE_CURVE('',#1240,#1249,#1251,.T.);
#1249 = VERTEX_POINT('',#1250);
#1250 = CARTESIAN_POINT('',(1.939723421904E-02,-47.29130798788,8.));
#1251 = LINE('',#1252,#1253);
#1252 = CARTESIAN_POINT('',(-1.506021735279,-42.59655113816,8.));
#1253 = VECTOR('',#1254,1.);
#1254 = DIRECTION('',(0.309016994375,-0.951056516295,0.));
#1255 = ORIENTED_EDGE('',*,*,#1256,.F.);
#1256 = EDGE_CURVE('',#1111,#1249,#1257,.T.);
#1257 = B_SPLINE_CURVE_WITH_KNOTS('',7,(#1258,#1259,#1260,#1261,#1262,
    #1263,#1264,#1265),.UNSPECIFIED.,.F.,.F.,(8,8),(0.,1.),
  .PIECEWISE_BEZIER_KNOTS.);
#1258 = CARTESIAN_POINT('',(-0.122354117283,-48.0776513036,
    6.093345385235));
#1259 = CARTESIAN_POINT('',(-4.104322240199E-02,-47.96603540623,
    6.36443015021));
#1260 = CARTESIAN_POINT('',(1.793469333965E-02,-47.85343442088,
    6.637379042047));
#1261 = CARTESIAN_POINT('',(5.608843133189E-02,-47.74041556873,
    6.911205445008));
#1262 = CARTESIAN_POINT('',(7.451384818277E-02,-47.6274131105,
    7.185048627274));
#1263 = CARTESIAN_POINT('',(7.411262963532E-02,-47.51475573152,
    7.458176067666));
#1264 = CARTESIAN_POINT('',(5.558232577132E-02,-47.40267424845,
    7.729985228978));
#1265 = CARTESIAN_POINT('',(1.939723421905E-02,-47.29130798788,8.));
#1266 = CYLINDRICAL_SURFACE('',#1267,5.);
#1267 = AXIS2_PLACEMENT_3D('',#1268,#1269,#1270);
#1268 = CARTESIAN_POINT('',(-6.261304316755,-44.14163611004,8.));
#1269 = DIRECTION('',(0.309016994375,-0.951056516295,3.330669073875E-16)
  );
#1270 = DIRECTION('',(-0.951056516295,-0.309016994375,-0.));
#1271 = ADVANCED_FACE('',(#1272),#1304,.T.);
#1272 = FACE_BOUND('',#1273,.F.);
#1273 = EDGE_LOOP('',(#1274,#1275,#1284,#1292,#1303));
#1274 = ORIENTED_EDGE('',*,*,#169,.F.);
#1275 = ORIENTED_EDGE('',*,*,#1276,.T.);
#1276 = EDGE_CURVE('',#170,#1277,#1279,.T.);
#1277 = VERTEX_POINT('',#1278);
#1278 = CARTESIAN_POINT('',(-40.97711384175,11.730746418441,8.));
#1279 = CIRCLE('',#1280,5.);
#1280 = AXIS2_PLACEMENT_3D('',#1281,#1282,#1283);
#1281 = CARTESIAN_POINT('',(-43.91604010321,7.685661446566,8.));
#1282 = DIRECTION('',(0.809016994375,-0.587785252292,3.885780586188E-16)
  );
#1283 = DIRECTION('',(-0.587785252292,-0.809016994375,
    -2.465190328816E-32));
#1284 = ORIENTED_EDGE('',*,*,#1285,.T.);
#1285 = EDGE_CURVE('',#1277,#1286,#1288,.T.);
#1286 = VERTEX_POINT('',#1287);
#1287 = CARTESIAN_POINT('',(-44.97071255098,14.632265720483,8.));
#1288 = LINE('',#1289,#1290);
#1289 = CARTESIAN_POINT('',(-40.97711384175,11.730746418441,8.));
#1290 = VECTOR('',#1291,1.);
#1291 = DIRECTION('',(-0.809016994375,0.587785252292,0.));
#1292 = ORIENTED_EDGE('',*,*,#1293,.F.);
#1293 = EDGE_CURVE('',#1174,#1286,#1294,.T.);
#1294 = B_SPLINE_CURVE_WITH_KNOTS('',7,(#1295,#1296,#1297,#1298,#1299,
    #1300,#1301,#1302),.UNSPECIFIED.,.F.,.F.,(8,8),(0.,1.),
  .PIECEWISE_BEZIER_KNOTS.);
#1295 = CARTESIAN_POINT('',(-45.76237306203,14.740445621914,
    6.093345385235));
#1296 = CARTESIAN_POINT('',(-45.63109358717,14.783285669206,
    6.36443015021));
#1297 = CARTESIAN_POINT('',(-45.50577850805,14.804581382231,
    6.637379042045));
#1298 = CARTESIAN_POINT('',(-45.38650103881,14.805942997371,
    6.91120544501));
#1299 = CARTESIAN_POINT('',(-45.27333554761,14.788546930133,
    7.185048627272));
#1300 = CARTESIAN_POINT('',(-45.16631599658,14.753352303973,
    7.458176067667));
#1301 = CARTESIAN_POINT('',(-45.06544635055,14.70109385471,
    7.729985228978));
#1302 = CARTESIAN_POINT('',(-44.97071255098,14.632265720483,8.));
#1303 = ORIENTED_EDGE('',*,*,#1173,.T.);
#1304 = CYLINDRICAL_SURFACE('',#1305,5.);
#1305 = AXIS2_PLACEMENT_3D('',#1306,#1307,#1308);
#1306 = CARTESIAN_POINT('',(-43.91604010321,7.685661446566,8.));
#1307 = DIRECTION('',(-0.809016994375,0.587785252292,-3.885780586188E-16
    ));
#1308 = DIRECTION('',(-0.587785252292,-0.809016994375,-0.));
#1309 = ADVANCED_FACE('',(#1310),#1330,.T.);
#1310 = FACE_BOUND('',#1311,.F.);
#1311 = EDGE_LOOP('',(#1312,#1313,#1314,#1323));
#1312 = ORIENTED_EDGE('',*,*,#211,.F.);
#1313 = ORIENTED_EDGE('',*,*,#1239,.T.);
#1314 = ORIENTED_EDGE('',*,*,#1315,.T.);
#1315 = EDGE_CURVE('',#1240,#1316,#1318,.T.);
#1316 = VERTEX_POINT('',#1317);
#1317 = CARTESIAN_POINT('',(-23.8192273798,-35.34655113816,8.));
#1318 = CIRCLE('',#1319,14.5);
#1319 = AXIS2_PLACEMENT_3D('',#1320,#1321,#1322);
#1320 = CARTESIAN_POINT('',(-15.29634122156,-47.07729755661,8.));
#1321 = DIRECTION('',(0.,-0.,1.));
#1322 = DIRECTION('',(0.309016994375,0.951056516295,0.));
#1323 = ORIENTED_EDGE('',*,*,#1324,.F.);
#1324 = EDGE_CURVE('',#204,#1316,#1325,.T.);
#1325 = CIRCLE('',#1326,5.);
#1326 = AXIS2_PLACEMENT_3D('',#1327,#1328,#1329);
#1327 = CARTESIAN_POINT('',(-20.88030111834,-39.39163611004,8.));
#1328 = DIRECTION('',(0.809016994375,0.587785252292,-2.22044604925E-16)
  );
#1329 = DIRECTION('',(0.587785252292,-0.809016994375,0.));
#1330 = TOROIDAL_SURFACE('',#1331,9.5,5.);
#1331 = AXIS2_PLACEMENT_3D('',#1332,#1333,#1334);
#1332 = CARTESIAN_POINT('',(-15.29634122156,-47.07729755661,8.));
#1333 = DIRECTION('',(0.,0.,1.));
#1334 = DIRECTION('',(0.309016994375,0.951056516295,0.));
#1335 = ADVANCED_FACE('',(#1336),#1356,.T.);
#1336 = FACE_BOUND('',#1337,.F.);
#1337 = EDGE_LOOP('',(#1338,#1339,#1348,#1355));
#1338 = ORIENTED_EDGE('',*,*,#177,.F.);
#1339 = ORIENTED_EDGE('',*,*,#1340,.T.);
#1340 = EDGE_CURVE('',#178,#1341,#1343,.T.);
#1341 = VERTEX_POINT('',#1342);
#1342 = CARTESIAN_POINT('',(-40.97711384175,-11.73074641843,8.));
#1343 = CIRCLE('',#1344,5.);
#1344 = AXIS2_PLACEMENT_3D('',#1345,#1346,#1347);
#1345 = CARTESIAN_POINT('',(-43.91604010322,-7.685661446562,8.));
#1346 = DIRECTION('',(-0.809016994375,-0.587785252293,0.));
#1347 = DIRECTION('',(0.587785252293,-0.809016994375,0.));
#1348 = ORIENTED_EDGE('',*,*,#1349,.T.);
#1349 = EDGE_CURVE('',#1341,#1277,#1350,.T.);
#1350 = CIRCLE('',#1351,14.5);
#1351 = AXIS2_PLACEMENT_3D('',#1352,#1353,#1354);
#1352 = CARTESIAN_POINT('',(-49.5,3.592920162372E-23,8.));
#1353 = DIRECTION('',(0.,0.,1.));
#1354 = DIRECTION('',(1.,0.,0.));
#1355 = ORIENTED_EDGE('',*,*,#1276,.F.);
#1356 = TOROIDAL_SURFACE('',#1357,9.5,5.);
#1357 = AXIS2_PLACEMENT_3D('',#1358,#1359,#1360);
#1358 = CARTESIAN_POINT('',(-49.5,3.592920162372E-23,8.));
#1359 = DIRECTION('',(0.,0.,1.));
#1360 = DIRECTION('',(1.,0.,0.));
#1361 = ADVANCED_FACE('',(#1362),#1432,.T.);
#1362 = FACE_BOUND('',#1363,.F.);
#1363 = EDGE_LOOP('',(#1364,#1365,#1366,#1374,#1387));
#1364 = ORIENTED_EDGE('',*,*,#203,.F.);
#1365 = ORIENTED_EDGE('',*,*,#1324,.T.);
#1366 = ORIENTED_EDGE('',*,*,#1367,.T.);
#1367 = EDGE_CURVE('',#1316,#1368,#1370,.T.);
#1368 = VERTEX_POINT('',#1369);
#1369 = CARTESIAN_POINT('',(-27.81282608903,-38.24807044021,8.));
#1370 = LINE('',#1371,#1372);
#1371 = CARTESIAN_POINT('',(-23.8192273798,-35.34655113816,8.));
#1372 = VECTOR('',#1373,1.);
#1373 = DIRECTION('',(-0.809016994375,-0.587785252292,0.));
#1374 = ORIENTED_EDGE('',*,*,#1375,.F.);
#1375 = EDGE_CURVE('',#1376,#1368,#1378,.T.);
#1376 = VERTEX_POINT('',#1377);
#1377 = CARTESIAN_POINT('',(-28.16034784091,-38.96755489994,
    6.093345385236));
#1378 = B_SPLINE_CURVE_WITH_KNOTS('',7,(#1379,#1380,#1381,#1382,#1383,
    #1384,#1385,#1386),.UNSPECIFIED.,.F.,.F.,(8,8),(0.,1.),
  .PIECEWISE_BEZIER_KNOTS.);
#1379 = CARTESIAN_POINT('',(-28.16034784091,-38.96755489994,
    6.093345385235));
#1380 = CARTESIAN_POINT('',(-28.1605235583,-38.82946239727,6.36443015021
    ));
#1381 = CARTESIAN_POINT('',(-28.14205249584,-38.70369993744,
    6.637379042047));
#1382 = CARTESIAN_POINT('',(-28.10648870375,-38.58983956086,
    6.911205445007));
#1383 = CARTESIAN_POINT('',(-28.05497400069,-38.48758846345,
    7.185048627275));
#1384 = CARTESIAN_POINT('',(-27.98843106214,-38.39668255966,
    7.458176067665));
#1385 = CARTESIAN_POINT('',(-27.9075598886,-38.31689857443,
    7.729985228978));
#1386 = CARTESIAN_POINT('',(-27.81282608903,-38.24807044021,8.));
#1387 = ORIENTED_EDGE('',*,*,#1388,.T.);
#1388 = EDGE_CURVE('',#1376,#195,#1389,.T.);
#1389 = B_SPLINE_CURVE_WITH_KNOTS('',6,(#1390,#1391,#1392,#1393,#1394,
    #1395,#1396,#1397,#1398,#1399,#1400,#1401,#1402,#1403,#1404,#1405,
    #1406,#1407,#1408,#1409,#1410,#1411,#1412,#1413,#1414,#1415,#1416,
    #1417,#1418,#1419,#1420,#1421,#1422,#1423,#1424,#1425,#1426,#1427,
    #1428,#1429,#1430,#1431),.UNSPECIFIED.,.F.,.F.,(7,5,5,5,5,5,5,5,7),(
    0.,0.230588129915,0.40722077522,0.666854636841,0.936060483149,
    0.968579346866,0.984832952978,0.99241652138,1.),.UNSPECIFIED.);
#1390 = CARTESIAN_POINT('',(-28.16034784091,-38.96755489994,
    6.093345385236));
#1391 = CARTESIAN_POINT('',(-28.16018822953,-39.09299003592,
    5.847107872712));
#1392 = CARTESIAN_POINT('',(-28.15989184249,-39.2353730527,5.61209134314
    ));
#1393 = CARTESIAN_POINT('',(-28.15940358401,-39.39254035971,
    5.389239673294));
#1394 = CARTESIAN_POINT('',(-28.15866918922,-39.56239186462,
    5.178937319044));
#1395 = CARTESIAN_POINT('',(-28.15764550174,-39.74312749256,
    4.981226283032));
#1396 = CARTESIAN_POINT('',(-28.15526207787,-40.0790573314,
    4.653966019044));
#1397 = CARTESIAN_POINT('',(-28.15403716344,-40.23031502575,
    4.519309592677));
#1398 = CARTESIAN_POINT('',(-28.15260478092,-40.38647969972,
    4.391868350726));
#1399 = CARTESIAN_POINT('',(-28.15095160843,-40.5469874585,
    4.271540207711));
#1400 = CARTESIAN_POINT('',(-28.14906682525,-40.71135461364,
    4.158206583368));
#1401 = CARTESIAN_POINT('',(-28.14381763248,-41.12587086066,
    3.895243732101));
#1402 = CARTESIAN_POINT('',(-28.14017458535,-41.37999607734,
    3.753609472756));
#1403 = CARTESIAN_POINT('',(-28.13598420809,-41.64029550966,
    3.626418284911));
#1404 = CARTESIAN_POINT('',(-28.13122893412,-41.9057068601,
    3.513344614799));
#1405 = CARTESIAN_POINT('',(-28.12590006428,-42.17533923996,
    3.414098416681));
#1406 = CARTESIAN_POINT('',(-28.11386939988,-42.73170057238,
    3.239670572587));
#1407 = CARTESIAN_POINT('',(-28.10712515712,-43.01865057847,
    3.165524261867));
#1408 = CARTESIAN_POINT('',(-28.09975728628,-43.30852065985,
    3.105781310669));
#1409 = CARTESIAN_POINT('',(-28.09177118102,-43.6005592488,
    3.060317585273));
#1410 = CARTESIAN_POINT('',(-28.08318034367,-43.89406611956,
    3.029078258379));
#1411 = CARTESIAN_POINT('',(-28.07289648501,-44.2239471581,
    3.010053361525));
#1412 = CARTESIAN_POINT('',(-28.0717796019,-44.25951235451,
    3.008211082583));
#1413 = CARTESIAN_POINT('',(-28.07065423245,-44.29508808942,
    3.006577032711));
#1414 = CARTESIAN_POINT('',(-28.06952041595,-44.33067316111,
    3.005151299487));
#1415 = CARTESIAN_POINT('',(-28.06837819355,-44.36626636694,
    3.003933988775));
#1416 = CARTESIAN_POINT('',(-28.06665252175,-44.41966019376,
    3.002421023418));
#1417 = CARTESIAN_POINT('',(-28.06607534601,-44.43745561549,
    3.001968921417));
#1418 = CARTESIAN_POINT('',(-28.06549608643,-44.45525261815,
    3.001568934216));
#1419 = CARTESIAN_POINT('',(-28.06491474849,-44.47305105121,
    3.001221078441));
#1420 = CARTESIAN_POINT('',(-28.0643313378,-44.49085076396,
    3.000925371845));
#1421 = CARTESIAN_POINT('',(-28.06347268933,-44.51695707929,
    3.000568203692));
#1422 = CARTESIAN_POINT('',(-28.06319907952,-44.52526246607,
    3.000465935332));
#1423 = CARTESIAN_POINT('',(-28.06292503175,-44.53356773765,
    3.000375028619));
#1424 = CARTESIAN_POINT('',(-28.0626505471,-44.54187286581,
    3.000295483877));
#1425 = CARTESIAN_POINT('',(-28.06237562667,-44.55017782236,
    3.000227301365));
#1426 = CARTESIAN_POINT('',(-28.06182491968,-44.56678723752,
    3.00011366186));
#1427 = CARTESIAN_POINT('',(-28.0615490172,-44.57509201214,
    3.000068202353));
#1428 = CARTESIAN_POINT('',(-28.0612728251,-44.58339696333,
    3.000034104284));
#1429 = CARTESIAN_POINT('',(-28.06099633298,-44.59170210511,
    3.000011369584));
#1430 = CARTESIAN_POINT('',(-28.06071925903,-44.60000740517,
    3.000000000581));
#1431 = CARTESIAN_POINT('',(-28.06044105004,-44.60831278486,3.));
#1432 = CYLINDRICAL_SURFACE('',#1433,5.);
#1433 = AXIS2_PLACEMENT_3D('',#1434,#1435,#1436);
#1434 = CARTESIAN_POINT('',(-20.88030111834,-39.39163611004,8.));
#1435 = DIRECTION('',(-0.809016994375,-0.587785252292,2.22044604925E-16)
  );
#1436 = DIRECTION('',(0.587785252292,-0.809016994375,0.));
#1437 = ADVANCED_FACE('',(#1438),#1508,.T.);
#1438 = FACE_BOUND('',#1439,.T.);
#1439 = EDGE_LOOP('',(#1440,#1487,#1488,#1489,#1497));
#1440 = ORIENTED_EDGE('',*,*,#1441,.T.);
#1441 = EDGE_CURVE('',#1442,#187,#1444,.T.);
#1442 = VERTEX_POINT('',#1443);
#1443 = CARTESIAN_POINT('',(-45.76237306203,-14.74044562191,
    6.093345385236));
#1444 = B_SPLINE_CURVE_WITH_KNOTS('',6,(#1445,#1446,#1447,#1448,#1449,
    #1450,#1451,#1452,#1453,#1454,#1455,#1456,#1457,#1458,#1459,#1460,
    #1461,#1462,#1463,#1464,#1465,#1466,#1467,#1468,#1469,#1470,#1471,
    #1472,#1473,#1474,#1475,#1476,#1477,#1478,#1479,#1480,#1481,#1482,
    #1483,#1484,#1485,#1486),.UNSPECIFIED.,.F.,.F.,(7,5,5,5,5,5,5,5,7),(
    0.,0.23058813273,0.407220780191,0.666854644982,0.936060494576,
    0.968579358691,0.984832965001,0.992416533495,1.),.UNSPECIFIED.);
#1445 = CARTESIAN_POINT('',(-45.76237306203,-14.74044562191,
    6.093345385236));
#1446 = CARTESIAN_POINT('',(-45.88161964285,-14.70153223375,
    5.847107872712));
#1447 = CARTESIAN_POINT('',(-46.01694235013,-14.65725158103,
    5.612091343141));
#1448 = CARTESIAN_POINT('',(-46.16626646145,-14.6082198508,
    5.389239673293));
#1449 = CARTESIAN_POINT('',(-46.32757790152,-14.55503439831,
    5.178937319044));
#1450 = CARTESIAN_POINT('',(-46.49915136137,-14.49821043314,
    4.981226283032));
#1451 = CARTESIAN_POINT('',(-46.81790310514,-14.39213563322,
    4.653966019044));
#1452 = CARTESIAN_POINT('',(-46.96137920162,-14.34422947229,
    4.519309592678));
#1453 = CARTESIAN_POINT('',(-47.10945800187,-14.29460965738,
    4.391868350726));
#1454 = CARTESIAN_POINT('',(-47.26159909338,-14.24343777171,
    4.271540207711));
#1455 = CARTESIAN_POINT('',(-47.41733911731,-14.19085299214,
    4.158206583368));
#1456 = CARTESIAN_POINT('',(-47.80994540538,-14.05776814837,
    3.895243732101));
#1457 = CARTESIAN_POINT('',(-48.05050708517,-13.97577439401,
    3.753609472756));
#1458 = CARTESIAN_POINT('',(-48.29677165869,-13.8913521602,3.62641828491
    ));
#1459 = CARTESIAN_POINT('',(-48.54772339255,-13.80481300812,
    3.513344614799));
#1460 = CARTESIAN_POINT('',(-48.80251231308,-13.71642396412,
    3.414098416681));
#1461 = CARTESIAN_POINT('',(-49.32792570393,-13.53305701561,
    3.239670572587));
#1462 = CARTESIAN_POINT('',(-49.59874729146,-13.43797043117,
    3.165524261867));
#1463 = CARTESIAN_POINT('',(-49.87215332393,-13.3413883883,
    3.105781310669));
#1464 = CARTESIAN_POINT('',(-50.14743068471,-13.24354826384,
    3.060317585273));
#1465 = CARTESIAN_POINT('',(-50.423917592,-13.14467928097,3.029078258379
    ));
#1466 = CARTESIAN_POINT('',(-50.73447521621,-13.03295990315,
    3.010053361525));
#1467 = CARTESIAN_POINT('',(-50.76795459214,-13.0209074341,
    3.008211082583));
#1468 = CARTESIAN_POINT('',(-50.80144136836,-13.00884363747,
    3.006577032711));
#1469 = CARTESIAN_POINT('',(-50.83493441411,-12.996768922,3.005151299487
    ));
#1470 = CARTESIAN_POINT('',(-50.86843259832,-12.98468369846,
    3.003933988775));
#1471 = CARTESIAN_POINT('',(-50.91867988333,-12.96654288717,
    3.002421023418));
#1472 = CARTESIAN_POINT('',(-50.93542597802,-12.96049487268,
    3.001968921417));
#1473 = CARTESIAN_POINT('',(-50.95217293231,-12.95444438781,
    3.001568934216));
#1474 = CARTESIAN_POINT('',(-50.96892060475,-12.94839148428,
    3.001221078441));
#1475 = CARTESIAN_POINT('',(-50.98566885373,-12.94233621402,
    3.000925371845));
#1476 = CARTESIAN_POINT('',(-51.01023209807,-12.93345229569,
    3.000568203692));
#1477 = CARTESIAN_POINT('',(-51.01804644021,-12.93062557164,
    3.000465935332));
#1478 = CARTESIAN_POINT('',(-51.02586053745,-12.92779846666,
    3.000375028619));
#1479 = CARTESIAN_POINT('',(-51.03367436328,-12.92497099051,
    3.000295483877));
#1480 = CARTESIAN_POINT('',(-51.04148789123,-12.92214315292,
    3.000227301365));
#1481 = CARTESIAN_POINT('',(-51.05711419337,-12.91648681246,
    3.000113661952));
#1482 = CARTESIAN_POINT('',(-51.06492731997,-12.91365810274,
    3.000068202147));
#1483 = CARTESIAN_POINT('',(-51.07274047563,-12.91082903179,
    3.000034103895));
#1484 = CARTESIAN_POINT('',(-51.08055364768,-12.90799959685,
    3.000011369311));
#1485 = CARTESIAN_POINT('',(-51.08836680985,-12.90516959509,
    3.000000000588));
#1486 = CARTESIAN_POINT('',(-51.09617992223,-12.90233862365,3.));
#1487 = ORIENTED_EDGE('',*,*,#186,.F.);
#1488 = ORIENTED_EDGE('',*,*,#1340,.T.);
#1489 = ORIENTED_EDGE('',*,*,#1490,.T.);
#1490 = EDGE_CURVE('',#1341,#1491,#1493,.T.);
#1491 = VERTEX_POINT('',#1492);
#1492 = CARTESIAN_POINT('',(-44.97071255098,-14.63226572047,8.));
#1493 = LINE('',#1494,#1495);
#1494 = CARTESIAN_POINT('',(-40.97711384175,-11.73074641843,8.));
#1495 = VECTOR('',#1496,1.);
#1496 = DIRECTION('',(-0.809016994375,-0.587785252293,0.));
#1497 = ORIENTED_EDGE('',*,*,#1498,.F.);
#1498 = EDGE_CURVE('',#1442,#1491,#1499,.T.);
#1499 = B_SPLINE_CURVE_WITH_KNOTS('',7,(#1500,#1501,#1502,#1503,#1504,
    #1505,#1506,#1507),.UNSPECIFIED.,.F.,.F.,(8,8),(0.,1.),
  .PIECEWISE_BEZIER_KNOTS.);
#1500 = CARTESIAN_POINT('',(-45.76237306203,-14.74044562191,
    6.093345385235));
#1501 = CARTESIAN_POINT('',(-45.63109358717,-14.7832856692,6.36443015021
    ));
#1502 = CARTESIAN_POINT('',(-45.50577850805,-14.80458138222,
    6.637379042046));
#1503 = CARTESIAN_POINT('',(-45.38650103881,-14.80594299736,
    6.911205445008));
#1504 = CARTESIAN_POINT('',(-45.27333554761,-14.78854693013,
    7.185048627273));
#1505 = CARTESIAN_POINT('',(-45.16631599658,-14.75335230397,
    7.458176067666));
#1506 = CARTESIAN_POINT('',(-45.06544635055,-14.7010938547,
    7.729985228978));
#1507 = CARTESIAN_POINT('',(-44.97071255098,-14.63226572047,8.));
#1508 = CYLINDRICAL_SURFACE('',#1509,5.);
#1509 = AXIS2_PLACEMENT_3D('',#1510,#1511,#1512);
#1510 = CARTESIAN_POINT('',(-43.91604010321,-7.685661446562,8.));
#1511 = DIRECTION('',(-0.809016994375,-0.587785252293,0.));
#1512 = DIRECTION('',(-0.587785252293,0.809016994375,0.));
#1513 = ADVANCED_FACE('',(#1514),#1526,.T.);
#1514 = FACE_BOUND('',#1515,.F.);
#1515 = EDGE_LOOP('',(#1516,#1517,#1524,#1525));
#1516 = ORIENTED_EDGE('',*,*,#1388,.F.);
#1517 = ORIENTED_EDGE('',*,*,#1518,.F.);
#1518 = EDGE_CURVE('',#1442,#1376,#1519,.T.);
#1519 = CIRCLE('',#1520,48.07780699451);
#1520 = AXIS2_PLACEMENT_3D('',#1521,#1522,#1523);
#1521 = CARTESIAN_POINT('',(0.,0.,6.093345385236));
#1522 = DIRECTION('',(0.,0.,1.));
#1523 = DIRECTION('',(1.,0.,0.));
#1524 = ORIENTED_EDGE('',*,*,#1441,.T.);
#1525 = ORIENTED_EDGE('',*,*,#194,.T.);
#1526 = TOROIDAL_SURFACE('',#1527,52.7,5.);
#1527 = AXIS2_PLACEMENT_3D('',#1528,#1529,#1530);
#1528 = CARTESIAN_POINT('',(0.,0.,8.));
#1529 = DIRECTION('',(-0.,-0.,-1.));
#1530 = DIRECTION('',(1.,0.,0.));
#1531 = ADVANCED_FACE('',(#1532),#1551,.F.);
#1532 = FACE_BOUND('',#1533,.T.);
#1533 = EDGE_LOOP('',(#1534,#1542,#1549,#1550));
#1534 = ORIENTED_EDGE('',*,*,#1535,.F.);
#1535 = EDGE_CURVE('',#1536,#281,#1538,.T.);
#1536 = VERTEX_POINT('',#1537);
#1537 = CARTESIAN_POINT('',(37.214781741248,27.038121605454,5.));
#1538 = LINE('',#1539,#1540);
#1539 = CARTESIAN_POINT('',(37.214781741248,27.038121605454,5.));
#1540 = VECTOR('',#1541,1.);
#1541 = DIRECTION('',(4.986263814252E-17,3.622732716908E-17,-1.));
#1542 = ORIENTED_EDGE('',*,*,#1543,.T.);
#1543 = EDGE_CURVE('',#1536,#1536,#1544,.T.);
#1544 = CIRCLE('',#1545,3.5);
#1545 = AXIS2_PLACEMENT_3D('',#1546,#1547,#1548);
#1546 = CARTESIAN_POINT('',(40.04634122156,29.095369988477,5.));
#1547 = DIRECTION('',(0.,0.,1.));
#1548 = DIRECTION('',(-0.809016994375,-0.587785252292,0.));
#1549 = ORIENTED_EDGE('',*,*,#1535,.T.);
#1550 = ORIENTED_EDGE('',*,*,#280,.T.);
#1551 = CYLINDRICAL_SURFACE('',#1552,3.5);
#1552 = AXIS2_PLACEMENT_3D('',#1553,#1554,#1555);
#1553 = CARTESIAN_POINT('',(40.04634122156,29.095369988477,5.));
#1554 = DIRECTION('',(0.,0.,-1.));
#1555 = DIRECTION('',(-0.809016994375,-0.587785252292,0.));
#1556 = ADVANCED_FACE('',(#1557),#1576,.F.);
#1557 = FACE_BOUND('',#1558,.T.);
#1558 = EDGE_LOOP('',(#1559,#1567,#1574,#1575));
#1559 = ORIENTED_EDGE('',*,*,#1560,.F.);
#1560 = EDGE_CURVE('',#1561,#292,#1563,.T.);
#1561 = VERTEX_POINT('',#1562);
#1562 = CARTESIAN_POINT('',(-14.21478174124,43.748599749577,5.));
#1563 = LINE('',#1564,#1565);
#1564 = CARTESIAN_POINT('',(-14.21478174124,43.748599749577,5.));
#1565 = VECTOR('',#1566,1.);
#1566 = DIRECTION('',(-1.90458330017E-17,5.861704668113E-17,-1.));
#1567 = ORIENTED_EDGE('',*,*,#1568,.T.);
#1568 = EDGE_CURVE('',#1561,#1561,#1569,.T.);
#1569 = CIRCLE('',#1570,3.5);
#1570 = AXIS2_PLACEMENT_3D('',#1571,#1572,#1573);
#1571 = CARTESIAN_POINT('',(-15.29634122156,47.07729755661,5.));
#1572 = DIRECTION('',(-0.,0.,1.));
#1573 = DIRECTION('',(0.309016994375,-0.951056516295,0.));
#1574 = ORIENTED_EDGE('',*,*,#1560,.T.);
#1575 = ORIENTED_EDGE('',*,*,#291,.T.);
#1576 = CYLINDRICAL_SURFACE('',#1577,3.5);
#1577 = AXIS2_PLACEMENT_3D('',#1578,#1579,#1580);
#1578 = CARTESIAN_POINT('',(-15.29634122156,47.07729755661,5.));
#1579 = DIRECTION('',(-0.,0.,-1.));
#1580 = DIRECTION('',(0.309016994375,-0.951056516295,0.));
#1581 = ADVANCED_FACE('',(#1582),#1593,.T.);
#1582 = FACE_BOUND('',#1583,.T.);
#1583 = EDGE_LOOP('',(#1584,#1585,#1586));
#1584 = ORIENTED_EDGE('',*,*,#558,.F.);
#1585 = ORIENTED_EDGE('',*,*,#309,.T.);
#1586 = ORIENTED_EDGE('',*,*,#1587,.F.);
#1587 = EDGE_CURVE('',#559,#310,#1588,.T.);
#1588 = HYPERBOLA('',#1589,35.382715123586,14.595369988479);
#1589 = AXIS2_PLACEMENT_3D('',#1590,#1591,#1592);
#1590 = CARTESIAN_POINT('',(13.881021735282,-4.510217365629,
    122.64560476586));
#1591 = DIRECTION('',(-0.951056516295,0.309016994375,0.));
#1592 = DIRECTION('',(0.,0.,-1.));
#1593 = PLANE('',#1594);
#1594 = AXIS2_PLACEMENT_3D('',#1595,#1596,#1597);
#1595 = CARTESIAN_POINT('',(26.256021735277,33.576116406911,8.));
#1596 = DIRECTION('',(-0.951056516295,0.309016994375,0.));
#1597 = DIRECTION('',(0.309016994375,0.951056516295,0.));
#1598 = ADVANCED_FACE('',(#1599),#2314,.F.);
#1599 = FACE_BOUND('',#1600,.F.);
#1600 = EDGE_LOOP('',(#1601,#1602,#1603,#1612,#1673,#1729,#1736,#1737,
    #1738,#1739,#1748,#1809,#1865,#1872,#1873,#1874,#1875,#1884,#1945,
    #2001,#2008,#2009,#2010,#2017,#2088,#2095,#2102,#2103,#2164,#2165,
    #2166,#2167,#2174,#2175,#2176,#2177,#2178,#2179,#2180,#2189,#2250,
    #2306,#2313));
#1601 = ORIENTED_EDGE('',*,*,#1220,.T.);
#1602 = ORIENTED_EDGE('',*,*,#1293,.T.);
#1603 = ORIENTED_EDGE('',*,*,#1604,.T.);
#1604 = EDGE_CURVE('',#1286,#1605,#1607,.T.);
#1605 = VERTEX_POINT('',#1606);
#1606 = CARTESIAN_POINT('',(-40.97711384175,11.730746418438,
    19.31671776414));
#1607 = HYPERBOLA('',#1608,35.382715123567,14.595369988472);
#1608 = AXIS2_PLACEMENT_3D('',#1609,#1610,#1611);
#1609 = CARTESIAN_POINT('',(-8.578943230976,-11.80790235986,
    122.64560476586));
#1610 = DIRECTION('',(-0.587785252292,-0.809016994375,-0.));
#1611 = DIRECTION('',(0.,0.,-1.));
#1612 = ORIENTED_EDGE('',*,*,#1613,.F.);
#1613 = EDGE_CURVE('',#1614,#1605,#1616,.T.);
#1614 = VERTEX_POINT('',#1615);
#1615 = CARTESIAN_POINT('',(-35.,0.,37.797119917382));
#1616 = B_SPLINE_CURVE_WITH_KNOTS('',7,(#1617,#1618,#1619,#1620,#1621,
    #1622,#1623,#1624,#1625,#1626,#1627,#1628,#1629,#1630,#1631,#1632,
    #1633,#1634,#1635,#1636,#1637,#1638,#1639,#1640,#1641,#1642,#1643,
    #1644,#1645,#1646,#1647,#1648,#1649,#1650,#1651,#1652,#1653,#1654,
    #1655,#1656,#1657,#1658,#1659,#1660,#1661,#1662,#1663,#1664,#1665,
    #1666,#1667,#1668,#1669,#1670,#1671,#1672),.UNSPECIFIED.,.F.,.F.,(8,
    6,6,6,6,6,6,6,6,8),(0.,3.245088952452E-02,5.461922283096E-02,
    9.695896753058E-02,0.15169577658,0.223708828625,0.312261820461,
    0.489943686429,0.698347146935,1.),.UNSPECIFIED.);
#1617 = CARTESIAN_POINT('',(-35.,3.592920162372E-23,37.797119917382));
#1618 = CARTESIAN_POINT('',(-35.,0.170149767941,37.797119917382));
#1619 = CARTESIAN_POINT('',(-35.002329523,0.33985635303,37.78913302776)
  );
#1620 = CARTESIAN_POINT('',(-35.00696615295,0.507720900673,
    37.773235893896));
#1621 = CARTESIAN_POINT('',(-35.01377651192,0.672709026102,
    37.749890958109));
#1622 = CARTESIAN_POINT('',(-35.02256466308,0.83403410684,37.71977873951
    ));
#1623 = CARTESIAN_POINT('',(-35.03310345235,0.991079817717,
    37.683688174402));
#1624 = CARTESIAN_POINT('',(-35.05337737732,1.247391110458,
    37.614304042267));
#1625 = CARTESIAN_POINT('',(-35.06231619449,1.349286300204,
    37.583723302966));
#1626 = CARTESIAN_POINT('',(-35.07189831164,1.449000294015,
    37.550955258055));
#1627 = CARTESIAN_POINT('',(-35.08206051576,1.546527270647,
    37.516219455709));
#1628 = CARTESIAN_POINT('',(-35.09274502587,1.641896457083,
    37.479716616218));
#1629 = CARTESIAN_POINT('',(-35.1039012097,1.735165814375,
    37.441622714646));
#1630 = CARTESIAN_POINT('',(-35.13761580755,2.000695756268,
    37.32656549018));
#1631 = CARTESIAN_POINT('',(-35.16129932413,2.16750905796,
    37.245819209536));
#1632 = CARTESIAN_POINT('',(-35.18625168323,2.327509979539,
    37.160840303293));
#1633 = CARTESIAN_POINT('',(-35.21224962865,2.481253025538,
    37.072405892501));
#1634 = CARTESIAN_POINT('',(-35.23912166247,2.629259123632,
    36.981112652945));
#1635 = CARTESIAN_POINT('',(-35.26674273705,2.7720496699,36.887396147105
    ));
#1636 = CARTESIAN_POINT('',(-35.33161075024,3.088682280963,
    36.667596504373));
#1637 = CARTESIAN_POINT('',(-35.36928152702,3.259245778475,
    36.540161064425));
#1638 = CARTESIAN_POINT('',(-35.40785022187,3.422872240358,
    36.409913052117));
#1639 = CARTESIAN_POINT('',(-35.44717381655,3.58029831612,
    36.277352256794));
#1640 = CARTESIAN_POINT('',(-35.48714329509,3.732145340732,
    36.142859341387));
#1641 = CARTESIAN_POINT('',(-35.52768119184,3.878946312234,
    36.006705669389));
#1642 = CARTESIAN_POINT('',(-35.62275223267,4.208316817651,
    35.687990135194));
#1643 = CARTESIAN_POINT('',(-35.67764618046,4.387489656314,
    35.504404867866));
#1644 = CARTESIAN_POINT('',(-35.73328736762,4.559746556302,
    35.318777339457));
#1645 = CARTESIAN_POINT('',(-35.78957870172,4.725842684337,
    35.131448761935));
#1646 = CARTESIAN_POINT('',(-35.84644719212,4.886379646679,
    34.942675580111));
#1647 = CARTESIAN_POINT('',(-35.90383852839,5.04187595803,
    34.752649364794));
#1648 = CARTESIAN_POINT('',(-36.03288909782,5.378328757888,
    34.326443261842));
#1649 = CARTESIAN_POINT('',(-36.1047881138,5.556906244779,
    34.089719310405));
#1650 = CARTESIAN_POINT('',(-36.17733791934,5.729310195493,
    33.851596523774));
#1651 = CARTESIAN_POINT('',(-36.25048043562,5.896146903863,
    33.612280624433));
#1652 = CARTESIAN_POINT('',(-36.32417067359,6.057906431786,
    33.371930967642));
#1653 = CARTESIAN_POINT('',(-36.3983740748,6.215008066113,
    33.130670554782));
#1654 = CARTESIAN_POINT('',(-36.62293620424,6.674405613041,
    32.402848182928));
#1655 = CARTESIAN_POINT('',(-36.77475494078,6.963651730261,
    31.913859303963));
#1656 = CARTESIAN_POINT('',(-36.92831557683,7.238435455195,
    31.42236540377));
#1657 = CARTESIAN_POINT('',(-37.08347976952,7.500568526081,
    30.928861475002));
#1658 = CARTESIAN_POINT('',(-37.24014510161,7.751482408893,
    30.433712642669));
#1659 = CARTESIAN_POINT('',(-37.39824414084,7.99228291425,
    29.937162674979));
#1660 = CARTESIAN_POINT('',(-37.74481001286,8.495545900679,
    28.855484486906));
#1661 = CARTESIAN_POINT('',(-37.93378280711,8.754528641817,
    28.269942453438));
#1662 = CARTESIAN_POINT('',(-38.12457546601,9.00229277839,27.68303136856
    ));
#1663 = CARTESIAN_POINT('',(-38.31712649234,9.239889071905,
    27.094974325483));
#1664 = CARTESIAN_POINT('',(-38.51138875189,9.468137988225,
    26.505941599831));
#1665 = CARTESIAN_POINT('',(-38.70732672937,9.687722601824,
    25.916062597712));
#1666 = CARTESIAN_POINT('',(-39.19091760062,10.205308293506,
    24.470514669272));
#1667 = CARTESIAN_POINT('',(-39.48036926062,10.494424403643,
    23.614048591255));
#1668 = CARTESIAN_POINT('',(-39.77319056027,10.768250779894,
    22.756328978016));
#1669 = CARTESIAN_POINT('',(-40.06931915787,11.027969490007,
    21.897581270985));
#1670 = CARTESIAN_POINT('',(-40.36870552719,11.274502305189,
    21.037981564654));
#1671 = CARTESIAN_POINT('',(-40.67131237053,11.508568644467,
    20.177662177392));
#1672 = CARTESIAN_POINT('',(-40.97711384175,11.730746418436,
    19.31671776414));
#1673 = ORIENTED_EDGE('',*,*,#1674,.F.);
#1674 = EDGE_CURVE('',#1675,#1614,#1677,.T.);
#1675 = VERTEX_POINT('',#1676);
#1676 = CARTESIAN_POINT('',(-40.97711384175,-11.73074641843,
    19.31671776414));
#1677 = B_SPLINE_CURVE_WITH_KNOTS('',8,(#1678,#1679,#1680,#1681,#1682,
    #1683,#1684,#1685,#1686,#1687,#1688,#1689,#1690,#1691,#1692,#1693,
    #1694,#1695,#1696,#1697,#1698,#1699,#1700,#1701,#1702,#1703,#1704,
    #1705,#1706,#1707,#1708,#1709,#1710,#1711,#1712,#1713,#1714,#1715,
    #1716,#1717,#1718,#1719,#1720,#1721,#1722,#1723,#1724,#1725,#1726,
    #1727,#1728),.UNSPECIFIED.,.F.,.F.,(9,7,7,7,7,7,7,9),(0.,
    0.325264692025,0.602928163007,0.713222722632,0.807171302858,
    0.908442722136,0.959375039097,1.),.UNSPECIFIED.);
#1678 = CARTESIAN_POINT('',(-40.97711384175,-11.73074641843,
    19.31671776414));
#1679 = CARTESIAN_POINT('',(-40.68856187551,-11.52110114342,
    20.129098431489));
#1680 = CARTESIAN_POINT('',(-40.4027975235,-11.30108770291,
    20.940930372428));
#1681 = CARTESIAN_POINT('',(-40.11983988242,-11.07025210571,
    21.752142545508));
#1682 = CARTESIAN_POINT('',(-39.83971628896,-10.82804592097,
    22.562637229106));
#1683 = CARTESIAN_POINT('',(-39.56246280689,-10.57379062551,
    23.372286341627));
#1684 = CARTESIAN_POINT('',(-39.28812450609,-10.30664737231,
    24.180928440073));
#1685 = CARTESIAN_POINT('',(-39.01675687478,-10.02554450859,
    24.988361595858));
#1686 = CARTESIAN_POINT('',(-38.51937117477,-9.475881750173,
    26.48234314856));
#1687 = CARTESIAN_POINT('',(-38.29255087207,-9.211531203509,
    27.169221822222));
#1688 = CARTESIAN_POINT('',(-38.06799301078,-8.935035677693,
    27.854858371436));
#1689 = CARTESIAN_POINT('',(-37.84575018327,-8.645262912581,
    28.539057656291));
#1690 = CARTESIAN_POINT('',(-37.62590327754,-8.340836053483,
    29.221529063693));
#1691 = CARTESIAN_POINT('',(-37.40856805921,-8.019939017641,
    29.901857844492));
#1692 = CARTESIAN_POINT('',(-37.19389683359,-7.680229115728,
    30.579493196799));
#1693 = CARTESIAN_POINT('',(-36.8979861875,-7.174052776822,
    31.521404027133));
#1694 = CARTESIAN_POINT('',(-36.81431968773,-7.026595714047,
    31.788618884796));
#1695 = CARTESIAN_POINT('',(-36.73112639972,-6.87535126956,
    32.055217537806));
#1696 = CARTESIAN_POINT('',(-36.64842457371,-6.720052298391,
    32.321134308618));
#1697 = CARTESIAN_POINT('',(-36.56623703845,-6.560394494226,
    32.586287625627));
#1698 = CARTESIAN_POINT('',(-36.48459180109,-6.396023407091,
    32.850577608238));
#1699 = CARTESIAN_POINT('',(-36.40352314817,-6.226512257147,
    33.113881900314));
#1700 = CARTESIAN_POINT('',(-36.25454625971,-5.902111279127,
    33.599363553948));
#1701 = CARTESIAN_POINT('',(-36.18647357356,-5.748789252087,
    33.821835331252));
#1702 = CARTESIAN_POINT('',(-36.11887747091,-5.59102825023,
    34.043384039056));
#1703 = CARTESIAN_POINT('',(-36.05178972526,-5.428447820329,
    34.263896477941));
#1704 = CARTESIAN_POINT('',(-35.98525284509,-5.26060326763,
    34.483222373029));
#1705 = CARTESIAN_POINT('',(-35.91932102405,-5.086969155855,
    34.70117045084));
#1706 = CARTESIAN_POINT('',(-35.85406270621,-4.906899242657,
    34.917498909834));
#1707 = CARTESIAN_POINT('',(-35.72004348743,-4.51756824755,
    35.362999490425));
#1708 = CARTESIAN_POINT('',(-35.65149676477,-4.307387833037,
    35.591556858269));
#1709 = CARTESIAN_POINT('',(-35.5839450475,-4.087710839777,
    35.817477338795));
#1710 = CARTESIAN_POINT('',(-35.51751611489,-3.857088926457,
    36.040307748738));
#1711 = CARTESIAN_POINT('',(-35.45243690198,-3.613955170007,
    36.259256258431));
#1712 = CARTESIAN_POINT('',(-35.38908221631,-3.356184953626,
    36.473017095038));
#1713 = CARTESIAN_POINT('',(-35.32794741674,-3.08130120576,
    36.679855980426));
#1714 = CARTESIAN_POINT('',(-35.24065006119,-2.6351624157,
    36.975949814361));
#1715 = CARTESIAN_POINT('',(-35.21225507873,-2.480549343281,
    37.072390325359));
#1716 = CARTESIAN_POINT('',(-35.1847580654,-2.319921617894,
    37.165903624924));
#1717 = CARTESIAN_POINT('',(-35.15830706359,-2.15263545677,
    37.255973923251));
#1718 = CARTESIAN_POINT('',(-35.13311687243,-1.978096757389,
    37.341854675905));
#1719 = CARTESIAN_POINT('',(-35.10946979211,-1.795754372912,
    37.422564313039));
#1720 = CARTESIAN_POINT('',(-35.08771797902,-1.605087319815,
    37.496877764833));
#1721 = CARTESIAN_POINT('',(-35.05278907833,-1.246458331471,
    37.616304905631));
#1722 = CARTESIAN_POINT('',(-35.0387578157,-1.081611808905,
    37.66431753864));
#1723 = CARTESIAN_POINT('',(-35.02645222951,-0.91116732578,
    37.706455385357));
#1724 = CARTESIAN_POINT('',(-35.01615652565,-0.735502046597,
    37.741731901951));
#1725 = CARTESIAN_POINT('',(-35.00816028086,-0.55528408015,
    37.769141639979));
#1726 = CARTESIAN_POINT('',(-35.0027196486,-0.371539764498,
    37.787795502996));
#1727 = CARTESIAN_POINT('',(-35.,-0.185753481372,37.797119917382));
#1728 = CARTESIAN_POINT('',(-35.,0.,37.797119917382));
#1729 = ORIENTED_EDGE('',*,*,#1730,.F.);
#1730 = EDGE_CURVE('',#1491,#1675,#1731,.T.);
#1731 = HYPERBOLA('',#1732,35.382715123586,14.595369988479);
#1732 = AXIS2_PLACEMENT_3D('',#1733,#1734,#1735);
#1733 = CARTESIAN_POINT('',(-8.578943230981,11.807902359869,
    122.64560476586));
#1734 = DIRECTION('',(0.587785252293,-0.809016994375,0.));
#1735 = DIRECTION('',(0.,0.,-1.));
#1736 = ORIENTED_EDGE('',*,*,#1498,.F.);
#1737 = ORIENTED_EDGE('',*,*,#1518,.T.);
#1738 = ORIENTED_EDGE('',*,*,#1375,.T.);
#1739 = ORIENTED_EDGE('',*,*,#1740,.T.);
#1740 = EDGE_CURVE('',#1368,#1741,#1743,.T.);
#1741 = VERTEX_POINT('',#1742);
#1742 = CARTESIAN_POINT('',(-23.8192273798,-35.34655113817,
    19.31671776414));
#1743 = HYPERBOLA('',#1744,35.382715123567,14.595369988472);
#1744 = AXIS2_PLACEMENT_3D('',#1745,#1746,#1747);
#1745 = CARTESIAN_POINT('',(8.578943230976,-11.80790235986,
    122.64560476586));
#1746 = DIRECTION('',(0.587785252292,-0.809016994375,0.));
#1747 = DIRECTION('',(0.,0.,-1.));
#1748 = ORIENTED_EDGE('',*,*,#1749,.F.);
#1749 = EDGE_CURVE('',#1750,#1741,#1752,.T.);
#1750 = VERTEX_POINT('',#1751);
#1751 = CARTESIAN_POINT('',(-10.81559480312,-33.28697807033,
    37.797119917382));
#1752 = B_SPLINE_CURVE_WITH_KNOTS('',7,(#1753,#1754,#1755,#1756,#1757,
    #1758,#1759,#1760,#1761,#1762,#1763,#1764,#1765,#1766,#1767,#1768,
    #1769,#1770,#1771,#1772,#1773,#1774,#1775,#1776,#1777,#1778,#1779,
    #1780,#1781,#1782,#1783,#1784,#1785,#1786,#1787,#1788,#1789,#1790,
    #1791,#1792,#1793,#1794,#1795,#1796,#1797,#1798,#1799,#1800,#1801,
    #1802,#1803,#1804,#1805,#1806,#1807,#1808),.UNSPECIFIED.,.F.,.F.,(8,
    6,6,6,6,6,6,6,6,8),(0.,3.245088952475E-02,5.461922283119E-02,
    9.695896753087E-02,0.151695776581,0.223708828625,0.312261820462,
    0.489943686429,0.698347146935,1.),.UNSPECIFIED.);
#1753 = CARTESIAN_POINT('',(-10.81559480312,-33.28697807033,
    37.797119917382));
#1754 = CARTESIAN_POINT('',(-10.97741684864,-33.23439890045,
    37.797119917382));
#1755 = CARTESIAN_POINT('',(-11.13953726448,-33.18417218962,
    37.789133027759));
#1756 = CARTESIAN_POINT('',(-11.30061873382,-33.13670888878,
    37.773235893896));
#1757 = CARTESIAN_POINT('',(-11.45963628226,-33.09220179043,
    37.74989095811));
#1758 = CARTESIAN_POINT('',(-11.61578123961,-33.05070762729,
    37.719778739509));
#1759 = CARTESIAN_POINT('',(-11.76839725128,-33.01220081795,
    37.683688174403));
#1760 = CARTESIAN_POINT('',(-12.0184287638,-32.95227792109,
    37.614304042267));
#1761 = CARTESIAN_POINT('',(-12.1180990944,-32.92929189613,
    37.583723302966));
#1762 = CARTESIAN_POINT('',(-12.21589377502,-32.90759171242,
    37.550955258055));
#1763 = CARTESIAN_POINT('',(-12.31178773544,-32.88711904968,
    37.516219455709));
#1764 = CARTESIAN_POINT('',(-12.40579091685,-32.86780992329,
    37.479716616218));
#1765 = CARTESIAN_POINT('',(-12.49794279727,-32.84959826816,
    37.441622714646));
#1766 = CARTESIAN_POINT('',(-12.76089516247,-32.79960949158,
    37.32656549018));
#1767 = CARTESIAN_POINT('',(-12.92686264916,-32.77058570924,
    37.245819209537));
#1768 = CARTESIAN_POINT('',(-13.08674327125,-32.74487380908,
    37.160840303293));
#1769 = CARTESIAN_POINT('',(-13.24099540394,-32.7220901105,
    37.072405892501));
#1770 = CARTESIAN_POINT('',(-13.3900614831,-32.70191053379,
    36.981112652945));
#1771 = CARTESIAN_POINT('',(-13.53439874405,-32.68405503132,
    36.887396147105));
#1772 = CARTESIAN_POINT('',(-13.85557957054,-32.64790332018,
    36.667596504373));
#1773 = CARTESIAN_POINT('',(-14.0294360065,-32.63102333855,
    36.540161064427));
#1774 = CARTESIAN_POINT('',(-14.19697240148,-32.61714098966,
    36.409913052114));
#1775 = CARTESIAN_POINT('',(-14.3588451557,-32.60589261787,
    36.277352256798));
#1776 = CARTESIAN_POINT('',(-14.51561150607,-32.59698253974,
    36.142859341385));
#1777 = CARTESIAN_POINT('',(-14.66775442562,-32.59017237561,
    36.00670566939));
#1778 = CARTESIAN_POINT('',(-15.01038295836,-32.57880922488,
    35.687990135194));
#1779 = CARTESIAN_POINT('',(-15.19774961687,-32.57564901956,
    35.504404867866));
#1780 = CARTESIAN_POINT('',(-15.3787697365,-32.57533662368,
    35.318777339457));
#1781 = CARTESIAN_POINT('',(-15.55413152027,-32.57754633753,
    35.131448761935));
#1782 = CARTESIAN_POINT('',(-15.72438457439,-32.5820228363,
    34.942675580111));
#1783 = CARTESIAN_POINT('',(-15.8900052528,-32.58855423787,
    34.752649364794));
#1784 = CARTESIAN_POINT('',(-16.24986969962,-32.60731898989,
    34.326443261842));
#1785 = CARTESIAN_POINT('',(-16.44192500001,-32.6205155393,
    34.089719310405));
#1786 = CARTESIAN_POINT('',(-16.62831002362,-32.63623875394,
    33.851596523774));
#1787 = CARTESIAN_POINT('',(-16.80958344281,-32.6542460425,
    33.612280624433));
#1788 = CARTESIAN_POINT('',(-16.98619743177,-32.67434318038,
    33.371930967642));
#1789 = CARTESIAN_POINT('',(-17.15854007683,-32.69636773378,
    33.130670554782));
#1790 = CARTESIAN_POINT('',(-17.66484662169,-32.76797736112,
    32.402848182929));
#1791 = CARTESIAN_POINT('',(-17.98685059595,-32.82298359403,
    31.913859303959));
#1792 = CARTESIAN_POINT('',(-18.29563829432,-32.88411559681,
    31.422365403777));
#1793 = CARTESIAN_POINT('',(-18.59289003199,-32.95068193967,
    30.928861474995));
#1794 = CARTESIAN_POINT('',(-18.87993556531,-33.02214287072,
    30.433712642673));
#1795 = CARTESIAN_POINT('',(-19.15780574497,-33.09809254379,
    29.937162674978));
#1796 = CARTESIAN_POINT('',(-19.74353203175,-33.27217945925,
    28.855484486906));
#1797 = CARTESIAN_POINT('',(-20.04823506022,-33.37187319837,
    28.269942453438));
#1798 = CARTESIAN_POINT('',(-20.34283093081,-33.47676447108,
    27.68303136856));
#1799 = CARTESIAN_POINT('',(-20.62829997342,-33.58647008689,
    27.094974325483));
#1800 = CARTESIAN_POINT('',(-20.90540793219,-33.70069168061,
    26.505941599831));
#1801 = CARTESIAN_POINT('',(-21.17479347472,-33.81918439358,
    25.916062597712));
#1802 = CARTESIAN_POINT('',(-21.81648451708,-34.11916386812,
    24.470514669272));
#1803 = CARTESIAN_POINT('',(-22.18089575958,-34.30510696415,
    23.614048591254));
#1804 = CARTESIAN_POINT('',(-22.53180687695,-34.49897956551,
    22.756328978017));
#1805 = CARTESIAN_POINT('',(-22.87032281779,-34.70035710275,
    21.897581270984));
#1806 = CARTESIAN_POINT('',(-23.19730493415,-34.90890763061,
    21.037981564655));
#1807 = CARTESIAN_POINT('',(-23.51342590857,-35.1243733642,
    20.177662177392));
#1808 = CARTESIAN_POINT('',(-23.8192273798,-35.34655113817,
    19.31671776414));
#1809 = ORIENTED_EDGE('',*,*,#1810,.F.);
#1810 = EDGE_CURVE('',#1811,#1750,#1813,.T.);
#1811 = VERTEX_POINT('',#1812);
#1812 = CARTESIAN_POINT('',(-1.50602173528,-42.59655113817,
    19.31671776414));
#1813 = B_SPLINE_CURVE_WITH_KNOTS('',8,(#1814,#1815,#1816,#1817,#1818,
    #1819,#1820,#1821,#1822,#1823,#1824,#1825,#1826,#1827,#1828,#1829,
    #1830,#1831,#1832,#1833,#1834,#1835,#1836,#1837,#1838,#1839,#1840,
    #1841,#1842,#1843,#1844,#1845,#1846,#1847,#1848,#1849,#1850,#1851,
    #1852,#1853,#1854,#1855,#1856,#1857,#1858,#1859,#1860,#1861,#1862,
    #1863,#1864),.UNSPECIFIED.,.F.,.F.,(9,7,7,7,7,7,7,9),(0.,
    0.325264692027,0.602928163009,0.713222722633,0.807171302859,
    0.908442722137,0.959375039097,1.),.UNSPECIFIED.);
#1814 = CARTESIAN_POINT('',(-1.50602173528,-42.59655113817,
    19.31671776414));
#1815 = CARTESIAN_POINT('',(-1.616238778864,-42.25733795762,
    20.129098431489));
#1816 = CARTESIAN_POINT('',(-1.737177953978,-41.9175720164,
    20.94093037243));
#1817 = CARTESIAN_POINT('',(-1.869276933097,-41.57713118558,
    21.752142545505));
#1818 = CARTESIAN_POINT('',(-2.013065752483,-41.23587198942,
    22.562637229106));
#1819 = CARTESIAN_POINT('',(-2.169200870322,-40.89361905143,
    23.37228634163));
#1820 = CARTESIAN_POINT('',(-2.338494004906,-40.5501560176,
    24.180928440071));
#1821 = CARTESIAN_POINT('',(-2.521981505398,-40.20520450148,
    24.988361595859));
#1822 = CARTESIAN_POINT('',(-2.891041219497,-39.56230745685,
    26.482343148556));
#1823 = CARTESIAN_POINT('',(-3.072362201291,-39.26489971854,
    27.169221822243));
#1824 = CARTESIAN_POINT('',(-3.265932877464,-38.96589068495,
    27.854858371388));
#1825 = CARTESIAN_POINT('',(-3.472846343426,-38.66498048669,
    28.539057656352));
#1826 = CARTESIAN_POINT('',(-3.694437061441,-38.36182058143,
    29.221529063649));
#1827 = CARTESIAN_POINT('',(-3.932468002519,-38.05595986828,
    29.901857844508));
#1828 = CARTESIAN_POINT('',(-4.189214261455,-37.74681926745,
    30.579493196797));
#1829 = CARTESIAN_POINT('',(-4.57917514851,-37.30897442837,
    31.521404027133));
#1830 = CARTESIAN_POINT('',(-4.693560778646,-37.18383612023,
    31.788618884795));
#1831 = CARTESIAN_POINT('',(-4.811694653318,-37.05797749791,
    32.055217537806));
#1832 = CARTESIAN_POINT('',(-4.933836482118,-36.93133336607,
    32.321134308619));
#1833 = CARTESIAN_POINT('',(-5.060282732024,-36.80383140033,
    32.586287625627));
#1834 = CARTESIAN_POINT('',(-5.191379159682,-36.67538870601,
    32.850577608237));
#1835 = CARTESIAN_POINT('',(-5.327542251955,-36.54590600931,
    33.113881900314));
#1836 = CARTESIAN_POINT('',(-5.590029525692,-36.30397515356,
    33.599363553948));
#1837 = CARTESIAN_POINT('',(-5.714811821727,-36.19185506986,
    33.821835331249));
#1838 = CARTESIAN_POINT('',(-5.843963106088,-36.07881652532,
    34.043384039059));
#1839 = CARTESIAN_POINT('',(-5.977855029846,-35.96477217187,
    34.263896477941));
#1840 = CARTESIAN_POINT('',(-6.116923658689,-35.84962501921,
    34.483222373026));
#1841 = CARTESIAN_POINT('',(-6.261685458977,-35.73326423984,
    34.701170450843));
#1842 = CARTESIAN_POINT('',(-6.41277619407,-35.61555522806,
    34.917498909833));
#1843 = CARTESIAN_POINT('',(-6.741637757789,-35.36778548281,
    35.362999490425));
#1844 = CARTESIAN_POINT('',(-6.920349108398,-35.23764435558,
    35.591556858268));
#1845 = CARTESIAN_POINT('',(-7.108399715684,-35.1055149305,35.8174773388
    ));
#1846 = CARTESIAN_POINT('',(-7.307206520049,-34.97107117077,
    36.04030774873));
#1847 = CARTESIAN_POINT('',(-7.51832988069,-34.83404469862,
    36.259256258436));
#1848 = CARTESIAN_POINT('',(-7.743906250132,-34.69413543446,
    36.473017095036));
#1849 = CARTESIAN_POINT('',(-7.986444537752,-34.55104903539,
    36.679855980427));
#1850 = CARTESIAN_POINT('',(-8.383771374783,-34.33015984856,
    36.975949814361));
#1851 = CARTESIAN_POINT('',(-8.522042612677,-34.25537654853,
    37.072390325359));
#1852 = CARTESIAN_POINT('',(-8.666311613188,-34.17958863791,
    37.165903624924));
#1853 = CARTESIAN_POINT('',(-8.817236397733,-34.10273797357,
    37.255973923251));
#1854 = CARTESIAN_POINT('',(-8.975448367967,-34.02484525384,
    37.341854675905));
#1855 = CARTESIAN_POINT('',(-9.141558931235,-33.94600864841,
    37.42256431304));
#1856 = CARTESIAN_POINT('',(-9.31617239462,-33.86640208515,
    37.496877764833));
#1857 = CARTESIAN_POINT('',(-9.646455207013,-33.72236027447,
    37.616304905632));
#1858 = CARTESIAN_POINT('',(-9.798897667877,-33.65807537377,
    37.66431753864));
#1859 = CARTESIAN_POINT('',(-9.957197368964,-33.59370182396,
    37.706455385356));
#1860 = CARTESIAN_POINT('',(-10.12108342995,-33.52962647112,
    37.741731901951));
#1861 = CARTESIAN_POINT('',(-10.29000992576,-33.46633117609,
    37.769141639979));
#1862 = CARTESIAN_POINT('',(-10.46307990667,-33.40437671117,
    37.787795502996));
#1863 = CARTESIAN_POINT('',(-10.63893274424,-33.34437905283,
    37.797119917382));
#1864 = CARTESIAN_POINT('',(-10.81559480312,-33.28697807033,
    37.797119917382));
#1865 = ORIENTED_EDGE('',*,*,#1866,.F.);
#1866 = EDGE_CURVE('',#1249,#1811,#1867,.T.);
#1867 = HYPERBOLA('',#1868,35.382715123586,14.595369988479);
#1868 = AXIS2_PLACEMENT_3D('',#1869,#1870,#1871);
#1869 = CARTESIAN_POINT('',(-13.88102173528,-4.510217365631,
    122.64560476586));
#1870 = DIRECTION('',(0.951056516295,0.309016994375,0.));
#1871 = DIRECTION('',(0.,0.,-1.));
#1872 = ORIENTED_EDGE('',*,*,#1256,.F.);
#1873 = ORIENTED_EDGE('',*,*,#1110,.T.);
#1874 = ORIENTED_EDGE('',*,*,#977,.T.);
#1875 = ORIENTED_EDGE('',*,*,#1876,.T.);
#1876 = EDGE_CURVE('',#970,#1877,#1879,.T.);
#1877 = VERTEX_POINT('',#1878);
#1878 = CARTESIAN_POINT('',(26.256021735278,-33.57611640691,
    19.31671776414));
#1879 = HYPERBOLA('',#1880,35.382715123567,14.595369988472);
#1880 = AXIS2_PLACEMENT_3D('',#1881,#1882,#1883);
#1881 = CARTESIAN_POINT('',(13.881021735275,4.510217365628,
    122.64560476586));
#1882 = DIRECTION('',(0.951056516295,0.309016994375,0.));
#1883 = DIRECTION('',(0.,0.,-1.));
#1884 = ORIENTED_EDGE('',*,*,#1885,.F.);
#1885 = EDGE_CURVE('',#1886,#1877,#1888,.T.);
#1886 = VERTEX_POINT('',#1887);
#1887 = CARTESIAN_POINT('',(28.315594803123,-20.57248383023,
    37.797119917382));
#1888 = B_SPLINE_CURVE_WITH_KNOTS('',7,(#1889,#1890,#1891,#1892,#1893,
    #1894,#1895,#1896,#1897,#1898,#1899,#1900,#1901,#1902,#1903,#1904,
    #1905,#1906,#1907,#1908,#1909,#1910,#1911,#1912,#1913,#1914,#1915,
    #1916,#1917,#1918,#1919,#1920,#1921,#1922,#1923,#1924,#1925,#1926,
    #1927,#1928,#1929,#1930,#1931,#1932,#1933,#1934,#1935,#1936,#1937,
    #1938,#1939,#1940,#1941,#1942,#1943,#1944),.UNSPECIFIED.,.F.,.F.,(8,
    6,6,6,6,6,6,6,6,8),(0.,3.24508895248E-02,5.461922283122E-02,
    9.695896753078E-02,0.15169577658,0.223708828625,0.312261820461,
    0.489943686428,0.698347146935,1.),.UNSPECIFIED.);
#1889 = CARTESIAN_POINT('',(28.315594803123,-20.57248383023,
    37.797119917382));
#1890 = CARTESIAN_POINT('',(28.215583278862,-20.71013788406,
    37.797119917382));
#1891 = CARTESIAN_POINT('',(28.117716874602,-20.84880265476,
    37.789133027759));
#1892 = CARTESIAN_POINT('',(28.022799681554,-20.98733326925,
    37.773235893896));
#1893 = CARTESIAN_POINT('',(27.93133179077,-21.12481449515,
    37.749890958109));
#1894 = CARTESIAN_POINT('',(27.843617051117,-21.26049477274,
    37.719778739509));
#1895 = CARTESIAN_POINT('',(27.759833957955,-21.39374196664,
    37.683688174403));
#1896 = CARTESIAN_POINT('',(27.625579909923,-21.61301887242,
    37.614304042267));
#1897 = CARTESIAN_POINT('',(27.572919075111,-21.70070791748,
    37.583723302966));
#1898 = CARTESIAN_POINT('',(27.522060755723,-21.7870104602,
    37.550955258055));
#1899 = CARTESIAN_POINT('',(27.472957232993,-21.87188463541,
    37.516219455709));
#1900 = CARTESIAN_POINT('',(27.425544581934,-21.95532012545,
    37.479716616218));
#1901 = CARTESIAN_POINT('',(27.379747771536,-22.03733406088,
    37.441622714646));
#1902 = CARTESIAN_POINT('',(27.250948870268,-22.27196923979,
    37.32656549018));
#1903 = CARTESIAN_POINT('',(27.172058839046,-22.42084485751,
    37.245819209536));
#1904 = CARTESIAN_POINT('',(27.098199539555,-22.56495495088,
    37.160840303293));
#1905 = CARTESIAN_POINT('',(27.028864424133,-22.70461689676,
    37.072405892501));
#1906 = CARTESIAN_POINT('',(26.96360855446,-22.84015133057,
    36.981112652945));
#1907 = CARTESIAN_POINT('',(26.902024295934,-22.97190656943,
    36.887396147105));
#1908 = CARTESIAN_POINT('',(26.76839164182,-23.26619619425,
    36.667596504373));
#1909 = CARTESIAN_POINT('',(26.698613232009,-23.42632728939,
    36.540161064426));
#1910 = CARTESIAN_POINT('',(26.633638740411,-23.58137398782,
    36.409913052116));
#1911 = CARTESIAN_POINT('',(26.572919471134,-23.73184818749,
    36.277352256795));
#1912 = CARTESIAN_POINT('',(26.516002016859,-23.87818848097,
    36.142859341387));
#1913 = CARTESIAN_POINT('',(26.462510418175,-24.02078053958,
    36.006705669389));
#1914 = CARTESIAN_POINT('',(26.345825380255,-24.34312823163,
    35.687990135194));
#1915 = CARTESIAN_POINT('',(26.284920364729,-24.52034795599,
    35.504404867866));
#1916 = CARTESIAN_POINT('',(26.228684965305,-24.6924117847,
    35.318777339457));
#1917 = CARTESIAN_POINT('',(26.176596756708,-24.859873591,
    35.131448761935));
#1918 = CARTESIAN_POINT('',(26.128243072973,-25.02317718174,
    34.942675580111));
#1919 = CARTESIAN_POINT('',(26.083275200744,-25.18271012125,
    34.752649364794));
#1920 = CARTESIAN_POINT('',(25.989917310697,-25.53076017565,
    34.326443261842));
#1921 = CARTESIAN_POINT('',(25.943119623322,-25.71749357861,
    34.089719310405));
#1922 = CARTESIAN_POINT('',(25.900477149273,-25.89961501039,
    33.851596523773));
#1923 = CARTESIAN_POINT('',(25.861586531238,-26.07758083513,
    33.612280624433));
#1924 = CARTESIAN_POINT('',(25.826123321145,-26.25176107734,
    33.371930967643));
#1925 = CARTESIAN_POINT('',(25.793813109995,-26.42247463426,
    33.130670554782));
#1926 = CARTESIAN_POINT('',(25.705460585977,-26.9261293648,
    32.402848182929));
#1927 = CARTESIAN_POINT('',(25.658269921919,-27.24937120355,
    31.913859303959));
#1928 = CARTESIAN_POINT('',(25.620989265066,-27.561936584,
    31.422365403777));
#1929 = CARTESIAN_POINT('',(25.592441780668,-27.86520991729,
    30.928861474995));
#1930 = CARTESIAN_POINT('',(25.571703216847,-28.16028908435,
    30.433712642673));
#1931 = CARTESIAN_POINT('',(25.558069040583,-28.4480290691,
    29.937162674978));
#1932 = CARTESIAN_POINT('',(25.54263615927,-29.05888368628,
    28.855484486906));
#1933 = CARTESIAN_POINT('',(25.543292125455,-29.37948054666,
    28.269942453437));
#1934 = CARTESIAN_POINT('',(25.552014523382,-29.69207105489,
    27.68303136856));
#1935 = CARTESIAN_POINT('',(25.568135978639,-29.99746914773,
    27.094974325483));
#1936 = CARTESIAN_POINT('',(25.591136101112,-30.29631089122,
    26.505941599831));
#1937 = CARTESIAN_POINT('',(25.620584657233,-30.58912802885,
    25.916062597712));
#1938 = CARTESIAN_POINT('',(25.70758865403,-31.29211123173,
    24.470514669272));
#1939 = CARTESIAN_POINT('',(25.771821780286,-31.69614649518,
    23.614048591258));
#1940 = CARTESIAN_POINT('',(25.847768082365,-32.08979272857,
    22.756328978009));
#1941 = CARTESIAN_POINT('',(25.934682322798,-32.47396960126,
    21.897581270992));
#1942 = CARTESIAN_POINT('',(26.031982630492,-32.84939373104,
    21.037981564649));
#1943 = CARTESIAN_POINT('',(26.139215967083,-33.21662521708,
    20.177662177394));
#1944 = CARTESIAN_POINT('',(26.25602173528,-33.57611640691,
    19.31671776414));
#1945 = ORIENTED_EDGE('',*,*,#1946,.F.);
#1946 = EDGE_CURVE('',#1947,#1886,#1949,.T.);
#1947 = VERTEX_POINT('',#1948);
#1948 = CARTESIAN_POINT('',(40.046341221558,-14.59536998847,
    19.31671776414));
#1949 = B_SPLINE_CURVE_WITH_KNOTS('',8,(#1950,#1951,#1952,#1953,#1954,
    #1955,#1956,#1957,#1958,#1959,#1960,#1961,#1962,#1963,#1964,#1965,
    #1966,#1967,#1968,#1969,#1970,#1971,#1972,#1973,#1974,#1975,#1976,
    #1977,#1978,#1979,#1980,#1981,#1982,#1983,#1984,#1985,#1986,#1987,
    #1988,#1989,#1990,#1991,#1992,#1993,#1994,#1995,#1996,#1997,#1998,
    #1999,#2000),.UNSPECIFIED.,.F.,.F.,(9,7,7,7,7,7,7,9),(0.,
    0.325264692026,0.602928163008,0.713222722632,0.807171302856,
    0.908442722135,0.959375039096,1.),.UNSPECIFIED.);
#1950 = CARTESIAN_POINT('',(40.046341221559,-14.59536998847,
    19.31671776414));
#1951 = CARTESIAN_POINT('',(39.689671376245,-14.59536998847,
    20.129098431489));
#1952 = CARTESIAN_POINT('',(39.329162503443,-14.6053965291,
    20.940930372429));
#1953 = CARTESIAN_POINT('',(38.964563203385,-14.62582812168,
    21.752142545506));
#1954 = CARTESIAN_POINT('',(38.59557323234,-14.65712452423,
    22.562637229105));
#1955 = CARTESIAN_POINT('',(38.221822940615,-14.69985587126,
    23.372286341628));
#1956 = CARTESIAN_POINT('',(37.842855728569,-14.75472729567,
    24.180928440073));
#1957 = CARTESIAN_POINT('',(37.458086585447,-14.82263839796,
    24.988361595858));
#1958 = CARTESIAN_POINT('',(36.732609438251,-14.97496893153,
    26.482343148557));
#1959 = CARTESIAN_POINT('',(36.393726605926,-15.05551138741,
    27.169221822235));
#1960 = CARTESIAN_POINT('',(36.049535487529,-15.1472091675,
    27.854858371406));
#1961 = CARTESIAN_POINT('',(35.69941310534,-15.25100920257,
    28.539057656331));
#1962 = CARTESIAN_POINT('',(35.342615604275,-15.36807293614,
    29.221529063661));
#1963 = CARTESIAN_POINT('',(34.97816917399,-15.49993765547,
    29.901857844507));
#1964 = CARTESIAN_POINT('',(34.60482003386,-15.64858815875,
    30.579493196796));
#1965 = CARTESIAN_POINT('',(34.067900305289,-15.88416150531,
    31.521404027133));
#1966 = CARTESIAN_POINT('',(33.913539598268,-15.95427884036,
    31.788618884795));
#1967 = CARTESIAN_POINT('',(33.757335560493,-16.02773837848,
    32.055217537806));
#1968 = CARTESIAN_POINT('',(33.599145932834,-16.10476697169,
    32.321134308619));
#1969 = CARTESIAN_POINT('',(33.438810317377,-16.1856242274,
    32.586287625627));
#1970 = CARTESIAN_POINT('',(33.276143031927,-16.27061336384,
    32.850577608237));
#1971 = CARTESIAN_POINT('',(33.110920959961,-16.36009980626,
    33.113881900314));
#1972 = CARTESIAN_POINT('',(32.799718014721,-16.53497929251,
    33.599363553948));
#1973 = CARTESIAN_POINT('',(32.654525628433,-16.61900729699,
    33.821835331249));
#1974 = CARTESIAN_POINT('',(32.507109642348,-16.70690663629,
    34.04338403906));
#1975 = CARTESIAN_POINT('',(32.357272136998,-16.79900377953,
    34.26389647794));
#1976 = CARTESIAN_POINT('',(32.204786117437,-16.89568347818,
    34.483222373025));
#1977 = CARTESIAN_POINT('',(32.049386583549,-16.99740267335,
    34.701170450843));
#1978 = CARTESIAN_POINT('',(31.890749056029,-17.10472441648,
    34.917498909833));
#1979 = CARTESIAN_POINT('',(31.553482213279,-17.34092528764,
    35.362999490428));
#1980 = CARTESIAN_POINT('',(31.374485801774,-17.47067406218,
    35.591556858255));
#1981 = CARTESIAN_POINT('',(31.190712417579,-17.60869057985,
    35.817477338823));
#1982 = CARTESIAN_POINT('',(31.001414122705,-17.75622168006,
    36.040307748707));
#1983 = CARTESIAN_POINT('',(30.805853497078,-17.91466841938,
    36.259256258451));
#1984 = CARTESIAN_POINT('',(30.603084948039,-18.08596995516,
    36.473017095031));
#1985 = CARTESIAN_POINT('',(30.392053243143,-18.27242144507,
    36.679855980427));
#1986 = CARTESIAN_POINT('',(30.059194397674,-18.58204320993,
    36.975949814361));
#1987 = CARTESIAN_POINT('',(29.945343090527,-18.69043766114,
    37.072390325359));
#1988 = CARTESIAN_POINT('',(29.828682931352,-18.80422588182,
    37.165903624924));
#1989 = CARTESIAN_POINT('',(29.70895528295,-18.92401572032,
    37.255973923251));
#1990 = CARTESIAN_POINT('',(29.585984716764,-19.05041407144,
    37.341854675905));
#1991 = CARTESIAN_POINT('',(29.459675662451,-19.1840327542,
    37.422564313039));
#1992 = CARTESIAN_POINT('',(29.330006794095,-19.32550024548,
    37.496877764833));
#1993 = CARTESIAN_POINT('',(29.090951889452,-19.59510649902,
    37.616304905632));
#1994 = CARTESIAN_POINT('',(28.982706004671,-19.72022276799,
    37.664317538639));
#1995 = CARTESIAN_POINT('',(28.872565822804,-19.85088220936,
    37.706455385356));
#1996 = CARTESIAN_POINT('',(28.760982962964,-19.98694674264,
    37.741731901951));
#1997 = CARTESIAN_POINT('',(28.648584402166,-20.12804606543,
    37.769141639979));
#1998 = CARTESIAN_POINT('',(28.536180639278,-20.27350041601,
    37.787795502996));
#1999 = CARTESIAN_POINT('',(28.424777960035,-20.42220610704,
    37.797119917382));
#2000 = CARTESIAN_POINT('',(28.315594803123,-20.57248383023,
    37.797119917382));
#2001 = ORIENTED_EDGE('',*,*,#2002,.F.);
#2002 = EDGE_CURVE('',#851,#1947,#2003,.T.);
#2003 = HYPERBOLA('',#2004,35.382715123586,14.595369988479);
#2004 = AXIS2_PLACEMENT_3D('',#2005,#2006,#2007);
#2005 = CARTESIAN_POINT('',(1.322255850433E-12,-14.59536998847,
    122.64560476586));
#2006 = DIRECTION('',(-9.059419880941E-14,1.,0.));
#2007 = DIRECTION('',(0.,0.,-1.));
#2008 = ORIENTED_EDGE('',*,*,#858,.F.);
#2009 = ORIENTED_EDGE('',*,*,#713,.T.);
#2010 = ORIENTED_EDGE('',*,*,#2011,.T.);
#2011 = EDGE_CURVE('',#687,#2012,#2014,.T.);
#2012 = VERTEX_POINT('',#2013);
#2013 = CARTESIAN_POINT('',(37.95871667522,0.,30.624473432001));
#2014 = B_SPLINE_CURVE_WITH_KNOTS('',1,(#2015,#2016),.UNSPECIFIED.,.F.,
  .F.,(2,2),(0.1,0.406639100585),.PIECEWISE_BEZIER_KNOTS.);
#2015 = CARTESIAN_POINT('',(48.07780699451,-1.177566648917E-14,
    6.093345385236));
#2016 = CARTESIAN_POINT('',(37.95871667522,-9.29720417521E-15,
    30.624473432001));
#2017 = ORIENTED_EDGE('',*,*,#2018,.T.);
#2018 = EDGE_CURVE('',#2012,#2019,#2021,.T.);
#2019 = VERTEX_POINT('',#2020);
#2020 = CARTESIAN_POINT('',(22.243437443546,0.,68.72212005424));
#2021 = ( BOUNDED_CURVE() B_SPLINE_CURVE(9,(#2022,#2023,#2024,#2025,
    #2026,#2027,#2028,#2029,#2030,#2031,#2032,#2033,#2034,#2035,#2036,
    #2037,#2038,#2039,#2040,#2041,#2042,#2043,#2044,#2045,#2046,#2047,
    #2048,#2049,#2050,#2051,#2052,#2053,#2054,#2055,#2056,#2057,#2058,
    #2059,#2060,#2061,#2062,#2063,#2064,#2065,#2066,#2067,#2068,#2069,
    #2070,#2071,#2072,#2073,#2074,#2075,#2076,#2077,#2078,#2079,#2080,
    #2081,#2082,#2083,#2084,#2085,#2086,#2087),.UNSPECIFIED.,.F.,.F.) 
B_SPLINE_CURVE_WITH_KNOTS((10,8,8,8,8,8,8,8,10),(0.,0.128444359244,
    0.222825841352,0.435227034341,0.535734361864,0.747723221516,
0.866141199536,0.909253507605,1.),.UNSPECIFIED.) CURVE() 
GEOMETRIC_REPRESENTATION_ITEM() RATIONAL_B_SPLINE_CURVE((1.,1.,1.,1.,1.,
    1.,1.,1.,1.,1.,1.,1.,1.,1.,1.,1.,1.,1.,1.,1.,1.,1.,1.,1.,1.,1.,1.,1.
    ,1.,1.,1.,1.,1.,1.,1.,1.,1.,1.,1.,1.,1.,1.,1.,1.,1.,1.,1.,1.,1.,1.,
    1.,1.,1.,1.,1.,1.,1.,1.,1.,1.,1.,1.,1.,1.,1.,1.)) 
REPRESENTATION_ITEM('') );
#2022 = CARTESIAN_POINT('',(37.958716675219,-8.881784197001E-15,
    30.624473432003));
#2023 = CARTESIAN_POINT('',(37.958716675219,-1.080904792203,
    30.624473432003));
#2024 = CARTESIAN_POINT('',(37.902852639887,-2.161968304812,
    30.676037865641));
#2025 = CARTESIAN_POINT('',(37.790628542891,-3.234241850221,
    30.779630608386));
#2026 = CARTESIAN_POINT('',(37.625707665306,-4.283958302668,
    30.932117938011));
#2027 = CARTESIAN_POINT('',(37.407785279882,-5.315817321711,
    31.134356569263));
#2028 = CARTESIAN_POINT('',(37.146604085056,-6.304882603745,
    31.378050750533));
#2029 = CARTESIAN_POINT('',(36.843282836616,-7.263117956045,
    31.663030950701));
#2030 = CARTESIAN_POINT('',(36.50430106116,-8.180319052271,
    31.984221352448));
#2031 = CARTESIAN_POINT('',(35.861445287331,-9.701322881207,
    32.599395840187));
#2032 = CARTESIAN_POINT('',(35.572124404856,-10.32357699203,
    32.877983187303));
#2033 = CARTESIAN_POINT('',(35.267575803598,-10.92329121632,
    33.173316266803));
#2034 = CARTESIAN_POINT('',(34.949482964408,-11.50017995966,
    33.484241236021));
#2035 = CARTESIAN_POINT('',(34.619415459424,-12.05416495438,
    33.809723612158));
#2036 = CARTESIAN_POINT('',(34.27883278581,-12.58531990804,
    34.148846944935));
#2037 = CARTESIAN_POINT('',(33.929088199472,-13.09381515196,
    34.500811489228));
#2038 = CARTESIAN_POINT('',(33.57143254879,-13.57986228973,
    34.864932877713));
#2039 = CARTESIAN_POINT('',(32.386920138211,-15.08741170496,
    36.086154211502));
#2040 = CARTESIAN_POINT('',(31.532807859826,-16.01833114097,
    36.990117758608));
#2041 = CARTESIAN_POINT('',(30.657465391608,-16.83936020378,
    37.946486059377));
#2042 = CARTESIAN_POINT('',(29.772806484851,-17.55286548763,
    38.95043179935));
#2043 = CARTESIAN_POINT('',(28.889043461812,-18.16062274824,
    39.999701002554));
#2044 = CARTESIAN_POINT('',(28.016168661582,-18.6631158996,
    41.093584459296));
#2045 = CARTESIAN_POINT('',(27.165844064647,-19.05901712964,
    42.231008609339));
#2046 = CARTESIAN_POINT('',(26.351794766969,-19.34571587444,
    43.409249185572));
#2047 = CARTESIAN_POINT('',(25.22481068783,-19.60506978768,
    45.199950561791));
#2048 = CARTESIAN_POINT('',(24.87380677957,-19.66358787052,
    45.783482700228));
#2049 = CARTESIAN_POINT('',(24.535289536629,-19.69710900456,
    46.374772720519));
#2050 = CARTESIAN_POINT('',(24.210740680966,-19.70548339804,
    46.973133016417));
#2051 = CARTESIAN_POINT('',(23.901571453044,-19.68865097516,
    47.577763620806));
#2052 = CARTESIAN_POINT('',(23.60906969525,-19.64667124964,
    48.187732833013));
#2053 = CARTESIAN_POINT('',(23.334346935335,-19.57975319834,
    48.801957846111));
#2054 = CARTESIAN_POINT('',(23.078285469843,-19.48828513487,
    49.419185374231));
#2055 = CARTESIAN_POINT('',(22.342029657291,-19.12942092853,
    51.343110260623));
#2056 = CARTESIAN_POINT('',(21.928111650397,-18.77926160249,
    52.655720089495));
#2057 = CARTESIAN_POINT('',(21.605036077022,-18.32825554488,
    53.962528657959));
#2058 = CARTESIAN_POINT('',(21.372076381858,-17.78353587777,
    55.252357399397));
#2059 = CARTESIAN_POINT('',(21.220043251072,-17.15747863236,
    56.511990167504));
#2060 = CARTESIAN_POINT('',(21.136528868014,-16.4580087327,
    57.735800851671));
#2061 = CARTESIAN_POINT('',(21.109968630192,-15.68734925906,
    58.923331398771));
#2062 = CARTESIAN_POINT('',(21.129778257493,-14.84892448354,
    60.067584410733));
#2063 = CARTESIAN_POINT('',(21.217312992603,-13.43183663869,
    61.778595076619));
#2064 = CARTESIAN_POINT('',(21.260006002752,-12.90230347818,
    62.37682561944));
#2065 = CARTESIAN_POINT('',(21.312298951138,-12.35041607965,
    62.959596628665));
#2066 = CARTESIAN_POINT('',(21.372548816523,-11.77544060726,
    63.526028541756));
#2067 = CARTESIAN_POINT('',(21.439156182176,-11.17654148617,
    64.074795415719));
#2068 = CARTESIAN_POINT('',(21.510531283122,-10.55270742036,
    64.60409512234));
#2069 = CARTESIAN_POINT('',(21.585060053389,-9.902677410432,
    65.111619543369));
#2070 = CARTESIAN_POINT('',(21.661070173253,-9.224866771404,
    65.594524765749));
#2071 = CARTESIAN_POINT('',(21.764366944656,-8.259687570379,
    66.215007687313));
#2072 = CARTESIAN_POINT('',(21.791892515848,-7.998203409479,
    66.37685325215));
#2073 = CARTESIAN_POINT('',(21.819286019437,-7.732763845829,
    66.534753965628));
#2074 = CARTESIAN_POINT('',(21.846456546963,-7.463304649051,
    66.68850722374));
#2075 = CARTESIAN_POINT('',(21.873310092141,-7.18977418037,
    66.837891824183));
#2076 = CARTESIAN_POINT('',(21.899749550855,-6.912133392618,
    66.982667966339));
#2077 = CARTESIAN_POINT('',(21.925674721162,-6.630355830229,
    67.122577251294));
#2078 = CARTESIAN_POINT('',(21.950982303288,-6.344427629245,
    67.257342681821));
#2079 = CARTESIAN_POINT('',(22.027311566673,-5.443761959485,
    67.658885104472));
#2080 = CARTESIAN_POINT('',(22.075920000405,-4.81398412308,
    67.907378347722));
#2081 = CARTESIAN_POINT('',(22.120337230966,-4.16563070861,
    68.12900409392));
#2082 = CARTESIAN_POINT('',(22.159463811026,-3.499884414362,
    68.320433635885));
#2083 = CARTESIAN_POINT('',(22.192214312367,-2.818521471119,
    68.478296264635));
#2084 = CARTESIAN_POINT('',(22.217599060589,-2.124001755401,
    68.599428246094));
#2085 = CARTESIAN_POINT('',(22.234828107813,-1.419621481165,
    68.681228367651));
#2086 = CARTESIAN_POINT('',(22.243437443546,-0.709728470038,
    68.72212005424));
#2087 = CARTESIAN_POINT('',(22.243437443546,-5.329070518201E-15,
    68.72212005424));
#2088 = ORIENTED_EDGE('',*,*,#2089,.T.);
#2089 = EDGE_CURVE('',#2019,#2090,#2092,.T.);
#2090 = VERTEX_POINT('',#2091);
#2091 = CARTESIAN_POINT('',(19.65381196592,-2.406897791511E-15,75.));
#2092 = B_SPLINE_CURVE_WITH_KNOTS('',1,(#2093,#2094),.UNSPECIFIED.,.F.,
  .F.,(2,2),(0.882859683363,1.),.PIECEWISE_BEZIER_KNOTS.);
#2093 = CARTESIAN_POINT('',(22.243437443546,-5.448070893455E-15,
    68.72212005424));
#2094 = CARTESIAN_POINT('',(18.37780699451,-4.501264502235E-15,
    78.093345385236));
#2095 = ORIENTED_EDGE('',*,*,#2096,.F.);
#2096 = EDGE_CURVE('',#2090,#2090,#2097,.T.);
#2097 = CIRCLE('',#2098,19.65381196592);
#2098 = AXIS2_PLACEMENT_3D('',#2099,#2100,#2101);
#2099 = CARTESIAN_POINT('',(0.,0.,75.));
#2100 = DIRECTION('',(0.,0.,1.));
#2101 = DIRECTION('',(1.,0.,0.));
#2102 = ORIENTED_EDGE('',*,*,#2089,.F.);
#2103 = ORIENTED_EDGE('',*,*,#2104,.T.);
#2104 = EDGE_CURVE('',#2019,#2012,#2105,.T.);
#2105 = ( BOUNDED_CURVE() B_SPLINE_CURVE(8,(#2106,#2107,#2108,#2109,
    #2110,#2111,#2112,#2113,#2114,#2115,#2116,#2117,#2118,#2119,#2120,
    #2121,#2122,#2123,#2124,#2125,#2126,#2127,#2128,#2129,#2130,#2131,
    #2132,#2133,#2134,#2135,#2136,#2137,#2138,#2139,#2140,#2141,#2142,
    #2143,#2144,#2145,#2146,#2147,#2148,#2149,#2150,#2151,#2152,#2153,
    #2154,#2155,#2156,#2157,#2158,#2159,#2160,#2161,#2162,#2163),
.UNSPECIFIED.,.F.,.F.) B_SPLINE_CURVE_WITH_KNOTS((9,7,7,7,7,7,7,7,9),(0.
    ,9.118229187633E-02,0.134338573392,0.252249666711,0.464245995373,
    0.564756872584,0.777165524538,0.871121118828,1.),.UNSPECIFIED.) 
CURVE() GEOMETRIC_REPRESENTATION_ITEM() RATIONAL_B_SPLINE_CURVE((1.,1.,
    1.,1.,1.,1.,1.,1.,1.,1.,1.,1.,1.,1.,1.,1.,1.,1.,1.,1.,1.,1.,1.,1.,1.
    ,1.,1.,1.,1.,1.,1.,1.,1.,1.,1.,1.,1.,1.,1.,1.,1.,1.,1.,1.,1.,1.,1.,
1.,1.,1.,1.,1.,1.,1.,1.,1.,1.,1.)) REPRESENTATION_ITEM('') );
#2106 = CARTESIAN_POINT('',(22.243437443546,0.,68.72212005424));
#2107 = CARTESIAN_POINT('',(22.243437443546,0.802297541817,
    68.72212005424));
#2108 = CARTESIAN_POINT('',(22.232261211856,1.604801318709,
    68.669036210514));
#2109 = CARTESIAN_POINT('',(22.20989330993,2.39887212355,68.562845415391
    ));
#2110 = CARTESIAN_POINT('',(22.177188751682,3.178313570399,
    68.406446652042));
#2111 = CARTESIAN_POINT('',(22.135530421404,3.938730001938,
    68.20435032268));
#2112 = CARTESIAN_POINT('',(22.086555530906,4.67707792887,
    67.961696613374));
#2113 = CARTESIAN_POINT('',(22.031951115888,5.391411001285,
    67.683602895483));
#2114 = CARTESIAN_POINT('',(21.945567979427,6.407112839517,
    67.228703769238));
#2115 = CARTESIAN_POINT('',(21.916894393125,6.72805690742,
    67.075586607406));
#2116 = CARTESIAN_POINT('',(21.887457601873,7.043654825379,
    66.915931675928));
#2117 = CARTESIAN_POINT('',(21.857411801703,7.353933050579,
    66.750148381719));
#2118 = CARTESIAN_POINT('',(21.826905595439,7.658940387696,
    66.578612540889));
#2119 = CARTESIAN_POINT('',(21.796081992694,7.958747988905,
    66.401666378744));
#2120 = CARTESIAN_POINT('',(21.765078409875,8.253449353877,
    66.219618529786));
#2121 = CARTESIAN_POINT('',(21.64918746605,9.33470530806,65.522167711383
    ));
#2122 = CARTESIAN_POINT('',(21.563986818966,10.088952817248,
    64.975530126842));
#2123 = CARTESIAN_POINT('',(21.481153870875,10.807775399633,
    64.398700988423));
#2124 = CARTESIAN_POINT('',(21.403109222272,11.493602733556,
    63.795512224923));
#2125 = CARTESIAN_POINT('',(21.332167909587,12.148547687988,
    63.168687694872));
#2126 = CARTESIAN_POINT('',(21.270676207198,12.774018433557,
    62.520373864939));
#2127 = CARTESIAN_POINT('',(21.221082254024,13.370816610024,
    61.852271461578));
#2128 = CARTESIAN_POINT('',(21.122757969346,14.962574916088,
    59.930361383628));
#2129 = CARTESIAN_POINT('',(21.106314523879,15.894427870553,
    58.635608246413));
#2130 = CARTESIAN_POINT('',(21.151636052273,16.739799528535,
    57.285896591278));
#2131 = CARTESIAN_POINT('',(21.274769076524,17.4916223986,
    55.892864155349));
#2132 = CARTESIAN_POINT('',(21.493710692215,18.148428247524,
    54.451722799657));
#2133 = CARTESIAN_POINT('',(21.827687172619,18.687910570478,
    52.984139093684));
#2134 = CARTESIAN_POINT('',(22.279597719525,19.098990472117,
    51.506252440782));
#2135 = CARTESIAN_POINT('',(23.107885393026,19.50271267316,
    49.341837206396));
#2136 = CARTESIAN_POINT('',(23.39905010692,19.601764739654,
    48.647706892548));
#2137 = CARTESIAN_POINT('',(23.714079311857,19.669124469615,
    47.957746187774));
#2138 = CARTESIAN_POINT('',(24.051564922714,19.704272154451,
    47.273778060265));
#2139 = CARTESIAN_POINT('',(24.409710050539,19.70699744706,
    46.597327336106));
#2140 = CARTESIAN_POINT('',(24.786448064213,19.677332146978,
    45.929664287591));
#2141 = CARTESIAN_POINT('',(25.179561652092,19.61548298554,
    45.271848221543));
#2142 = CARTESIAN_POINT('',(26.447418674717,19.323709865812,
    43.257309258648));
#2143 = CARTESIAN_POINT('',(27.37110815543,18.983390759283,
    41.937780277168));
#2144 = CARTESIAN_POINT('',(28.338698524436,18.502978679332,
    40.67148704899));
#2145 = CARTESIAN_POINT('',(29.329318962375,17.886738300507,
    39.462272704048));
#2146 = CARTESIAN_POINT('',(30.327165397381,17.135524856627,
    38.310631229263));
#2147 = CARTESIAN_POINT('',(31.318064844396,16.247031384464,
    37.218196310859));
#2148 = CARTESIAN_POINT('',(32.284407780073,15.217880936976,
    36.191843506751));
#2149 = CARTESIAN_POINT('',(33.615120002056,13.524260520829,
    34.819891516503));
#2150 = CARTESIAN_POINT('',(34.014611204741,12.976513878653,
    34.413903730358));
#2151 = CARTESIAN_POINT('',(34.403786189625,12.400126401132,
    34.023521800154));
#2152 = CARTESIAN_POINT('',(34.7807658108,11.794781132623,
    33.649791158621));
#2153 = CARTESIAN_POINT('',(35.143488509618,11.160258150335,
    33.293961534686));
#2154 = CARTESIAN_POINT('',(35.489701614403,10.49655591598,
    32.957490085808));
#2155 = CARTESIAN_POINT('',(35.81695264015,9.804012627409,
    32.642044530313));
#2156 = CARTESIAN_POINT('',(36.541810420178,8.095001105015,
    31.948231584828));
#2157 = CARTESIAN_POINT('',(36.920424405428,7.053716542204,
    31.589996441726));
#2158 = CARTESIAN_POINT('',(37.25123952293,5.962405422706,
    31.279964669447));
#2159 = CARTESIAN_POINT('',(37.527728924698,4.824862676475,
    31.022779565366));
#2160 = CARTESIAN_POINT('',(37.741681068972,3.644992175977,
    30.824809412775));
#2161 = CARTESIAN_POINT('',(37.886293960497,2.44077835598,
    30.691322988308));
#2162 = CARTESIAN_POINT('',(37.958716675219,1.22001523557,
    30.624473432003));
#2163 = CARTESIAN_POINT('',(37.958716675219,0.,30.624473432003));
#2164 = ORIENTED_EDGE('',*,*,#2011,.F.);
#2165 = ORIENTED_EDGE('',*,*,#686,.T.);
#2166 = ORIENTED_EDGE('',*,*,#490,.T.);
#2167 = ORIENTED_EDGE('',*,*,#2168,.T.);
#2168 = EDGE_CURVE('',#483,#374,#2169,.T.);
#2169 = HYPERBOLA('',#2170,35.382715123567,14.595369988472);
#2170 = AXIS2_PLACEMENT_3D('',#2171,#2172,#2173);
#2171 = CARTESIAN_POINT('',(2.430617372119E-15,14.595369988472,
    122.64560476586));
#2172 = DIRECTION('',(1.665334536938E-16,1.,0.));
#2173 = DIRECTION('',(0.,0.,-1.));
#2174 = ORIENTED_EDGE('',*,*,#373,.F.);
#2175 = ORIENTED_EDGE('',*,*,#317,.F.);
#2176 = ORIENTED_EDGE('',*,*,#1587,.F.);
#2177 = ORIENTED_EDGE('',*,*,#566,.F.);
#2178 = ORIENTED_EDGE('',*,*,#822,.T.);
#2179 = ORIENTED_EDGE('',*,*,#895,.T.);
#2180 = ORIENTED_EDGE('',*,*,#2181,.T.);
#2181 = EDGE_CURVE('',#888,#2182,#2184,.T.);
#2182 = VERTEX_POINT('',#2183);
#2183 = CARTESIAN_POINT('',(-1.506021735279,42.596551138172,
    19.31671776414));
#2184 = HYPERBOLA('',#2185,35.382715123567,14.595369988472);
#2185 = AXIS2_PLACEMENT_3D('',#2186,#2187,#2188);
#2186 = CARTESIAN_POINT('',(-13.88102173527,4.510217365628,
    122.64560476586));
#2187 = DIRECTION('',(-0.951056516295,0.309016994375,0.));
#2188 = DIRECTION('',(0.,0.,-1.));
#2189 = ORIENTED_EDGE('',*,*,#2190,.F.);
#2190 = EDGE_CURVE('',#2191,#2182,#2193,.T.);
#2191 = VERTEX_POINT('',#2192);
#2192 = CARTESIAN_POINT('',(-10.81559480312,33.28697807033,
    37.797119917382));
#2193 = B_SPLINE_CURVE_WITH_KNOTS('',7,(#2194,#2195,#2196,#2197,#2198,
    #2199,#2200,#2201,#2202,#2203,#2204,#2205,#2206,#2207,#2208,#2209,
    #2210,#2211,#2212,#2213,#2214,#2215,#2216,#2217,#2218,#2219,#2220,
    #2221,#2222,#2223,#2224,#2225,#2226,#2227,#2228,#2229,#2230,#2231,
    #2232,#2233,#2234,#2235,#2236,#2237,#2238,#2239,#2240,#2241,#2242,
    #2243,#2244,#2245,#2246,#2247,#2248,#2249),.UNSPECIFIED.,.F.,.F.,(8,
    6,6,6,6,6,6,6,6,8),(0.,3.245088952444E-02,5.461922283085E-02,
    9.695896753038E-02,0.15169577658,0.223708828625,0.312261820461,
    0.489943686428,0.698347146935,1.),.UNSPECIFIED.);
#2194 = CARTESIAN_POINT('',(-10.81559480312,33.28697807033,
    37.797119917382));
#2195 = CARTESIAN_POINT('',(-10.65377275757,33.339557240214,
    37.797119917382));
#2196 = CARTESIAN_POINT('',(-10.49309206616,33.394214967092,
    37.78913302776));
#2197 = CARTESIAN_POINT('',(-10.33487619172,33.450497662203,
    37.773235893896));
#2198 = CARTESIAN_POINT('',(-10.18006767658,33.507958833101,
    37.749890958109));
#2199 = CARTESIAN_POINT('',(-10.02935409536,33.566169053095,
    37.71977873951));
#2200 = CARTESIAN_POINT('',(-9.883251413666,33.624721830864,
    37.683688174402));
#2201 = CARTESIAN_POINT('',(-9.64574987586,33.723208024618,
    37.614304042267));
#2202 = CARTESIAN_POINT('',(-9.551604038089,33.763196690212,
    37.583723302966));
#2203 = CARTESIAN_POINT('',(-9.459731431552,33.803123143838,
    37.550955258055));
#2204 = CARTESIAN_POINT('',(-9.370118058686,33.842925467477,
    37.516219455709));
#2205 = CARTESIAN_POINT('',(-9.282718267671,33.882557739785,
    37.479716616218));
#2206 = CARTESIAN_POINT('',(-9.197461288043,33.921989717568,
    37.441622714646));
#2207 = CARTESIAN_POINT('',(-8.955345690229,34.036107470108,
    37.32656549018));
#2208 = CARTESIAN_POINT('',(-8.804015421759,34.11017997799,
    37.245819209536));
#2209 = CARTESIAN_POINT('',(-8.659556205691,34.183354085597,
    37.160840303293));
#2210 = CARTESIAN_POINT('',(-8.521371686911,34.255588814974,
    37.072405892501));
#2211 = CARTESIAN_POINT('',(-8.388913437992,34.326882037429,
    36.981112652945));
#2212 = CARTESIAN_POINT('',(-8.261646939946,34.397275945827,
    36.887396147105));
#2213 = CARTESIAN_POINT('',(-7.98055675039,34.556813950265,
    36.667596504372));
#2214 = CARTESIAN_POINT('',(-7.82998213486,34.645348007342,
    36.54016106443));
#2215 = CARTESIAN_POINT('',(-7.686282504195,34.732592373361,
    36.409913052109));
#2216 = CARTESIAN_POINT('',(-7.548713068058,34.818638667092,
    36.277352256803));
#2217 = CARTESIAN_POINT('',(-7.416649213937,34.90357521127,
    36.142859341382));
#2218 = CARTESIAN_POINT('',(-7.289560092408,34.987493037112,
    36.00670566939));
#2219 = CARTESIAN_POINT('',(-7.005688694244,35.179692053624,
    35.687990135193));
#2220 = CARTESIAN_POINT('',(-6.852248361246,35.287266752453,
    35.504404867866));
#2221 = CARTESIAN_POINT('',(-6.705616386454,35.393414975565,
    35.318777339457));
#2222 = CARTESIAN_POINT('',(-6.565044560428,35.498277741937,
    35.131448761935));
#2223 = CARTESIAN_POINT('',(-6.429938166265,35.601971539891,
    34.942675580112));
#2224 = CARTESIAN_POINT('',(-6.299787284331,35.704604946997,
    34.752649364794));
#2225 = CARTESIAN_POINT('',(-6.019680475687,35.931308964945,
    34.326443261842));
#2226 = CARTESIAN_POINT('',(-5.872061210934,36.054872470875,
    34.089719310405));
#2227 = CARTESIAN_POINT('',(-5.730514433022,36.177147186855,
    33.851596523773));
#2228 = CARTESIAN_POINT('',(-5.594445574913,36.298265231758,
    33.612280624433));
#2229 = CARTESIAN_POINT('',(-5.463374657662,36.418335255897,
    33.371930967643));
#2230 = CARTESIAN_POINT('',(-5.336892236628,36.537453959,33.130670554782
    ));
#2231 = CARTESIAN_POINT('',(-4.96937272034,36.892986884686,
    32.402848182928));
#2232 = CARTESIAN_POINT('',(-4.741197885401,37.126757049148,
    31.913859303961));
#2233 = CARTESIAN_POINT('',(-4.527315879437,37.357714733495,
    31.422365403773));
#2234 = CARTESIAN_POINT('',(-4.325960886697,37.586288223741,
    30.928861474999));
#2235 = CARTESIAN_POINT('',(-4.135739853464,37.812822462618,
    30.433712642671));
#2236 = CARTESIAN_POINT('',(-3.955580253633,38.037595032505,
    29.937162674978));
#2237 = CARTESIAN_POINT('',(-3.584043455104,38.522715578861,
    28.855484486906));
#2238 = CARTESIAN_POINT('',(-3.396132036435,38.782469454499,
    28.269942453438));
#2239 = CARTESIAN_POINT('',(-3.219452513845,39.040487384804,
    27.683031368559));
#2240 = CARTESIAN_POINT('',(-3.05298655007,39.29703558561,
    27.094974325483));
#2241 = CARTESIAN_POINT('',(-2.895939270432,39.552322767511,
    26.505941599831));
#2242 = CARTESIAN_POINT('',(-2.747650057675,39.806526235089,
    25.916062597712));
#2243 = CARTESIAN_POINT('',(-2.404834610401,40.426391259186,
    24.470514669272));
#2244 = CARTESIAN_POINT('',(-2.21931433188,40.791017937968,
    23.614048591254));
#2245 = CARTESIAN_POINT('',(-2.049376730321,41.154124546873,
    22.756328978017));
#2246 = CARTESIAN_POINT('',(-1.89387832784,41.516017074472,
    21.897581270983));
#2247 = CARTESIAN_POINT('',(-1.751927163488,41.876933261461,
    21.037981564655));
#2248 = CARTESIAN_POINT('',(-1.622827503477,42.237059948346,
    20.177662177392));
#2249 = CARTESIAN_POINT('',(-1.50602173528,42.596551138172,
    19.31671776414));
#2250 = ORIENTED_EDGE('',*,*,#2251,.F.);
#2251 = EDGE_CURVE('',#2252,#2191,#2254,.T.);
#2252 = VERTEX_POINT('',#2253);
#2253 = CARTESIAN_POINT('',(-23.8192273798,35.346551138172,
    19.31671776414));
#2254 = B_SPLINE_CURVE_WITH_KNOTS('',8,(#2255,#2256,#2257,#2258,#2259,
    #2260,#2261,#2262,#2263,#2264,#2265,#2266,#2267,#2268,#2269,#2270,
    #2271,#2272,#2273,#2274,#2275,#2276,#2277,#2278,#2279,#2280,#2281,
    #2282,#2283,#2284,#2285,#2286,#2287,#2288,#2289,#2290,#2291,#2292,
    #2293,#2294,#2295,#2296,#2297,#2298,#2299,#2300,#2301,#2302,#2303,
    #2304,#2305),.UNSPECIFIED.,.F.,.F.,(9,7,7,7,7,7,7,9),(0.,
    0.325264692024,0.602928163005,0.713222722629,0.807171302853,
    0.908442722133,0.959375039095,1.),.UNSPECIFIED.);
#2255 = CARTESIAN_POINT('',(-23.8192273798,35.346551138173,
    19.31671776414));
#2256 = CARTESIAN_POINT('',(-23.53067541356,35.13690586316,
    20.129098431487));
#2257 = CARTESIAN_POINT('',(-23.23312415612,34.933115706163,
    20.940930372433));
#2258 = CARTESIAN_POINT('',(-22.92614773744,34.735339120219,
    21.752142545502));
#2259 = CARTESIAN_POINT('',(-22.60923301624,34.543771578516,
    22.562637229105));
#2260 = CARTESIAN_POINT('',(-22.28174582299,34.358657054937,
    23.372286341632));
#2261 = CARTESIAN_POINT('',(-21.94290229409,34.180297631458,
    24.180928440069));
#2262 = CARTESIAN_POINT('',(-21.591700374,34.009077239447,
    24.988361595859));
#2263 = CARTESIAN_POINT('',(-20.91523939178,33.705890461872,
    26.482343148558));
#2264 = CARTESIAN_POINT('',(-20.59373575358,33.571860346346,
    27.16922182224));
#2265 = CARTESIAN_POINT('',(-20.26138068669,33.443734945438,
    27.85485837139));
#2266 = CARTESIAN_POINT('',(-19.91711359956,33.321914165047,
    28.539057656354));
#2267 = CARTESIAN_POINT('',(-19.5596500215,33.206900405785,
    29.221529063645));
#2268 = CARTESIAN_POINT('',(-19.18729852853,33.099364967687,
    29.901857844511));
#2269 = CARTESIAN_POINT('',(-18.79787815576,33.000176632546,
    30.579493196796));
#2270 = CARTESIAN_POINT('',(-18.22503443179,32.875165975216,
    31.521404027134));
#2271 = CARTESIAN_POINT('',(-18.05894006107,32.841161143751,
    31.788618884795));
#2272 = CARTESIAN_POINT('',(-17.88938990678,32.808776728732,
    32.055217537806));
#2273 = CARTESIAN_POINT('',(-17.71613553857,32.778112639494,
    32.321134308619));
#2274 = CARTESIAN_POINT('',(-17.53889459842,32.749284623293,
    32.586287625627));
#2275 = CARTESIAN_POINT('',(-17.35733863906,32.722428847592,
    32.850577608237));
#2276 = CARTESIAN_POINT('',(-17.17107236385,32.697709803026,
    33.113881900315));
#2277 = CARTESIAN_POINT('',(-16.81651230951,32.656269777683,
    33.599363553947));
#2278 = CARTESIAN_POINT('',(-16.64965877973,32.63890791791,
    33.821835331254));
#2279 = CARTESIAN_POINT('',(-16.47873080642,32.623371034625,
    34.043384039054));
#2280 = CARTESIAN_POINT('',(-16.30337637563,32.609806912754,
    34.26389647794));
#2281 = CARTESIAN_POINT('',(-16.12318569333,32.598393398493,
    34.483222373031));
#2282 = CARTESIAN_POINT('',(-15.93767578671,32.589344401808,
    34.701170450839));
#2283 = CARTESIAN_POINT('',(-15.74625319313,32.58292471673,
    34.917498909833));
#2284 = CARTESIAN_POINT('',(-15.33456319706,32.57577475933,
    35.36299949043));
#2285 = CARTESIAN_POINT('',(-15.11348764205,32.575532272038,
    35.591556858241));
#2286 = CARTESIAN_POINT('',(-14.88368777745,32.579170695338,
    35.817477338862));
#2287 = CARTESIAN_POINT('',(-14.64382563496,32.587259116598,
    36.040307748652));
#2288 = CARTESIAN_POINT('',(-14.39248110871,32.600497569738,
    36.259256258492));
#2289 = CARTESIAN_POINT('',(-14.12774939022,32.619899060589,
    36.473017095015));
#2290 = CARTESIAN_POINT('',(-13.84742771855,32.646700160656,
    36.679855980429));
#2291 = CARTESIAN_POINT('',(-13.39614814867,32.701539909791,
    36.975949814362));
#2292 = CARTESIAN_POINT('',(-13.24032784651,32.72231274362,
    37.072390325357));
#2293 = CARTESIAN_POINT('',(-13.07906475717,32.74579822682,
    37.165903624923));
#2294 = CARTESIAN_POINT('',(-12.91179235447,32.772336095899,
    37.255973923252));
#2295 = CARTESIAN_POINT('',(-12.73801198992,32.802314224739,
    37.341854675906));
#2296 = CARTESIAN_POINT('',(-12.55728672728,32.836171410505,
    37.422564313038));
#2297 = CARTESIAN_POINT('',(-12.36922990408,32.874403566599,
    37.496877764833));
#2298 = CARTESIAN_POINT('',(-12.01735984388,32.95200666007,
    37.616304905632));
#2299 = CARTESIAN_POINT('',(-11.8562455858,32.989602513241,
    37.664317538639));
#2300 = CARTESIAN_POINT('',(-11.6903406142,33.030569447195,
    37.706455385356));
#2301 = CARTESIAN_POINT('',(-11.52009145828,33.075061207535,
    37.741731901952));
#2302 = CARTESIAN_POINT('',(-11.34622301141,33.123146741149,
    37.769141639979));
#2303 = CARTESIAN_POINT('',(-11.16979053485,33.174752508543,
    37.787795502995));
#2304 = CARTESIAN_POINT('',(-10.992256862,33.229577087822,
    37.797119917382));
#2305 = CARTESIAN_POINT('',(-10.81559480312,33.28697807033,
    37.797119917382));
#2306 = ORIENTED_EDGE('',*,*,#2307,.F.);
#2307 = EDGE_CURVE('',#1083,#2252,#2308,.T.);
#2308 = HYPERBOLA('',#2309,35.382715123586,14.595369988479);
#2309 = AXIS2_PLACEMENT_3D('',#2310,#2311,#2312);
#2310 = CARTESIAN_POINT('',(8.578943230979,11.80790235987,
    122.64560476586));
#2311 = DIRECTION('',(-0.587785252292,-0.809016994375,-0.));
#2312 = DIRECTION('',(0.,0.,-1.));
#2313 = ORIENTED_EDGE('',*,*,#1090,.F.);
#2314 = CONICAL_SURFACE('',#2315,51.37780699451,0.391235579127);
#2315 = AXIS2_PLACEMENT_3D('',#2316,#2317,#2318);
#2316 = CARTESIAN_POINT('',(0.,0.,-1.906654614764));
#2317 = DIRECTION('',(-0.,-0.,-1.));
#2318 = DIRECTION('',(1.,0.,0.));
#2319 = ADVANCED_FACE('',(#2320),#2325,.F.);
#2320 = FACE_BOUND('',#2321,.F.);
#2321 = EDGE_LOOP('',(#2322,#2323,#2324));
#2322 = ORIENTED_EDGE('',*,*,#482,.F.);
#2323 = ORIENTED_EDGE('',*,*,#434,.T.);
#2324 = ORIENTED_EDGE('',*,*,#2168,.F.);
#2325 = PLANE('',#2326);
#2326 = AXIS2_PLACEMENT_3D('',#2327,#2328,#2329);
#2327 = CARTESIAN_POINT('',(40.046341221559,14.595369988472,8.));
#2328 = DIRECTION('',(1.665334536938E-16,1.,0.));
#2329 = DIRECTION('',(1.,-1.665334536938E-16,0.));
#2330 = ADVANCED_FACE('',(#2331,#2342),#2345,.T.);
#2331 = FACE_BOUND('',#2332,.T.);
#2332 = EDGE_LOOP('',(#2333));
#2333 = ORIENTED_EDGE('',*,*,#2334,.F.);
#2334 = EDGE_CURVE('',#2335,#2335,#2337,.T.);
#2335 = VERTEX_POINT('',#2336);
#2336 = CARTESIAN_POINT('',(59.,0.,0.));
#2337 = CIRCLE('',#2338,59.);
#2338 = AXIS2_PLACEMENT_3D('',#2339,#2340,#2341);
#2339 = CARTESIAN_POINT('',(0.,0.,0.));
#2340 = DIRECTION('',(0.,0.,1.));
#2341 = DIRECTION('',(1.,0.,0.));
#2342 = FACE_BOUND('',#2343,.T.);
#2343 = EDGE_LOOP('',(#2344));
#2344 = ORIENTED_EDGE('',*,*,#595,.T.);
#2345 = PLANE('',#2346);
#2346 = AXIS2_PLACEMENT_3D('',#2347,#2348,#2349);
#2347 = CARTESIAN_POINT('',(-1.483324889534E-15,3.524827519814E-15,0.));
#2348 = DIRECTION('',(-0.,-0.,-1.));
#2349 = DIRECTION('',(-1.,0.,0.));
#2350 = ADVANCED_FACE('',(#2351,#2362),#2365,.T.);
#2351 = FACE_BOUND('',#2352,.T.);
#2352 = EDGE_LOOP('',(#2353));
#2353 = ORIENTED_EDGE('',*,*,#2354,.T.);
#2354 = EDGE_CURVE('',#2355,#2355,#2357,.T.);
#2355 = VERTEX_POINT('',#2356);
#2356 = CARTESIAN_POINT('',(33.978713763748,-24.68698059628,5.));
#2357 = CIRCLE('',#2358,7.5);
#2358 = AXIS2_PLACEMENT_3D('',#2359,#2360,#2361);
#2359 = CARTESIAN_POINT('',(40.04634122156,-29.09536998847,5.));
#2360 = DIRECTION('',(0.,0.,1.));
#2361 = DIRECTION('',(-0.809016994375,0.587785252292,0.));
#2362 = FACE_BOUND('',#2363,.T.);
#2363 = EDGE_LOOP('',(#2364));
#2364 = ORIENTED_EDGE('',*,*,#618,.F.);
#2365 = PLANE('',#2366);
#2366 = AXIS2_PLACEMENT_3D('',#2367,#2368,#2369);
#2367 = CARTESIAN_POINT('',(40.04634122156,-29.09536998847,5.));
#2368 = DIRECTION('',(0.,0.,1.));
#2369 = DIRECTION('',(-0.809016994375,0.587785252292,0.));
#2370 = ADVANCED_FACE('',(#2371,#2382),#2385,.T.);
#2371 = FACE_BOUND('',#2372,.T.);
#2372 = EDGE_LOOP('',(#2373));
#2373 = ORIENTED_EDGE('',*,*,#2374,.T.);
#2374 = EDGE_CURVE('',#2375,#2375,#2377,.T.);
#2375 = VERTEX_POINT('',#2376);
#2376 = CARTESIAN_POINT('',(-12.97871376374,-39.94437368439,5.));
#2377 = CIRCLE('',#2378,7.5);
#2378 = AXIS2_PLACEMENT_3D('',#2379,#2380,#2381);
#2379 = CARTESIAN_POINT('',(-15.29634122156,-47.07729755661,5.));
#2380 = DIRECTION('',(0.,-0.,1.));
#2381 = DIRECTION('',(0.309016994375,0.951056516295,0.));
#2382 = FACE_BOUND('',#2383,.T.);
#2383 = EDGE_LOOP('',(#2384));
#2384 = ORIENTED_EDGE('',*,*,#643,.F.);
#2385 = PLANE('',#2386);
#2386 = AXIS2_PLACEMENT_3D('',#2387,#2388,#2389);
#2387 = CARTESIAN_POINT('',(-15.29634122156,-47.07729755661,5.));
#2388 = DIRECTION('',(0.,0.,1.));
#2389 = DIRECTION('',(0.309016994375,0.951056516295,0.));
#2390 = ADVANCED_FACE('',(#2391,#2402),#2405,.T.);
#2391 = FACE_BOUND('',#2392,.T.);
#2392 = EDGE_LOOP('',(#2393));
#2393 = ORIENTED_EDGE('',*,*,#2394,.T.);
#2394 = EDGE_CURVE('',#2395,#2395,#2397,.T.);
#2395 = VERTEX_POINT('',#2396);
#2396 = CARTESIAN_POINT('',(-42.,0.,5.));
#2397 = CIRCLE('',#2398,7.5);
#2398 = AXIS2_PLACEMENT_3D('',#2399,#2400,#2401);
#2399 = CARTESIAN_POINT('',(-49.5,0.,5.));
#2400 = DIRECTION('',(0.,0.,1.));
#2401 = DIRECTION('',(1.,0.,0.));
#2402 = FACE_BOUND('',#2403,.T.);
#2403 = EDGE_LOOP('',(#2404));
#2404 = ORIENTED_EDGE('',*,*,#668,.F.);
#2405 = PLANE('',#2406);
#2406 = AXIS2_PLACEMENT_3D('',#2407,#2408,#2409);
#2407 = CARTESIAN_POINT('',(-49.5,0.,5.));
#2408 = DIRECTION('',(0.,0.,1.));
#2409 = DIRECTION('',(1.,0.,0.));
#2410 = ADVANCED_FACE('',(#2411),#2421,.T.);
#2411 = FACE_BOUND('',#2412,.T.);
#2412 = EDGE_LOOP('',(#2413,#2414,#2420));
#2413 = ORIENTED_EDGE('',*,*,#850,.F.);
#2414 = ORIENTED_EDGE('',*,*,#2415,.T.);
#2415 = EDGE_CURVE('',#842,#1947,#2416,.T.);
#2416 = LINE('',#2417,#2418);
#2417 = CARTESIAN_POINT('',(40.046341221559,-14.59536998847,8.));
#2418 = VECTOR('',#2419,1.);
#2419 = DIRECTION('',(0.,0.,1.));
#2420 = ORIENTED_EDGE('',*,*,#2002,.F.);
#2421 = PLANE('',#2422);
#2422 = AXIS2_PLACEMENT_3D('',#2423,#2424,#2425);
#2423 = CARTESIAN_POINT('',(40.046341221556,-14.59536998847,8.));
#2424 = DIRECTION('',(-9.059419880941E-14,1.,0.));
#2425 = DIRECTION('',(1.,9.059419880941E-14,0.));
#2426 = ADVANCED_FACE('',(#2427),#2437,.F.);
#2427 = FACE_BOUND('',#2428,.F.);
#2428 = EDGE_LOOP('',(#2429,#2430,#2436));
#2429 = ORIENTED_EDGE('',*,*,#887,.F.);
#2430 = ORIENTED_EDGE('',*,*,#2431,.T.);
#2431 = EDGE_CURVE('',#879,#2182,#2432,.T.);
#2432 = LINE('',#2433,#2434);
#2433 = CARTESIAN_POINT('',(-1.50602173528,42.596551138172,8.));
#2434 = VECTOR('',#2435,1.);
#2435 = DIRECTION('',(0.,0.,1.));
#2436 = ORIENTED_EDGE('',*,*,#2181,.F.);
#2437 = PLANE('',#2438);
#2438 = AXIS2_PLACEMENT_3D('',#2439,#2440,#2441);
#2439 = CARTESIAN_POINT('',(-1.506021735275,42.596551138171,8.));
#2440 = DIRECTION('',(-0.951056516295,0.309016994375,0.));
#2441 = DIRECTION('',(0.309016994375,0.951056516295,0.));
#2442 = ADVANCED_FACE('',(#2443),#2455,.T.);
#2443 = FACE_BOUND('',#2444,.F.);
#2444 = EDGE_LOOP('',(#2445,#2446,#2447,#2448,#2449));
#2445 = ORIENTED_EDGE('',*,*,#917,.F.);
#2446 = ORIENTED_EDGE('',*,*,#2415,.T.);
#2447 = ORIENTED_EDGE('',*,*,#1946,.T.);
#2448 = ORIENTED_EDGE('',*,*,#1885,.T.);
#2449 = ORIENTED_EDGE('',*,*,#2450,.F.);
#2450 = EDGE_CURVE('',#918,#1877,#2451,.T.);
#2451 = LINE('',#2452,#2453);
#2452 = CARTESIAN_POINT('',(26.25602173528,-33.57611640691,8.));
#2453 = VECTOR('',#2454,1.);
#2454 = DIRECTION('',(0.,0.,1.));
#2455 = CYLINDRICAL_SURFACE('',#2456,14.5);
#2456 = AXIS2_PLACEMENT_3D('',#2457,#2458,#2459);
#2457 = CARTESIAN_POINT('',(40.04634122156,-29.09536998847,8.));
#2458 = DIRECTION('',(0.,0.,-1.));
#2459 = DIRECTION('',(-0.809016994375,0.587785252292,0.));
#2460 = ADVANCED_FACE('',(#2461),#2473,.T.);
#2461 = FACE_BOUND('',#2462,.F.);
#2462 = EDGE_LOOP('',(#2463,#2464,#2470,#2471,#2472));
#2463 = ORIENTED_EDGE('',*,*,#951,.F.);
#2464 = ORIENTED_EDGE('',*,*,#2465,.T.);
#2465 = EDGE_CURVE('',#943,#2252,#2466,.T.);
#2466 = LINE('',#2467,#2468);
#2467 = CARTESIAN_POINT('',(-23.8192273798,35.346551138173,8.));
#2468 = VECTOR('',#2469,1.);
#2469 = DIRECTION('',(0.,0.,1.));
#2470 = ORIENTED_EDGE('',*,*,#2251,.T.);
#2471 = ORIENTED_EDGE('',*,*,#2190,.T.);
#2472 = ORIENTED_EDGE('',*,*,#2431,.F.);
#2473 = CYLINDRICAL_SURFACE('',#2474,14.5);
#2474 = AXIS2_PLACEMENT_3D('',#2475,#2476,#2477);
#2475 = CARTESIAN_POINT('',(-15.29634122156,47.07729755661,8.));
#2476 = DIRECTION('',(-0.,0.,-1.));
#2477 = DIRECTION('',(0.309016994375,-0.951056516295,0.));
#2478 = ADVANCED_FACE('',(#2479),#2484,.F.);
#2479 = FACE_BOUND('',#2480,.F.);
#2480 = EDGE_LOOP('',(#2481,#2482,#2483));
#2481 = ORIENTED_EDGE('',*,*,#969,.F.);
#2482 = ORIENTED_EDGE('',*,*,#2450,.T.);
#2483 = ORIENTED_EDGE('',*,*,#1876,.F.);
#2484 = PLANE('',#2485);
#2485 = AXIS2_PLACEMENT_3D('',#2486,#2487,#2488);
#2486 = CARTESIAN_POINT('',(26.256021735274,-33.57611640691,8.));
#2487 = DIRECTION('',(0.951056516295,0.309016994375,0.));
#2488 = DIRECTION('',(0.309016994375,-0.951056516295,0.));
#2489 = ADVANCED_FACE('',(#2490),#2495,.T.);
#2490 = FACE_BOUND('',#2491,.T.);
#2491 = EDGE_LOOP('',(#2492,#2493,#2494));
#2492 = ORIENTED_EDGE('',*,*,#1082,.F.);
#2493 = ORIENTED_EDGE('',*,*,#2465,.T.);
#2494 = ORIENTED_EDGE('',*,*,#2307,.F.);
#2495 = PLANE('',#2496);
#2496 = AXIS2_PLACEMENT_3D('',#2497,#2498,#2499);
#2497 = CARTESIAN_POINT('',(-23.81922737979,35.346551138169,8.));
#2498 = DIRECTION('',(-0.587785252292,-0.809016994375,0.));
#2499 = DIRECTION('',(-0.809016994375,0.587785252292,0.));
#2500 = ADVANCED_FACE('',(#2501),#2511,.T.);
#2501 = FACE_BOUND('',#2502,.T.);
#2502 = EDGE_LOOP('',(#2503,#2504,#2510));
#2503 = ORIENTED_EDGE('',*,*,#1248,.F.);
#2504 = ORIENTED_EDGE('',*,*,#2505,.T.);
#2505 = EDGE_CURVE('',#1240,#1811,#2506,.T.);
#2506 = LINE('',#2507,#2508);
#2507 = CARTESIAN_POINT('',(-1.50602173528,-42.59655113817,8.));
#2508 = VECTOR('',#2509,1.);
#2509 = DIRECTION('',(0.,0.,1.));
#2510 = ORIENTED_EDGE('',*,*,#1866,.F.);
#2511 = PLANE('',#2512);
#2512 = AXIS2_PLACEMENT_3D('',#2513,#2514,#2515);
#2513 = CARTESIAN_POINT('',(-1.506021735279,-42.59655113816,8.));
#2514 = DIRECTION('',(0.951056516295,0.309016994375,0.));
#2515 = DIRECTION('',(0.309016994375,-0.951056516295,0.));
#2516 = ADVANCED_FACE('',(#2517),#2527,.F.);
#2517 = FACE_BOUND('',#2518,.F.);
#2518 = EDGE_LOOP('',(#2519,#2520,#2526));
#2519 = ORIENTED_EDGE('',*,*,#1285,.F.);
#2520 = ORIENTED_EDGE('',*,*,#2521,.T.);
#2521 = EDGE_CURVE('',#1277,#1605,#2522,.T.);
#2522 = LINE('',#2523,#2524);
#2523 = CARTESIAN_POINT('',(-40.97711384175,11.730746418436,8.));
#2524 = VECTOR('',#2525,1.);
#2525 = DIRECTION('',(0.,0.,1.));
#2526 = ORIENTED_EDGE('',*,*,#1604,.F.);
#2527 = PLANE('',#2528);
#2528 = AXIS2_PLACEMENT_3D('',#2529,#2530,#2531);
#2529 = CARTESIAN_POINT('',(-40.97711384175,11.730746418441,8.));
#2530 = DIRECTION('',(-0.587785252292,-0.809016994375,0.));
#2531 = DIRECTION('',(-0.809016994375,0.587785252292,0.));
#2532 = ADVANCED_FACE('',(#2533),#2545,.T.);
#2533 = FACE_BOUND('',#2534,.F.);
#2534 = EDGE_LOOP('',(#2535,#2536,#2537,#2538,#2539));
#2535 = ORIENTED_EDGE('',*,*,#1315,.F.);
#2536 = ORIENTED_EDGE('',*,*,#2505,.T.);
#2537 = ORIENTED_EDGE('',*,*,#1810,.T.);
#2538 = ORIENTED_EDGE('',*,*,#1749,.T.);
#2539 = ORIENTED_EDGE('',*,*,#2540,.F.);
#2540 = EDGE_CURVE('',#1316,#1741,#2541,.T.);
#2541 = LINE('',#2542,#2543);
#2542 = CARTESIAN_POINT('',(-23.8192273798,-35.34655113817,8.));
#2543 = VECTOR('',#2544,1.);
#2544 = DIRECTION('',(0.,0.,1.));
#2545 = CYLINDRICAL_SURFACE('',#2546,14.5);
#2546 = AXIS2_PLACEMENT_3D('',#2547,#2548,#2549);
#2547 = CARTESIAN_POINT('',(-15.29634122156,-47.07729755661,8.));
#2548 = DIRECTION('',(0.,-0.,-1.));
#2549 = DIRECTION('',(0.309016994375,0.951056516295,0.));
#2550 = ADVANCED_FACE('',(#2551),#2563,.T.);
#2551 = FACE_BOUND('',#2552,.F.);
#2552 = EDGE_LOOP('',(#2553,#2554,#2560,#2561,#2562));
#2553 = ORIENTED_EDGE('',*,*,#1349,.F.);
#2554 = ORIENTED_EDGE('',*,*,#2555,.T.);
#2555 = EDGE_CURVE('',#1341,#1675,#2556,.T.);
#2556 = LINE('',#2557,#2558);
#2557 = CARTESIAN_POINT('',(-40.97711384175,-11.73074641843,8.));
#2558 = VECTOR('',#2559,1.);
#2559 = DIRECTION('',(0.,0.,1.));
#2560 = ORIENTED_EDGE('',*,*,#1674,.T.);
#2561 = ORIENTED_EDGE('',*,*,#1613,.T.);
#2562 = ORIENTED_EDGE('',*,*,#2521,.F.);
#2563 = CYLINDRICAL_SURFACE('',#2564,14.5);
#2564 = AXIS2_PLACEMENT_3D('',#2565,#2566,#2567);
#2565 = CARTESIAN_POINT('',(-49.5,3.592920162372E-23,8.));
#2566 = DIRECTION('',(-0.,-0.,-1.));
#2567 = DIRECTION('',(1.,0.,0.));
#2568 = ADVANCED_FACE('',(#2569),#2574,.F.);
#2569 = FACE_BOUND('',#2570,.F.);
#2570 = EDGE_LOOP('',(#2571,#2572,#2573));
#2571 = ORIENTED_EDGE('',*,*,#1367,.F.);
#2572 = ORIENTED_EDGE('',*,*,#2540,.T.);
#2573 = ORIENTED_EDGE('',*,*,#1740,.F.);
#2574 = PLANE('',#2575);
#2575 = AXIS2_PLACEMENT_3D('',#2576,#2577,#2578);
#2576 = CARTESIAN_POINT('',(-23.8192273798,-35.34655113816,8.));
#2577 = DIRECTION('',(0.587785252292,-0.809016994375,0.));
#2578 = DIRECTION('',(-0.809016994375,-0.587785252292,0.));
#2579 = ADVANCED_FACE('',(#2580),#2585,.T.);
#2580 = FACE_BOUND('',#2581,.T.);
#2581 = EDGE_LOOP('',(#2582,#2583,#2584));
#2582 = ORIENTED_EDGE('',*,*,#1490,.F.);
#2583 = ORIENTED_EDGE('',*,*,#2555,.T.);
#2584 = ORIENTED_EDGE('',*,*,#1730,.F.);
#2585 = PLANE('',#2586);
#2586 = AXIS2_PLACEMENT_3D('',#2587,#2588,#2589);
#2587 = CARTESIAN_POINT('',(-40.97711384175,-11.73074641843,8.));
#2588 = DIRECTION('',(0.587785252293,-0.809016994375,0.));
#2589 = DIRECTION('',(-0.809016994375,-0.587785252293,0.));
#2590 = ADVANCED_FACE('',(#2591,#2602),#2605,.T.);
#2591 = FACE_BOUND('',#2592,.T.);
#2592 = EDGE_LOOP('',(#2593));
#2593 = ORIENTED_EDGE('',*,*,#2594,.T.);
#2594 = EDGE_CURVE('',#2595,#2595,#2597,.T.);
#2595 = VERTEX_POINT('',#2596);
#2596 = CARTESIAN_POINT('',(33.978713763748,24.686980596284,5.));
#2597 = CIRCLE('',#2598,7.5);
#2598 = AXIS2_PLACEMENT_3D('',#2599,#2600,#2601);
#2599 = CARTESIAN_POINT('',(40.04634122156,29.095369988477,5.));
#2600 = DIRECTION('',(0.,0.,1.));
#2601 = DIRECTION('',(-0.809016994375,-0.587785252292,0.));
#2602 = FACE_BOUND('',#2603,.T.);
#2603 = EDGE_LOOP('',(#2604));
#2604 = ORIENTED_EDGE('',*,*,#1543,.F.);
#2605 = PLANE('',#2606);
#2606 = AXIS2_PLACEMENT_3D('',#2607,#2608,#2609);
#2607 = CARTESIAN_POINT('',(40.04634122156,29.095369988477,5.));
#2608 = DIRECTION('',(0.,0.,1.));
#2609 = DIRECTION('',(-0.809016994375,-0.587785252292,0.));
#2610 = ADVANCED_FACE('',(#2611,#2622),#2625,.T.);
#2611 = FACE_BOUND('',#2612,.T.);
#2612 = EDGE_LOOP('',(#2613));
#2613 = ORIENTED_EDGE('',*,*,#2614,.T.);
#2614 = EDGE_CURVE('',#2615,#2615,#2617,.T.);
#2615 = VERTEX_POINT('',#2616);
#2616 = CARTESIAN_POINT('',(-12.97871376374,39.944373684396,5.));
#2617 = CIRCLE('',#2618,7.5);
#2618 = AXIS2_PLACEMENT_3D('',#2619,#2620,#2621);
#2619 = CARTESIAN_POINT('',(-15.29634122156,47.07729755661,5.));
#2620 = DIRECTION('',(-0.,0.,1.));
#2621 = DIRECTION('',(0.309016994375,-0.951056516295,0.));
#2622 = FACE_BOUND('',#2623,.T.);
#2623 = EDGE_LOOP('',(#2624));
#2624 = ORIENTED_EDGE('',*,*,#1568,.F.);
#2625 = PLANE('',#2626);
#2626 = AXIS2_PLACEMENT_3D('',#2627,#2628,#2629);
#2627 = CARTESIAN_POINT('',(-15.29634122156,47.07729755661,5.));
#2628 = DIRECTION('',(0.,0.,1.));
#2629 = DIRECTION('',(0.309016994375,-0.951056516295,0.));
#2630 = ADVANCED_FACE('',(#2631),#2719,.F.);
#2631 = FACE_BOUND('',#2632,.F.);
#2632 = EDGE_LOOP('',(#2633,#2634,#2642,#2713));
#2633 = ORIENTED_EDGE('',*,*,#2018,.F.);
#2634 = ORIENTED_EDGE('',*,*,#2635,.T.);
#2635 = EDGE_CURVE('',#2012,#2636,#2638,.T.);
#2636 = VERTEX_POINT('',#2637);
#2637 = CARTESIAN_POINT('',(39.542911166533,8.105148800592E-15,
    36.502345118128));
#2638 = ( BOUNDED_CURVE() B_SPLINE_CURVE(2,(#2639,#2640,#2641),
.UNSPECIFIED.,.F.,.F.) B_SPLINE_CURVE_WITH_KNOTS((3,3),(0.,1.),
.PIECEWISE_BEZIER_KNOTS.) CURVE() GEOMETRIC_REPRESENTATION_ITEM() 
RATIONAL_B_SPLINE_CURVE((1.,0.793353340291,1.)) REPRESENTATION_ITEM('') 
  );
#2639 = CARTESIAN_POINT('',(37.958716675219,0.,30.624473432003));
#2640 = CARTESIAN_POINT('',(36.495689132556,1.7763568394E-14,
    34.171206868762));
#2641 = CARTESIAN_POINT('',(39.542911166534,1.06581410364E-14,
    36.502345118129));
#2642 = ORIENTED_EDGE('',*,*,#2643,.T.);
#2643 = EDGE_CURVE('',#2636,#2644,#2646,.T.);
#2644 = VERTEX_POINT('',#2645);
#2645 = CARTESIAN_POINT('',(27.511005803289,5.643735411702E-15,
    65.670600544176));
#2646 = ( BOUNDED_CURVE() B_SPLINE_CURVE(9,(#2647,#2648,#2649,#2650,
    #2651,#2652,#2653,#2654,#2655,#2656,#2657,#2658,#2659,#2660,#2661,
    #2662,#2663,#2664,#2665,#2666,#2667,#2668,#2669,#2670,#2671,#2672,
    #2673,#2674,#2675,#2676,#2677,#2678,#2679,#2680,#2681,#2682,#2683,
    #2684,#2685,#2686,#2687,#2688,#2689,#2690,#2691,#2692,#2693,#2694,
    #2695,#2696,#2697,#2698,#2699,#2700,#2701,#2702,#2703,#2704,#2705,
    #2706,#2707,#2708,#2709,#2710,#2711,#2712),.UNSPECIFIED.,.F.,.F.) 
B_SPLINE_CURVE_WITH_KNOTS((10,8,8,8,8,8,8,8,10),(0.,0.128444359244,
    0.222825841352,0.435227034341,0.535734361864,0.747723221516,
0.866141199536,0.909253507605,1.),.UNSPECIFIED.) CURVE() 
GEOMETRIC_REPRESENTATION_ITEM() RATIONAL_B_SPLINE_CURVE((1.,1.,1.,1.,1.,
    1.,1.,1.,1.,1.,1.,1.,1.,1.,1.,1.,1.,1.,1.,1.,1.,1.,1.,1.,1.,1.,1.,1.
    ,1.,1.,1.,1.,1.,1.,1.,1.,1.,1.,1.,1.,1.,1.,1.,1.,1.,1.,1.,1.,1.,1.,
    1.,1.,1.,1.,1.,1.,1.,1.,1.,1.,1.,1.,1.,1.,1.,1.)) 
REPRESENTATION_ITEM('') );
#2647 = CARTESIAN_POINT('',(39.542911166534,8.881784197001E-15,
    36.502345118129));
#2648 = CARTESIAN_POINT('',(39.542911166534,-0.928331659389,
    36.502345118128));
#2649 = CARTESIAN_POINT('',(39.490001964221,-1.856797868938,
    36.536534522714));
#2650 = CARTESIAN_POINT('',(39.383713204786,-2.778456802877,
    36.605223702844));
#2651 = CARTESIAN_POINT('',(39.22749132204,-3.682166174551,
    36.706449961951));
#2652 = CARTESIAN_POINT('',(39.020993813816,-4.572693105907,
    36.841049179102));
#2653 = CARTESIAN_POINT('',(38.773389864485,-5.428940414685,
    37.003832970176));
#2654 = CARTESIAN_POINT('',(38.485683356751,-6.261522563751,
    37.195046660119));
#2655 = CARTESIAN_POINT('',(38.163973578888,-7.06176043153,
    37.411664377769));
#2656 = CARTESIAN_POINT('',(37.55355270367,-8.394813924746,
    37.82887763093));
#2657 = CARTESIAN_POINT('',(37.278738195072,-8.94213614533,
    38.018471999191));
#2658 = CARTESIAN_POINT('',(36.989361764676,-9.471674990811,
    38.220228994775));
#2659 = CARTESIAN_POINT('',(36.68701756627,-9.983157796415,
    38.433506762327));
#2660 = CARTESIAN_POINT('',(36.373199127583,-10.47646586902,
    38.657735186347));
#2661 = CARTESIAN_POINT('',(36.049303541735,-10.95159185403,
    38.892415153741));
#2662 = CARTESIAN_POINT('',(35.716635658668,-11.40859710216,
    39.137117816413));
#2663 = CARTESIAN_POINT('',(35.376412276599,-11.84756903631,
    39.391483853819));
#2664 = CARTESIAN_POINT('',(34.249655550868,-13.21604103173,
    40.248754982185));
#2665 = CARTESIAN_POINT('',(33.437223285653,-14.07239146404,
    40.88959279494));
#2666 = CARTESIAN_POINT('',(32.605043359752,-14.8390424898,
    41.574778913369));
#2667 = CARTESIAN_POINT('',(31.765129861717,-15.51663822355,
    42.301915712971));
#2668 = CARTESIAN_POINT('',(30.928127647317,-16.10529377134,
    43.070288432598));
#2669 = CARTESIAN_POINT('',(30.104810027232,-16.60395452465,
    43.880190523091));
#2670 = CARTESIAN_POINT('',(29.307961511051,-17.00982253663,
    44.731526599809));
#2671 = CARTESIAN_POINT('',(28.552723476805,-17.3187973207,
    45.622768481664));
#2672 = CARTESIAN_POINT('',(27.522601941447,-17.62681468082,
    46.990735737944));
#2673 = CARTESIAN_POINT('',(27.204265662473,-17.70337347891,
    47.438494226565));
#2674 = CARTESIAN_POINT('',(26.900125366159,-17.75717755444,
    47.894178243176));
#2675 = CARTESIAN_POINT('',(26.611826531198,-17.78790390342,
    48.357255805971));
#2676 = CARTESIAN_POINT('',(26.340942411003,-17.79531547553,
    48.827083440513));
#2677 = CARTESIAN_POINT('',(26.088909897572,-17.77929288062,
    49.302889646889));
#2678 = CARTESIAN_POINT('',(25.856965385364,-17.73986609524,
    49.783758366857));
#2679 = CARTESIAN_POINT('',(25.64608063516,-17.67724616913,
    50.268612451001));
#2680 = CARTESIAN_POINT('',(25.05787821978,-17.41175496773,
    51.784604922186));
#2681 = CARTESIAN_POINT('',(24.755302253852,-17.13022804418,
    52.825586111889));
#2682 = CARTESIAN_POINT('',(24.554817723825,-16.75151772211,
    53.867598364797));
#2683 = CARTESIAN_POINT('',(24.455772368678,-16.28151608586,
    54.900317149314));
#2684 = CARTESIAN_POINT('',(24.447471244202,-15.73160610353,
    55.911501283216));
#2685 = CARTESIAN_POINT('',(24.516122800995,-15.10951646695,
    56.895225529122));
#2686 = CARTESIAN_POINT('',(24.649143623813,-14.41782454761,
    57.85010046574));
#2687 = CARTESIAN_POINT('',(24.833925106557,-13.66009579189,
    58.769689013569));
#2688 = CARTESIAN_POINT('',(25.184103625072,-12.37254298889,
    60.143176893118));
#2689 = CARTESIAN_POINT('',(25.321958632538,-11.89014828838,
    60.623066842022));
#2690 = CARTESIAN_POINT('',(25.47013893638,-11.38624636607,
    61.090128022627));
#2691 = CARTESIAN_POINT('',(25.626617022053,-10.86022932872,
    61.543589810983));
#2692 = CARTESIAN_POINT('',(25.789310657203,-10.31138679883,
    61.982350212367));
#2693 = CARTESIAN_POINT('',(25.956030135792,-9.738839225521,
    62.404955149129));
#2694 = CARTESIAN_POINT('',(26.124425522192,-9.141471195375,
    62.809577748582));
#2695 = CARTESIAN_POINT('',(26.291933895305,-8.517864743282,
    63.193997630839));
#2696 = CARTESIAN_POINT('',(26.515358426837,-7.628993660791,
    63.687221179197));
#2697 = CARTESIAN_POINT('',(26.574482386233,-7.388101136955,
    63.815798796442));
#2698 = CARTESIAN_POINT('',(26.632955622376,-7.143486105079,
    63.941170470199));
#2699 = CARTESIAN_POINT('',(26.690627348282,-6.895091244879,
    64.063179513805));
#2700 = CARTESIAN_POINT('',(26.747338838464,-6.642870902468,
    64.181655132186));
#2701 = CARTESIAN_POINT('',(26.802923428926,-6.386791090359,
    64.296412421829));
#2702 = CARTESIAN_POINT('',(26.85720651717,-6.126829487466,
    64.407252370815));
#2703 = CARTESIAN_POINT('',(26.910005562189,-5.862975439101,
    64.51396185879));
#2704 = CARTESIAN_POINT('',(27.068741374158,-5.031656248089,
    64.831752521016));
#2705 = CARTESIAN_POINT('',(27.169080207265,-4.450105906967,
    65.028182870641));
#2706 = CARTESIAN_POINT('',(27.260238077703,-3.851168667846,
    65.203175255447));
#2707 = CARTESIAN_POINT('',(27.340190138954,-3.235960604781,
    65.354170842489));
#2708 = CARTESIAN_POINT('',(27.406908230634,-2.606151784764,
    65.478584784706));
#2709 = CARTESIAN_POINT('',(27.458520507525,-1.96405048511,
    65.57399286599));
#2710 = CARTESIAN_POINT('',(27.493517671061,-1.312743975067,
    65.638401423091));
#2711 = CARTESIAN_POINT('',(27.511005803289,-0.656295861701,
    65.670600544176));
#2712 = CARTESIAN_POINT('',(27.511005803289,5.329070518201E-15,
    65.670600544176));
#2713 = ORIENTED_EDGE('',*,*,#2714,.F.);
#2714 = EDGE_CURVE('',#2019,#2644,#2715,.T.);
#2715 = ( BOUNDED_CURVE() B_SPLINE_CURVE(2,(#2716,#2717,#2718),
.UNSPECIFIED.,.F.,.F.) B_SPLINE_CURVE_WITH_KNOTS((3,3),(0.,1.),
.PIECEWISE_BEZIER_KNOTS.) CURVE() GEOMETRIC_REPRESENTATION_ITEM() 
RATIONAL_B_SPLINE_CURVE((1.,0.793353340291,1.)) REPRESENTATION_ITEM('') 
  );
#2716 = CARTESIAN_POINT('',(22.243437443546,0.,68.72212005424));
#2717 = CARTESIAN_POINT('',(23.706464986209,1.7763568394E-15,
    65.17538661748));
#2718 = CARTESIAN_POINT('',(27.511005803289,-3.552713678801E-15,
    65.670600544176));
#2719 = ( BOUNDED_SURFACE() B_SPLINE_SURFACE(2,9,(
    (#2720,#2721,#2722,#2723,#2724,#2725,#2726,#2727,#2728,#2729,#2730
      ,#2731,#2732,#2733,#2734,#2735,#2736,#2737,#2738,#2739,#2740,#2741
      ,#2742,#2743,#2744,#2745,#2746,#2747,#2748,#2749,#2750,#2751,#2752
      ,#2753,#2754,#2755,#2756,#2757,#2758,#2759,#2760,#2761,#2762,#2763
      ,#2764,#2765,#2766,#2767,#2768,#2769,#2770,#2771,#2772,#2773,#2774
      ,#2775,#2776,#2777,#2778,#2779,#2780,#2781,#2782,#2783,#2784,#2785
      )
    ,(#2786,#2787,#2788,#2789,#2790,#2791,#2792,#2793,#2794,#2795,#2796
      ,#2797,#2798,#2799,#2800,#2801,#2802,#2803,#2804,#2805,#2806,#2807
      ,#2808,#2809,#2810,#2811,#2812,#2813,#2814,#2815,#2816,#2817,#2818
      ,#2819,#2820,#2821,#2822,#2823,#2824,#2825,#2826,#2827,#2828,#2829
      ,#2830,#2831,#2832,#2833,#2834,#2835,#2836,#2837,#2838,#2839,#2840
      ,#2841,#2842,#2843,#2844,#2845,#2846,#2847,#2848,#2849,#2850,#2851
      )
    ,(#2852,#2853,#2854,#2855,#2856,#2857,#2858,#2859,#2860,#2861,#2862
      ,#2863,#2864,#2865,#2866,#2867,#2868,#2869,#2870,#2871,#2872,#2873
      ,#2874,#2875,#2876,#2877,#2878,#2879,#2880,#2881,#2882,#2883,#2884
      ,#2885,#2886,#2887,#2888,#2889,#2890,#2891,#2892,#2893,#2894,#2895
      ,#2896,#2897,#2898,#2899,#2900,#2901,#2902,#2903,#2904,#2905,#2906
      ,#2907,#2908,#2909,#2910,#2911,#2912,#2913,#2914,#2915,#2916,#2917
)),.UNSPECIFIED.,.F.,.F.,.F.) B_SPLINE_SURFACE_WITH_KNOTS((3,3),(10,8,8,
    8,8,8,8,8,10),(0.,1.),(0.,0.128444359244,0.222825841352,
    0.435227034341,0.535734361864,0.747723221516,0.866141199536,
0.909253507605,1.),.UNSPECIFIED.) GEOMETRIC_REPRESENTATION_ITEM() 
RATIONAL_B_SPLINE_SURFACE((
    (1.,1.,1.,1.,1.,1.,1.,1.,1.,1.,1.,1.,1.,1.,1.,1.,1.,1.,1.,1.,1.,1.
      ,1.,1.,1.,1.,1.,1.,1.,1.,1.,1.,1.,1.,1.,1.,1.,1.,1.,1.,1.,1.,1.,1.
      ,1.,1.,1.,1.,1.,1.,1.,1.,1.,1.,1.,1.,1.,1.,1.,1.,1.,1.,1.,1.,1.,1.
      )
    ,(0.793353340291,0.793353340291,0.794251896006,0.796056658209
      ,0.798695293932,0.80214140704,0.806203350293,0.810826351388
      ,0.815874876614,0.82521178037,0.829346385349,0.833621204195
      ,0.838000422881,0.842451853668,0.846946780611,0.851459805069
      ,0.855968691216,0.870548669138,0.880522178847,0.890156612595
      ,0.899290009878,0.907804874172,0.915604006855,0.92258754637
      ,0.928644880331,0.936055375727,0.938205517943,0.940113849596
      ,0.941768865215,0.943159561175,0.944275767656,0.945108480601
      ,0.945650193679,0.946412058442,0.945608661643,0.943438662221
      ,0.939873546219,0.934963208875,0.928750915138,0.921255914464
      ,0.912542276611,0.897198695373,0.891350561115,0.885168781067
      ,0.878673504081,0.871894485309,0.864875884841,0.857681066342
      ,0.850397395682,0.840499225676,0.837861809286,0.835234692253
      ,0.832624522305,0.830038693037,0.827485343925,0.824973360313
      ,0.822512373423,0.815061848454,0.810276389266,0.805858113791
      ,0.801924639232,0.798600499068,0.796004906874,0.794236253884
      ,0.793353340291,0.793353340291)
    ,(1.,1.,1.,1.,1.,1.,1.,1.,1.,1.,1.,1.,1.,1.,1.,1.,1.,1.,1.,1.,1.,1.
      ,1.,1.,1.,1.,1.,1.,1.,1.,1.,1.,1.,1.,1.,1.,1.,1.,1.,1.,1.,1.,1.,1.
      ,1.,1.,1.,1.,1.,1.,1.,1.,1.,1.,1.,1.,1.,1.,1.,1.,1.,1.,1.,1.,1.,1.
))) REPRESENTATION_ITEM('') SURFACE() );
#2720 = CARTESIAN_POINT('',(37.958716675219,-8.881784197001E-15,
    30.624473432003));
#2721 = CARTESIAN_POINT('',(37.958716675219,-1.080904792203,
    30.624473432003));
#2722 = CARTESIAN_POINT('',(37.902852639887,-2.161968304812,
    30.676037865641));
#2723 = CARTESIAN_POINT('',(37.790628542891,-3.234241850221,
    30.779630608386));
#2724 = CARTESIAN_POINT('',(37.625707665306,-4.283958302668,
    30.932117938011));
#2725 = CARTESIAN_POINT('',(37.407785279882,-5.315817321711,
    31.134356569263));
#2726 = CARTESIAN_POINT('',(37.146604085056,-6.304882603745,
    31.378050750533));
#2727 = CARTESIAN_POINT('',(36.843282836616,-7.263117956045,
    31.663030950701));
#2728 = CARTESIAN_POINT('',(36.50430106116,-8.180319052271,
    31.984221352448));
#2729 = CARTESIAN_POINT('',(35.861445287331,-9.701322881207,
    32.599395840187));
#2730 = CARTESIAN_POINT('',(35.572124404856,-10.32357699203,
    32.877983187303));
#2731 = CARTESIAN_POINT('',(35.267575803598,-10.92329121632,
    33.173316266803));
#2732 = CARTESIAN_POINT('',(34.949482964408,-11.50017995966,
    33.484241236021));
#2733 = CARTESIAN_POINT('',(34.619415459424,-12.05416495438,
    33.809723612158));
#2734 = CARTESIAN_POINT('',(34.27883278581,-12.58531990804,
    34.148846944935));
#2735 = CARTESIAN_POINT('',(33.929088199472,-13.09381515196,
    34.500811489228));
#2736 = CARTESIAN_POINT('',(33.57143254879,-13.57986228973,
    34.864932877713));
#2737 = CARTESIAN_POINT('',(32.386920138211,-15.08741170496,
    36.086154211502));
#2738 = CARTESIAN_POINT('',(31.532807859826,-16.01833114097,
    36.990117758608));
#2739 = CARTESIAN_POINT('',(30.657465391608,-16.83936020378,
    37.946486059377));
#2740 = CARTESIAN_POINT('',(29.772806484851,-17.55286548763,
    38.95043179935));
#2741 = CARTESIAN_POINT('',(28.889043461812,-18.16062274824,
    39.999701002554));
#2742 = CARTESIAN_POINT('',(28.016168661582,-18.6631158996,
    41.093584459296));
#2743 = CARTESIAN_POINT('',(27.165844064647,-19.05901712964,
    42.231008609339));
#2744 = CARTESIAN_POINT('',(26.351794766969,-19.34571587444,
    43.409249185572));
#2745 = CARTESIAN_POINT('',(25.22481068783,-19.60506978768,
    45.199950561791));
#2746 = CARTESIAN_POINT('',(24.87380677957,-19.66358787052,
    45.783482700228));
#2747 = CARTESIAN_POINT('',(24.535289536629,-19.69710900456,
    46.374772720519));
#2748 = CARTESIAN_POINT('',(24.210740680966,-19.70548339804,
    46.973133016417));
#2749 = CARTESIAN_POINT('',(23.901571453044,-19.68865097516,
    47.577763620806));
#2750 = CARTESIAN_POINT('',(23.60906969525,-19.64667124964,
    48.187732833013));
#2751 = CARTESIAN_POINT('',(23.334346935335,-19.57975319834,
    48.801957846111));
#2752 = CARTESIAN_POINT('',(23.078285469843,-19.48828513487,
    49.419185374231));
#2753 = CARTESIAN_POINT('',(22.342029657291,-19.12942092853,
    51.343110260623));
#2754 = CARTESIAN_POINT('',(21.928111650397,-18.77926160249,
    52.655720089495));
#2755 = CARTESIAN_POINT('',(21.605036077022,-18.32825554488,
    53.962528657959));
#2756 = CARTESIAN_POINT('',(21.372076381858,-17.78353587777,
    55.252357399397));
#2757 = CARTESIAN_POINT('',(21.220043251072,-17.15747863236,
    56.511990167504));
#2758 = CARTESIAN_POINT('',(21.136528868014,-16.4580087327,
    57.735800851671));
#2759 = CARTESIAN_POINT('',(21.109968630192,-15.68734925906,
    58.923331398771));
#2760 = CARTESIAN_POINT('',(21.129778257493,-14.84892448354,
    60.067584410733));
#2761 = CARTESIAN_POINT('',(21.217312992603,-13.43183663869,
    61.778595076619));
#2762 = CARTESIAN_POINT('',(21.260006002752,-12.90230347818,
    62.37682561944));
#2763 = CARTESIAN_POINT('',(21.312298951138,-12.35041607965,
    62.959596628665));
#2764 = CARTESIAN_POINT('',(21.372548816523,-11.77544060726,
    63.526028541756));
#2765 = CARTESIAN_POINT('',(21.439156182176,-11.17654148617,
    64.074795415719));
#2766 = CARTESIAN_POINT('',(21.510531283122,-10.55270742036,
    64.60409512234));
#2767 = CARTESIAN_POINT('',(21.585060053389,-9.902677410432,
    65.111619543369));
#2768 = CARTESIAN_POINT('',(21.661070173253,-9.224866771404,
    65.594524765749));
#2769 = CARTESIAN_POINT('',(21.764366944656,-8.259687570379,
    66.215007687313));
#2770 = CARTESIAN_POINT('',(21.791892515848,-7.998203409479,
    66.37685325215));
#2771 = CARTESIAN_POINT('',(21.819286019437,-7.732763845829,
    66.534753965628));
#2772 = CARTESIAN_POINT('',(21.846456546963,-7.463304649051,
    66.68850722374));
#2773 = CARTESIAN_POINT('',(21.873310092141,-7.18977418037,
    66.837891824183));
#2774 = CARTESIAN_POINT('',(21.899749550855,-6.912133392618,
    66.982667966339));
#2775 = CARTESIAN_POINT('',(21.925674721162,-6.630355830229,
    67.122577251294));
#2776 = CARTESIAN_POINT('',(21.950982303288,-6.344427629245,
    67.257342681821));
#2777 = CARTESIAN_POINT('',(22.027311566673,-5.443761959485,
    67.658885104472));
#2778 = CARTESIAN_POINT('',(22.075920000405,-4.81398412308,
    67.907378347722));
#2779 = CARTESIAN_POINT('',(22.120337230966,-4.16563070861,
    68.12900409392));
#2780 = CARTESIAN_POINT('',(22.159463811026,-3.499884414362,
    68.320433635885));
#2781 = CARTESIAN_POINT('',(22.192214312367,-2.818521471119,
    68.478296264635));
#2782 = CARTESIAN_POINT('',(22.217599060589,-2.124001755401,
    68.599428246094));
#2783 = CARTESIAN_POINT('',(22.234828107813,-1.419621481165,
    68.681228367651));
#2784 = CARTESIAN_POINT('',(22.243437443546,-0.709728470038,
    68.72212005424));
#2785 = CARTESIAN_POINT('',(22.243437443546,-5.329070518201E-15,
    68.72212005424));
#2786 = CARTESIAN_POINT('',(36.495689132556,5.329070518201E-15,
    34.171206868762));
#2787 = CARTESIAN_POINT('',(36.495689132556,-0.882204395044,
    34.171206868762));
#2788 = CARTESIAN_POINT('',(36.458481689158,-1.762525218137,
    34.205212683472));
#2789 = CARTESIAN_POINT('',(36.383964903307,-2.637950120342,
    34.273319954206));
#2790 = CARTESIAN_POINT('',(36.274022067158,-3.501338073606,
    34.373911542949));
#2791 = CARTESIAN_POINT('',(36.126737261014,-4.360862399415,
    34.508975621301));
#2792 = CARTESIAN_POINT('',(35.946675459775,-5.197472151208,
    34.674671465254));
#2793 = CARTESIAN_POINT('',(35.732770078142,-6.021651891697,
    34.872481636422));
#2794 = CARTESIAN_POINT('',(35.487938618338,-6.824440786887,
    35.100372625911));
#2795 = CARTESIAN_POINT('',(35.014909480825,-8.172278095591,
    35.544292919904));
#2796 = CARTESIAN_POINT('',(34.800678121107,-8.72712869669,
    35.746330604703));
#2797 = CARTESIAN_POINT('',(34.572016158639,-9.268994516202,
    35.963213715644));
#2798 = CARTESIAN_POINT('',(34.329734445405,-9.797227999976,
    36.194532945396));
#2799 = CARTESIAN_POINT('',(34.074689844263,-10.31121328364,
    36.439873442559));
#2800 = CARTESIAN_POINT('',(33.807776578952,-10.81036779233,
    36.698822399401));
#2801 = CARTESIAN_POINT('',(33.529918938373,-11.29414475601,
    36.970975508259));
#2802 = CARTESIAN_POINT('',(33.242065166595,-11.76203667006,
    37.255942433227));
#2803 = CARTESIAN_POINT('',(32.288250960084,-13.21273765586,
    38.211447221299));
#2804 = CARTESIAN_POINT('',(31.586754007422,-14.13242265689,
    38.930814728414));
#2805 = CARTESIAN_POINT('',(30.849877702932,-14.96875468431,
    39.708822385192));
#2806 = CARTESIAN_POINT('',(30.088707406268,-15.71688838211,
    40.541912047695));
#2807 = CARTESIAN_POINT('',(29.314157912537,-16.3724169149,
    41.427781489343));
#2808 = CARTESIAN_POINT('',(28.537878458176,-16.93075872141,
    42.364856940641));
#2809 = CARTESIAN_POINT('',(27.773777071033,-17.38626861805,
    43.3507218515));
#2810 = CARTESIAN_POINT('',(27.03810440656,-17.732592171,44.380912977663
    ));
#2811 = CARTESIAN_POINT('',(26.021458553724,-18.07509393363,
    45.950806382449));
#2812 = CARTESIAN_POINT('',(25.705804598223,-18.15974183814,
    46.461542211009));
#2813 = CARTESIAN_POINT('',(25.401008873402,-18.21902529815,
    46.980752954393));
#2814 = CARTESIAN_POINT('',(25.108796271902,-18.25244848776,
    47.507577703478));
#2815 = CARTESIAN_POINT('',(24.830824446534,-18.25964918128,
    48.041009547013));
#2816 = CARTESIAN_POINT('',(24.568614365545,-18.24043603989,
    48.579886312656));
#2817 = CARTESIAN_POINT('',(24.323481725454,-18.19482649878,
    49.122879302834));
#2818 = CARTESIAN_POINT('',(24.096468574891,-18.12308574486,
    49.668479918354));
#2819 = CARTESIAN_POINT('',(23.44950741421,-17.8206695799,
    51.366736242092));
#2820 = CARTESIAN_POINT('',(23.092488196114,-17.50085172097,
    52.52771783339));
#2821 = CARTESIAN_POINT('',(22.824374931507,-17.0702635648,
    53.682745918288));
#2822 = CARTESIAN_POINT('',(22.645831015544,-16.53569988791,
    54.817285055075));
#2823 = CARTESIAN_POINT('',(22.547181359266,-15.91119475553,
    55.915384337138));
#2824 = CARTESIAN_POINT('',(22.514675987241,-15.20747515843,
    56.968349642195));
#2825 = CARTESIAN_POINT('',(22.535140629775,-14.43022324644,
    57.972596823068));
#2826 = CARTESIAN_POINT('',(22.595838097367,-13.58783132532,
    58.918948157943));
#2827 = CARTESIAN_POINT('',(22.735519847449,-12.17051405031,
    60.305141066249));
#2828 = CARTESIAN_POINT('',(22.795349613989,-11.63646723068,
    60.788005839275));
#2829 = CARTESIAN_POINT('',(22.862359710168,-11.08215777198,
    61.250634892056));
#2830 = CARTESIAN_POINT('',(22.934509611153,-10.50822261173,
    61.69176386346));
#2831 = CARTESIAN_POINT('',(23.009796020392,-9.915503852718,
    62.109871048264));
#2832 = CARTESIAN_POINT('',(23.086289017132,-9.304910185018,
    62.50330821191));
#2833 = CARTESIAN_POINT('',(23.162168733046,-8.677295757243,
    62.870429651255));
#2834 = CARTESIAN_POINT('',(23.235763700094,-8.033358273105,
    63.209724255436));
#2835 = CARTESIAN_POINT('',(23.331314211499,-7.130517119783,
    63.634231386251));
#2836 = CARTESIAN_POINT('',(23.356522237321,-6.885358278291,
    63.744541005349));
#2837 = CARTESIAN_POINT('',(23.381137709483,-6.638148341294,
    63.850799000595));
#2838 = CARTESIAN_POINT('',(23.405086543544,-6.388951319516,
    63.952924241562));
#2839 = CARTESIAN_POINT('',(23.428299336651,-6.137830166009,
    64.050839916212));
#2840 = CARTESIAN_POINT('',(23.45071141352,-5.88484804137,
    64.144473530794));
#2841 = CARTESIAN_POINT('',(23.472262893734,-5.630069616878,
    64.233756978816));
#2842 = CARTESIAN_POINT('',(23.492898781177,-5.373562413142,
    64.318626681548));
#2843 = CARTESIAN_POINT('',(23.55435127753,-4.567024572441,
    64.569797483291));
#2844 = CARTESIAN_POINT('',(23.591811281828,-4.010899095677,
    64.720513760058));
#2845 = CARTESIAN_POINT('',(23.624379254322,-3.448377976347,
    64.850239796453));
#2846 = CARTESIAN_POINT('',(23.6516971225,-2.881080717978,
    64.958495434147));
#2847 = CARTESIAN_POINT('',(23.673584886208,-2.31022740544,
    65.045114230903));
#2848 = CARTESIAN_POINT('',(23.68999427047,-1.736397897282,
    65.110109483084));
#2849 = CARTESIAN_POINT('',(23.700948250348,-1.15971510184,
    65.153542223994));
#2850 = CARTESIAN_POINT('',(23.706464986209,-0.580445946934,
    65.17538661748));
#2851 = CARTESIAN_POINT('',(23.706464986209,5.329070518201E-15,
    65.17538661748));
#2852 = CARTESIAN_POINT('',(39.542911166534,8.881784197001E-15,
    36.502345118129));
#2853 = CARTESIAN_POINT('',(39.542911166534,-0.928331659389,
    36.502345118128));
#2854 = CARTESIAN_POINT('',(39.490001964221,-1.856797868938,
    36.536534522714));
#2855 = CARTESIAN_POINT('',(39.383713204786,-2.778456802877,
    36.605223702844));
#2856 = CARTESIAN_POINT('',(39.22749132204,-3.682166174551,
    36.706449961951));
#2857 = CARTESIAN_POINT('',(39.020993813816,-4.572693105907,
    36.841049179102));
#2858 = CARTESIAN_POINT('',(38.773389864485,-5.428940414685,
    37.003832970176));
#2859 = CARTESIAN_POINT('',(38.485683356751,-6.261522563751,
    37.195046660119));
#2860 = CARTESIAN_POINT('',(38.163973578888,-7.06176043153,
    37.411664377769));
#2861 = CARTESIAN_POINT('',(37.55355270367,-8.394813924746,
    37.82887763093));
#2862 = CARTESIAN_POINT('',(37.278738195072,-8.94213614533,
    38.018471999191));
#2863 = CARTESIAN_POINT('',(36.989361764676,-9.471674990811,
    38.220228994775));
#2864 = CARTESIAN_POINT('',(36.68701756627,-9.983157796415,
    38.433506762327));
#2865 = CARTESIAN_POINT('',(36.373199127583,-10.47646586902,
    38.657735186347));
#2866 = CARTESIAN_POINT('',(36.049303541735,-10.95159185403,
    38.892415153741));
#2867 = CARTESIAN_POINT('',(35.716635658668,-11.40859710216,
    39.137117816413));
#2868 = CARTESIAN_POINT('',(35.376412276599,-11.84756903631,
    39.391483853819));
#2869 = CARTESIAN_POINT('',(34.249655550868,-13.21604103173,
    40.248754982185));
#2870 = CARTESIAN_POINT('',(33.437223285653,-14.07239146404,
    40.88959279494));
#2871 = CARTESIAN_POINT('',(32.605043359752,-14.8390424898,
    41.574778913369));
#2872 = CARTESIAN_POINT('',(31.765129861717,-15.51663822355,
    42.301915712971));
#2873 = CARTESIAN_POINT('',(30.928127647317,-16.10529377134,
    43.070288432598));
#2874 = CARTESIAN_POINT('',(30.104810027232,-16.60395452465,
    43.880190523091));
#2875 = CARTESIAN_POINT('',(29.307961511051,-17.00982253663,
    44.731526599809));
#2876 = CARTESIAN_POINT('',(28.552723476805,-17.3187973207,
    45.622768481664));
#2877 = CARTESIAN_POINT('',(27.522601941447,-17.62681468082,
    46.990735737944));
#2878 = CARTESIAN_POINT('',(27.204265662473,-17.70337347891,
    47.438494226565));
#2879 = CARTESIAN_POINT('',(26.900125366159,-17.75717755444,
    47.894178243176));
#2880 = CARTESIAN_POINT('',(26.611826531198,-17.78790390342,
    48.357255805971));
#2881 = CARTESIAN_POINT('',(26.340942411003,-17.79531547553,
    48.827083440513));
#2882 = CARTESIAN_POINT('',(26.088909897572,-17.77929288062,
    49.302889646889));
#2883 = CARTESIAN_POINT('',(25.856965385364,-17.73986609524,
    49.783758366857));
#2884 = CARTESIAN_POINT('',(25.64608063516,-17.67724616913,
    50.268612451001));
#2885 = CARTESIAN_POINT('',(25.05787821978,-17.41175496773,
    51.784604922186));
#2886 = CARTESIAN_POINT('',(24.755302253852,-17.13022804418,
    52.825586111889));
#2887 = CARTESIAN_POINT('',(24.554817723825,-16.75151772211,
    53.867598364797));
#2888 = CARTESIAN_POINT('',(24.455772368678,-16.28151608586,
    54.900317149314));
#2889 = CARTESIAN_POINT('',(24.447471244202,-15.73160610353,
    55.911501283216));
#2890 = CARTESIAN_POINT('',(24.516122800995,-15.10951646695,
    56.895225529122));
#2891 = CARTESIAN_POINT('',(24.649143623813,-14.41782454761,
    57.85010046574));
#2892 = CARTESIAN_POINT('',(24.833925106557,-13.66009579189,
    58.769689013569));
#2893 = CARTESIAN_POINT('',(25.184103625072,-12.37254298889,
    60.143176893118));
#2894 = CARTESIAN_POINT('',(25.321958632538,-11.89014828838,
    60.623066842022));
#2895 = CARTESIAN_POINT('',(25.47013893638,-11.38624636607,
    61.090128022627));
#2896 = CARTESIAN_POINT('',(25.626617022053,-10.86022932872,
    61.543589810983));
#2897 = CARTESIAN_POINT('',(25.789310657203,-10.31138679883,
    61.982350212367));
#2898 = CARTESIAN_POINT('',(25.956030135792,-9.738839225521,
    62.404955149129));
#2899 = CARTESIAN_POINT('',(26.124425522192,-9.141471195375,
    62.809577748582));
#2900 = CARTESIAN_POINT('',(26.291933895305,-8.517864743282,
    63.193997630839));
#2901 = CARTESIAN_POINT('',(26.515358426837,-7.628993660791,
    63.687221179197));
#2902 = CARTESIAN_POINT('',(26.574482386233,-7.388101136955,
    63.815798796442));
#2903 = CARTESIAN_POINT('',(26.632955622376,-7.143486105079,
    63.941170470199));
#2904 = CARTESIAN_POINT('',(26.690627348282,-6.895091244879,
    64.063179513805));
#2905 = CARTESIAN_POINT('',(26.747338838464,-6.642870902468,
    64.181655132186));
#2906 = CARTESIAN_POINT('',(26.802923428926,-6.386791090359,
    64.296412421829));
#2907 = CARTESIAN_POINT('',(26.85720651717,-6.126829487466,
    64.407252370815));
#2908 = CARTESIAN_POINT('',(26.910005562189,-5.862975439101,
    64.51396185879));
#2909 = CARTESIAN_POINT('',(27.068741374158,-5.031656248089,
    64.831752521016));
#2910 = CARTESIAN_POINT('',(27.169080207265,-4.450105906967,
    65.028182870641));
#2911 = CARTESIAN_POINT('',(27.260238077703,-3.851168667846,
    65.203175255447));
#2912 = CARTESIAN_POINT('',(27.340190138954,-3.235960604781,
    65.354170842489));
#2913 = CARTESIAN_POINT('',(27.406908230634,-2.606151784764,
    65.478584784706));
#2914 = CARTESIAN_POINT('',(27.458520507525,-1.96405048511,
    65.57399286599));
#2915 = CARTESIAN_POINT('',(27.493517671061,-1.312743975067,
    65.638401423091));
#2916 = CARTESIAN_POINT('',(27.511005803289,-0.656295861701,
    65.670600544176));
#2917 = CARTESIAN_POINT('',(27.511005803289,5.329070518201E-15,
    65.670600544176));
#2918 = ADVANCED_FACE('',(#2919,#2930),#2933,.F.);
#2919 = FACE_BOUND('',#2920,.F.);
#2920 = EDGE_LOOP('',(#2921));
#2921 = ORIENTED_EDGE('',*,*,#2922,.F.);
#2922 = EDGE_CURVE('',#2923,#2923,#2925,.T.);
#2923 = VERTEX_POINT('',#2924);
#2924 = CARTESIAN_POINT('',(15.,0.,75.));
#2925 = CIRCLE('',#2926,15.);
#2926 = AXIS2_PLACEMENT_3D('',#2927,#2928,#2929);
#2927 = CARTESIAN_POINT('',(0.,0.,75.));
#2928 = DIRECTION('',(0.,0.,1.));
#2929 = DIRECTION('',(1.,0.,0.));
#2930 = FACE_BOUND('',#2931,.F.);
#2931 = EDGE_LOOP('',(#2932));
#2932 = ORIENTED_EDGE('',*,*,#2096,.T.);
#2933 = PLANE('',#2934);
#2934 = AXIS2_PLACEMENT_3D('',#2935,#2936,#2937);
#2935 = CARTESIAN_POINT('',(-1.426894051345E-15,1.914892223345E-15,75.)
  );
#2936 = DIRECTION('',(0.,0.,1.));
#2937 = DIRECTION('',(1.,0.,0.));
#2938 = ADVANCED_FACE('',(#2939),#3005,.F.);
#2939 = FACE_BOUND('',#2940,.F.);
#2940 = EDGE_LOOP('',(#2941,#2942,#2943,#3004));
#2941 = ORIENTED_EDGE('',*,*,#2104,.F.);
#2942 = ORIENTED_EDGE('',*,*,#2714,.T.);
#2943 = ORIENTED_EDGE('',*,*,#2944,.T.);
#2944 = EDGE_CURVE('',#2644,#2636,#2945,.T.);
#2945 = ( BOUNDED_CURVE() B_SPLINE_CURVE(8,(#2946,#2947,#2948,#2949,
    #2950,#2951,#2952,#2953,#2954,#2955,#2956,#2957,#2958,#2959,#2960,
    #2961,#2962,#2963,#2964,#2965,#2966,#2967,#2968,#2969,#2970,#2971,
    #2972,#2973,#2974,#2975,#2976,#2977,#2978,#2979,#2980,#2981,#2982,
    #2983,#2984,#2985,#2986,#2987,#2988,#2989,#2990,#2991,#2992,#2993,
    #2994,#2995,#2996,#2997,#2998,#2999,#3000,#3001,#3002,#3003),
.UNSPECIFIED.,.F.,.F.) B_SPLINE_CURVE_WITH_KNOTS((9,7,7,7,7,7,7,7,9),(0.
    ,9.118229187633E-02,0.134338573392,0.252249666711,0.464245995373,
    0.564756872584,0.777165524538,0.871121118828,1.),.UNSPECIFIED.) 
CURVE() GEOMETRIC_REPRESENTATION_ITEM() RATIONAL_B_SPLINE_CURVE((1.,1.,
    1.,1.,1.,1.,1.,1.,1.,1.,1.,1.,1.,1.,1.,1.,1.,1.,1.,1.,1.,1.,1.,1.,1.
    ,1.,1.,1.,1.,1.,1.,1.,1.,1.,1.,1.,1.,1.,1.,1.,1.,1.,1.,1.,1.,1.,1.,
1.,1.,1.,1.,1.,1.,1.,1.,1.,1.,1.)) REPRESENTATION_ITEM('') );
#2946 = CARTESIAN_POINT('',(27.511005803289,-3.552713678801E-15,
    65.670600544176));
#2947 = CARTESIAN_POINT('',(27.511005803289,0.74189577955,
    65.670600544176));
#2948 = CARTESIAN_POINT('',(27.488303537176,1.483982397774,
    65.62880100142));
#2949 = CARTESIAN_POINT('',(27.442867920482,2.218204093682,
    65.545188154398));
#2950 = CARTESIAN_POINT('',(27.376346449355,2.938765661273,
    65.421985928869));
#2951 = CARTESIAN_POINT('',(27.291374213051,3.641545625154,
    65.262650148227));
#2952 = CARTESIAN_POINT('',(27.19102751016,4.323684373956,
    65.071119726037));
#2953 = CARTESIAN_POINT('',(27.078422068548,4.983347251569,
    64.85132484076));
#2954 = CARTESIAN_POINT('',(26.898729664363,5.920828589302,
    64.491291267575));
#2955 = CARTESIAN_POINT('',(26.83886354763,6.216979777448,
    64.370037088992));
#2956 = CARTESIAN_POINT('',(26.777143364719,6.508116687308,
    64.243530110523));
#2957 = CARTESIAN_POINT('',(26.713840623946,6.79426053903,64.11208540555
    ));
#2958 = CARTESIAN_POINT('',(26.649212496048,7.075453256221,
    63.975992567237));
#2959 = CARTESIAN_POINT('',(26.583501814185,7.351757465944,
    63.835515708521));
#2960 = CARTESIAN_POINT('',(26.516937073938,7.623256498721,
    63.690893462121));
#2961 = CARTESIAN_POINT('',(26.2661166913,8.618996497959,63.136460143728
    ));
#2962 = CARTESIAN_POINT('',(26.077717471186,9.312802783634,
    62.701202801151));
#2963 = CARTESIAN_POINT('',(25.888992960572,9.973141512647,
    62.24112122347));
#2964 = CARTESIAN_POINT('',(25.703587393305,10.602188436055,
    61.759214801535));
#2965 = CARTESIAN_POINT('',(25.524745738982,11.201817610918,
    61.257656572024));
#2966 = CARTESIAN_POINT('',(25.355579321861,11.773241558634,
    60.738207925151));
#2967 = CARTESIAN_POINT('',(25.199182369179,12.317100759574,
    60.202319494428));
#2968 = CARTESIAN_POINT('',(24.805840790267,13.763357515636,
    58.659535308451));
#2969 = CARTESIAN_POINT('',(24.60437295124,14.604815334449,
    57.618833127105));
#2970 = CARTESIAN_POINT('',(24.471997662297,15.361867360589,
    56.533421277428));
#2971 = CARTESIAN_POINT('',(24.427850069573,16.027397526647,
    55.413964585734));
#2972 = CARTESIAN_POINT('',(24.490675297036,16.599164737702,
    54.258256927599));
#2973 = CARTESIAN_POINT('',(24.68310278529,17.056224051129,
    53.086280217824));
#2974 = CARTESIAN_POINT('',(25.008000699529,17.389242219949,
    51.913155844361));
#2975 = CARTESIAN_POINT('',(25.669728319676,17.68791980235,
    50.20766452022));
#2976 = CARTESIAN_POINT('',(25.910461584463,17.754707869271,
    49.662642552199));
#2977 = CARTESIAN_POINT('',(26.178133902772,17.791585368122,
    49.123013494795));
#2978 = CARTESIAN_POINT('',(26.471189006362,17.798299556768,
    48.590339781036));
#2979 = CARTESIAN_POINT('',(26.787623147749,17.774909355541,
    48.065901321514));
#2980 = CARTESIAN_POINT('',(27.125129405774,17.721714008349,
    47.550732703043));
#2981 = CARTESIAN_POINT('',(27.481241991184,17.639181743779,
    47.045660387324));
#2982 = CARTESIAN_POINT('',(28.64012865581,17.29266224693,
    45.506697287663));
#2983 = CARTESIAN_POINT('',(29.498770612376,16.929011322512,
    44.510049580027));
#2984 = CARTESIAN_POINT('',(30.407829367178,16.441426335874,
    43.56526136517));
#2985 = CARTESIAN_POINT('',(31.344365846091,15.836388009037,
    42.67431048189));
#2986 = CARTESIAN_POINT('',(32.291084415668,15.116951358587,
    41.836422658745));
#2987 = CARTESIAN_POINT('',(33.232960738897,14.283225207943,
    41.051491847404));
#2988 = CARTESIAN_POINT('',(34.152141596631,13.33447396031,
    40.322946596564));
#2989 = CARTESIAN_POINT('',(35.417969571699,11.797096750809,
    39.359865786017));
#2990 = CARTESIAN_POINT('',(35.797990471413,11.302729922353,
    39.076450094509));
#2991 = CARTESIAN_POINT('',(36.168152152229,10.785373018237,
    38.805405856441));
#2992 = CARTESIAN_POINT('',(36.526630083025,10.244892077735,
    38.547284535738));
#2993 = CARTESIAN_POINT('',(36.871442523745,9.681217765365,
    38.302760678366));
#2994 = CARTESIAN_POINT('',(37.200441055985,9.094438834291,
    38.072633658333));
#2995 = CARTESIAN_POINT('',(37.511301113574,8.48489558972,
    37.857829423695));
#2996 = CARTESIAN_POINT('',(38.199595466753,6.986877179753,
    37.387219694061));
#2997 = CARTESIAN_POINT('',(38.558892163711,6.078852400188,
    37.145811521798));
#2998 = CARTESIAN_POINT('',(38.872624000854,5.131634791501,
    36.938111106612));
#2999 = CARTESIAN_POINT('',(39.13467430277,4.148240523655,
    36.766666187789));
#3000 = CARTESIAN_POINT('',(39.337354789317,3.13159437856,
    36.635178631243));
#3001 = CARTESIAN_POINT('',(39.474319057567,2.09625552599,
    36.546669597563));
#3002 = CARTESIAN_POINT('',(39.542911166534,1.047806223348,
    36.502345118128));
#3003 = CARTESIAN_POINT('',(39.542911166534,1.06581410364E-14,
    36.502345118129));
#3004 = ORIENTED_EDGE('',*,*,#2635,.F.);
#3005 = ( BOUNDED_SURFACE() B_SPLINE_SURFACE(2,8,(
    (#3006,#3007,#3008,#3009,#3010,#3011,#3012,#3013,#3014,#3015,#3016
      ,#3017,#3018,#3019,#3020,#3021,#3022,#3023,#3024,#3025,#3026,#3027
      ,#3028,#3029,#3030,#3031,#3032,#3033,#3034,#3035,#3036,#3037,#3038
      ,#3039,#3040,#3041,#3042,#3043,#3044,#3045,#3046,#3047,#3048,#3049
      ,#3050,#3051,#3052,#3053,#3054,#3055,#3056,#3057,#3058,#3059,#3060
      ,#3061,#3062,#3063)
    ,(#3064,#3065,#3066,#3067,#3068,#3069,#3070,#3071,#3072,#3073,#3074
      ,#3075,#3076,#3077,#3078,#3079,#3080,#3081,#3082,#3083,#3084,#3085
      ,#3086,#3087,#3088,#3089,#3090,#3091,#3092,#3093,#3094,#3095,#3096
      ,#3097,#3098,#3099,#3100,#3101,#3102,#3103,#3104,#3105,#3106,#3107
      ,#3108,#3109,#3110,#3111,#3112,#3113,#3114,#3115,#3116,#3117,#3118
      ,#3119,#3120,#3121)
    ,(#3122,#3123,#3124,#3125,#3126,#3127,#3128,#3129,#3130,#3131,#3132
      ,#3133,#3134,#3135,#3136,#3137,#3138,#3139,#3140,#3141,#3142,#3143
      ,#3144,#3145,#3146,#3147,#3148,#3149,#3150,#3151,#3152,#3153,#3154
      ,#3155,#3156,#3157,#3158,#3159,#3160,#3161,#3162,#3163,#3164,#3165
      ,#3166,#3167,#3168,#3169,#3170,#3171,#3172,#3173,#3174,#3175,#3176
      ,#3177,#3178,#3179
)),.UNSPECIFIED.,.F.,.F.,.F.) B_SPLINE_SURFACE_WITH_KNOTS((3,3),(9,7,7,7
    ,7,7,7,7,9),(0.,1.),(0.,9.118229187633E-02,0.134338573392,
    0.252249666711,0.464245995373,0.564756872584,0.777165524538,
0.871121118828,1.),.UNSPECIFIED.) GEOMETRIC_REPRESENTATION_ITEM() 
RATIONAL_B_SPLINE_SURFACE((
    (1.,1.,1.,1.,1.,1.,1.,1.,1.,1.,1.,1.,1.,1.,1.,1.,1.,1.,1.,1.,1.,1.
      ,1.,1.,1.,1.,1.,1.,1.,1.,1.,1.,1.,1.,1.,1.,1.,1.,1.,1.,1.,1.,1.,1.
      ,1.,1.,1.,1.,1.,1.,1.,1.,1.,1.,1.,1.,1.,1.)
    ,(0.793353340291,0.793353340291,0.794499487128,0.796796080618
      ,0.800134270807,0.804342983534,0.80922964954,0.814610737137
      ,0.82303998535,0.825825999671,0.828674590941,0.831571564798
      ,0.834504072966,0.83746061326,0.840431029584,0.851536090382
      ,0.859703403944,0.867723138221,0.875479743283,0.882899318563
      ,0.889931021267,0.896537998297,0.913772831726,0.923393940514
      ,0.931429406005,0.937790255336,0.94247766348,0.945360661632
      ,0.946476661787,0.945619564259,0.944962457029,0.943932423572
      ,0.94254127226,0.940803357978,0.938734835218,0.936352911187
      ,0.928016104426,0.921036532184,0.912887747581,0.903738579704
      ,0.893729302604,0.883011238389,0.871810477652,0.855430949216
      ,0.850377911661,0.845323560433,0.840301661224,0.835351631266
      ,0.830518885594,0.825855183307,0.815333825627,0.809675479134
      ,0.804598878466,0.800259208418,0.796844008467,0.794518195004
      ,0.793353340291,0.793353340291)
    ,(1.,1.,1.,1.,1.,1.,1.,1.,1.,1.,1.,1.,1.,1.,1.,1.,1.,1.,1.,1.,1.,1.
      ,1.,1.,1.,1.,1.,1.,1.,1.,1.,1.,1.,1.,1.,1.,1.,1.,1.,1.,1.,1.,1.,1.
,1.,1.,1.,1.,1.,1.,1.,1.,1.,1.,1.,1.,1.,1.
))) REPRESENTATION_ITEM('') SURFACE() );
#3006 = CARTESIAN_POINT('',(22.243437443546,0.,68.72212005424));
#3007 = CARTESIAN_POINT('',(22.243437443546,0.802297541817,
    68.72212005424));
#3008 = CARTESIAN_POINT('',(22.232261211856,1.604801318709,
    68.669036210514));
#3009 = CARTESIAN_POINT('',(22.20989330993,2.39887212355,68.562845415391
    ));
#3010 = CARTESIAN_POINT('',(22.177188751682,3.178313570399,
    68.406446652042));
#3011 = CARTESIAN_POINT('',(22.135530421404,3.938730001938,
    68.20435032268));
#3012 = CARTESIAN_POINT('',(22.086555530906,4.67707792887,
    67.961696613374));
#3013 = CARTESIAN_POINT('',(22.031951115888,5.391411001285,
    67.683602895483));
#3014 = CARTESIAN_POINT('',(21.945567979427,6.407112839517,
    67.228703769238));
#3015 = CARTESIAN_POINT('',(21.916894393125,6.72805690742,
    67.075586607406));
#3016 = CARTESIAN_POINT('',(21.887457601873,7.043654825379,
    66.915931675928));
#3017 = CARTESIAN_POINT('',(21.857411801703,7.353933050579,
    66.750148381719));
#3018 = CARTESIAN_POINT('',(21.826905595439,7.658940387696,
    66.578612540889));
#3019 = CARTESIAN_POINT('',(21.796081992694,7.958747988905,
    66.401666378744));
#3020 = CARTESIAN_POINT('',(21.765078409875,8.253449353877,
    66.219618529786));
#3021 = CARTESIAN_POINT('',(21.64918746605,9.33470530806,65.522167711383
    ));
#3022 = CARTESIAN_POINT('',(21.563986818966,10.088952817248,
    64.975530126842));
#3023 = CARTESIAN_POINT('',(21.481153870875,10.807775399633,
    64.398700988423));
#3024 = CARTESIAN_POINT('',(21.403109222272,11.493602733556,
    63.795512224923));
#3025 = CARTESIAN_POINT('',(21.332167909587,12.148547687988,
    63.168687694872));
#3026 = CARTESIAN_POINT('',(21.270676207198,12.774018433557,
    62.520373864939));
#3027 = CARTESIAN_POINT('',(21.221082254024,13.370816610024,
    61.852271461578));
#3028 = CARTESIAN_POINT('',(21.122757969346,14.962574916088,
    59.930361383628));
#3029 = CARTESIAN_POINT('',(21.106314523879,15.894427870553,
    58.635608246413));
#3030 = CARTESIAN_POINT('',(21.151636052273,16.739799528535,
    57.285896591278));
#3031 = CARTESIAN_POINT('',(21.274769076524,17.4916223986,
    55.892864155349));
#3032 = CARTESIAN_POINT('',(21.493710692215,18.148428247524,
    54.451722799657));
#3033 = CARTESIAN_POINT('',(21.827687172619,18.687910570478,
    52.984139093684));
#3034 = CARTESIAN_POINT('',(22.279597719525,19.098990472117,
    51.506252440782));
#3035 = CARTESIAN_POINT('',(23.107885393026,19.50271267316,
    49.341837206396));
#3036 = CARTESIAN_POINT('',(23.39905010692,19.601764739654,
    48.647706892548));
#3037 = CARTESIAN_POINT('',(23.714079311857,19.669124469615,
    47.957746187774));
#3038 = CARTESIAN_POINT('',(24.051564922714,19.704272154451,
    47.273778060265));
#3039 = CARTESIAN_POINT('',(24.409710050539,19.70699744706,
    46.597327336106));
#3040 = CARTESIAN_POINT('',(24.786448064213,19.677332146978,
    45.929664287591));
#3041 = CARTESIAN_POINT('',(25.179561652092,19.61548298554,
    45.271848221543));
#3042 = CARTESIAN_POINT('',(26.447418674717,19.323709865812,
    43.257309258648));
#3043 = CARTESIAN_POINT('',(27.37110815543,18.983390759283,
    41.937780277168));
#3044 = CARTESIAN_POINT('',(28.338698524436,18.502978679332,
    40.67148704899));
#3045 = CARTESIAN_POINT('',(29.329318962375,17.886738300507,
    39.462272704048));
#3046 = CARTESIAN_POINT('',(30.327165397381,17.135524856627,
    38.310631229263));
#3047 = CARTESIAN_POINT('',(31.318064844396,16.247031384464,
    37.218196310859));
#3048 = CARTESIAN_POINT('',(32.284407780073,15.217880936976,
    36.191843506751));
#3049 = CARTESIAN_POINT('',(33.615120002056,13.524260520829,
    34.819891516503));
#3050 = CARTESIAN_POINT('',(34.014611204741,12.976513878653,
    34.413903730358));
#3051 = CARTESIAN_POINT('',(34.403786189625,12.400126401132,
    34.023521800154));
#3052 = CARTESIAN_POINT('',(34.7807658108,11.794781132623,
    33.649791158621));
#3053 = CARTESIAN_POINT('',(35.143488509618,11.160258150335,
    33.293961534686));
#3054 = CARTESIAN_POINT('',(35.489701614403,10.49655591598,
    32.957490085808));
#3055 = CARTESIAN_POINT('',(35.81695264015,9.804012627409,
    32.642044530313));
#3056 = CARTESIAN_POINT('',(36.541810420178,8.095001105015,
    31.948231584828));
#3057 = CARTESIAN_POINT('',(36.920424405428,7.053716542204,
    31.589996441726));
#3058 = CARTESIAN_POINT('',(37.25123952293,5.962405422706,
    31.279964669447));
#3059 = CARTESIAN_POINT('',(37.527728924698,4.824862676475,
    31.022779565366));
#3060 = CARTESIAN_POINT('',(37.741681068972,3.644992175977,
    30.824809412775));
#3061 = CARTESIAN_POINT('',(37.886293960497,2.44077835598,
    30.691322988308));
#3062 = CARTESIAN_POINT('',(37.958716675219,1.22001523557,
    30.624473432003));
#3063 = CARTESIAN_POINT('',(37.958716675219,0.,30.624473432003));
#3064 = CARTESIAN_POINT('',(23.706464986209,1.7763568394E-15,
    65.17538661748));
#3065 = CARTESIAN_POINT('',(23.706464986209,0.656152847241,
    65.17538661748));
#3066 = CARTESIAN_POINT('',(23.699305523866,1.310553243411,
    65.147037889384));
#3067 = CARTESIAN_POINT('',(23.685114656997,1.961168865654,
    65.090757138149));
#3068 = CARTESIAN_POINT('',(23.663832515946,2.60809992161,
    65.006505759638));
#3069 = CARTESIAN_POINT('',(23.635427847333,3.251208215081,
    64.894128849868));
#3070 = CARTESIAN_POINT('',(23.600064258401,3.889026545915,
    64.753674918809));
#3071 = CARTESIAN_POINT('',(23.558219831412,4.518995936732,
    64.585711441304));
#3072 = CARTESIAN_POINT('',(23.488533691728,5.429488380306,
    64.30073471935));
#3073 = CARTESIAN_POINT('',(23.46506288685,5.717828810154,
    64.204065047289));
#3074 = CARTESIAN_POINT('',(23.440426744732,6.003950209907,
    64.101721644421));
#3075 = CARTESIAN_POINT('',(23.414709264765,6.287754631467,
    63.993798868715));
#3076 = CARTESIAN_POINT('',(23.388003320687,6.569147108674,
    63.880399454011));
#3077 = CARTESIAN_POINT('',(23.360410508407,6.848033010677,
    63.761634332739));
#3078 = CARTESIAN_POINT('',(23.332041043154,7.124315480352,
    63.637622619437));
#3079 = CARTESIAN_POINT('',(23.224739815409,8.135610344886,
    63.160282945232));
#3080 = CARTESIAN_POINT('',(23.141657328082,8.853835607352,
    62.774754614914));
#3081 = CARTESIAN_POINT('',(23.056012432323,9.551143579504,
    62.354152933369));
#3082 = CARTESIAN_POINT('',(22.97035054643,10.226405611981,
    61.900710841579));
#3083 = CARTESIAN_POINT('',(22.887436264534,10.878495688033,
    61.416705815137));
#3084 = CARTESIAN_POINT('',(22.810189750766,11.50621955929,
    60.904401468089));
#3085 = CARTESIAN_POINT('',(22.741641936952,12.108394686735,
    60.365896278191));
#3086 = CARTESIAN_POINT('',(22.584838812298,13.699438414789,
    58.809791978643));
#3087 = CARTESIAN_POINT('',(22.521089078028,14.636843635147,
    57.735890245116));
#3088 = CARTESIAN_POINT('',(22.511497094546,15.49032985834,
    56.58788966592));
#3089 = CARTESIAN_POINT('',(22.575535168171,16.245603442258,
    55.381028500666));
#3090 = CARTESIAN_POINT('',(22.733263934098,16.89651746911,
    54.116109452713));
#3091 = CARTESIAN_POINT('',(23.006041490328,17.416696445399,
    52.818660906745));
#3092 = CARTESIAN_POINT('',(23.394695257882,17.795048113676,
    51.510616761462));
#3093 = CARTESIAN_POINT('',(24.122500354938,18.135254074251,
    49.600147156361));
#3094 = CARTESIAN_POINT('',(24.380944792787,18.211858999792,
    48.986422493877));
#3095 = CARTESIAN_POINT('',(24.662551387016,18.254740130562,
    48.376396752805));
#3096 = CARTESIAN_POINT('',(24.965641366775,18.263582212075,
    47.772304204085));
#3097 = CARTESIAN_POINT('',(25.28807016418,18.23850564367,
    47.176058853379));
#3098 = CARTESIAN_POINT('',(25.627383616694,18.179978817994,
    46.589281137836));
#3099 = CARTESIAN_POINT('',(25.98097567839,18.088732360988,
    46.013319601554));
#3100 = CARTESIAN_POINT('',(27.12511345809,17.703279365956,
    44.246554539593));
#3101 = CARTESIAN_POINT('',(27.96051369589,17.295007897308,
    43.092830431612));
#3102 = CARTESIAN_POINT('',(28.829137379521,16.747008655822,
    41.997621539904));
#3103 = CARTESIAN_POINT('',(29.706102101121,16.069710045015,
    40.967294798464));
#3104 = CARTESIAN_POINT('',(30.572319825942,15.270922448154,
    40.004229009431));
#3105 = CARTESIAN_POINT('',(31.411731044279,14.357084180301,
    39.110838280622));
#3106 = CARTESIAN_POINT('',(32.207204096817,13.336005633517,
    38.292637737444));
#3107 = CARTESIAN_POINT('',(33.277865660422,11.707586019136,
    37.220078484194));
#3108 = CARTESIAN_POINT('',(33.598973658335,11.180823590489,
    36.902734857511));
#3109 = CARTESIAN_POINT('',(33.907073969117,10.634002707804,
    36.601867547051));
#3110 = CARTESIAN_POINT('',(34.20077272815,10.067908177591,
    36.318052524051));
#3111 = CARTESIAN_POINT('',(34.478726475085,9.48338648051,
    36.051883998339));
#3112 = CARTESIAN_POINT('',(34.739656433667,8.881334927443,
    35.803961663966));
#3113 = CARTESIAN_POINT('',(34.982365558865,8.262692911469,
    35.574875634523));
#3114 = CARTESIAN_POINT('',(35.516141457203,6.747197009226,
    35.073849499328));
#3115 = CARTESIAN_POINT('',(35.788774348333,5.83714335298,
    34.820393065741));
#3116 = CARTESIAN_POINT('',(36.020321958224,4.902551828614,
    34.606689982334));
#3117 = CARTESIAN_POINT('',(36.208766123753,3.946951402322,
    34.433647408171));
#3118 = CARTESIAN_POINT('',(36.351583620252,2.972687627239,
    34.302913775456));
#3119 = CARTESIAN_POINT('',(36.447466003767,1.989183285941,
    34.215280967247));
#3120 = CARTESIAN_POINT('',(36.495689132556,0.995742465575,
    34.171206868762));
#3121 = CARTESIAN_POINT('',(36.495689132556,1.7763568394E-14,
    34.171206868762));
#3122 = CARTESIAN_POINT('',(27.511005803289,-3.552713678801E-15,
    65.670600544176));
#3123 = CARTESIAN_POINT('',(27.511005803289,0.74189577955,
    65.670600544176));
#3124 = CARTESIAN_POINT('',(27.488303537176,1.483982397774,
    65.62880100142));
#3125 = CARTESIAN_POINT('',(27.442867920482,2.218204093682,
    65.545188154398));
#3126 = CARTESIAN_POINT('',(27.376346449355,2.938765661273,
    65.421985928869));
#3127 = CARTESIAN_POINT('',(27.291374213051,3.641545625154,
    65.262650148227));
#3128 = CARTESIAN_POINT('',(27.19102751016,4.323684373956,
    65.071119726037));
#3129 = CARTESIAN_POINT('',(27.078422068548,4.983347251569,
    64.85132484076));
#3130 = CARTESIAN_POINT('',(26.898729664363,5.920828589302,
    64.491291267575));
#3131 = CARTESIAN_POINT('',(26.83886354763,6.216979777448,
    64.370037088992));
#3132 = CARTESIAN_POINT('',(26.777143364719,6.508116687308,
    64.243530110523));
#3133 = CARTESIAN_POINT('',(26.713840623946,6.79426053903,64.11208540555
    ));
#3134 = CARTESIAN_POINT('',(26.649212496048,7.075453256221,
    63.975992567237));
#3135 = CARTESIAN_POINT('',(26.583501814185,7.351757465944,
    63.835515708521));
#3136 = CARTESIAN_POINT('',(26.516937073938,7.623256498721,
    63.690893462121));
#3137 = CARTESIAN_POINT('',(26.2661166913,8.618996497959,63.136460143728
    ));
#3138 = CARTESIAN_POINT('',(26.077717471186,9.312802783634,
    62.701202801151));
#3139 = CARTESIAN_POINT('',(25.888992960572,9.973141512647,
    62.24112122347));
#3140 = CARTESIAN_POINT('',(25.703587393305,10.602188436055,
    61.759214801535));
#3141 = CARTESIAN_POINT('',(25.524745738982,11.201817610918,
    61.257656572024));
#3142 = CARTESIAN_POINT('',(25.355579321861,11.773241558634,
    60.738207925151));
#3143 = CARTESIAN_POINT('',(25.199182369179,12.317100759574,
    60.202319494428));
#3144 = CARTESIAN_POINT('',(24.805840790267,13.763357515636,
    58.659535308451));
#3145 = CARTESIAN_POINT('',(24.60437295124,14.604815334449,
    57.618833127105));
#3146 = CARTESIAN_POINT('',(24.471997662297,15.361867360589,
    56.533421277428));
#3147 = CARTESIAN_POINT('',(24.427850069573,16.027397526647,
    55.413964585734));
#3148 = CARTESIAN_POINT('',(24.490675297036,16.599164737702,
    54.258256927599));
#3149 = CARTESIAN_POINT('',(24.68310278529,17.056224051129,
    53.086280217824));
#3150 = CARTESIAN_POINT('',(25.008000699529,17.389242219949,
    51.913155844361));
#3151 = CARTESIAN_POINT('',(25.669728319676,17.68791980235,
    50.20766452022));
#3152 = CARTESIAN_POINT('',(25.910461584463,17.754707869271,
    49.662642552199));
#3153 = CARTESIAN_POINT('',(26.178133902772,17.791585368122,
    49.123013494795));
#3154 = CARTESIAN_POINT('',(26.471189006362,17.798299556768,
    48.590339781036));
#3155 = CARTESIAN_POINT('',(26.787623147749,17.774909355541,
    48.065901321514));
#3156 = CARTESIAN_POINT('',(27.125129405774,17.721714008349,
    47.550732703043));
#3157 = CARTESIAN_POINT('',(27.481241991184,17.639181743779,
    47.045660387324));
#3158 = CARTESIAN_POINT('',(28.64012865581,17.29266224693,
    45.506697287663));
#3159 = CARTESIAN_POINT('',(29.498770612376,16.929011322512,
    44.510049580027));
#3160 = CARTESIAN_POINT('',(30.407829367178,16.441426335874,
    43.56526136517));
#3161 = CARTESIAN_POINT('',(31.344365846091,15.836388009037,
    42.67431048189));
#3162 = CARTESIAN_POINT('',(32.291084415668,15.116951358587,
    41.836422658745));
#3163 = CARTESIAN_POINT('',(33.232960738897,14.283225207943,
    41.051491847404));
#3164 = CARTESIAN_POINT('',(34.152141596631,13.33447396031,
    40.322946596564));
#3165 = CARTESIAN_POINT('',(35.417969571699,11.797096750809,
    39.359865786017));
#3166 = CARTESIAN_POINT('',(35.797990471413,11.302729922353,
    39.076450094509));
#3167 = CARTESIAN_POINT('',(36.168152152229,10.785373018237,
    38.805405856441));
#3168 = CARTESIAN_POINT('',(36.526630083025,10.244892077735,
    38.547284535738));
#3169 = CARTESIAN_POINT('',(36.871442523745,9.681217765365,
    38.302760678366));
#3170 = CARTESIAN_POINT('',(37.200441055985,9.094438834291,
    38.072633658333));
#3171 = CARTESIAN_POINT('',(37.511301113574,8.48489558972,
    37.857829423695));
#3172 = CARTESIAN_POINT('',(38.199595466753,6.986877179753,
    37.387219694061));
#3173 = CARTESIAN_POINT('',(38.558892163711,6.078852400188,
    37.145811521798));
#3174 = CARTESIAN_POINT('',(38.872624000854,5.131634791501,
    36.938111106612));
#3175 = CARTESIAN_POINT('',(39.13467430277,4.148240523655,
    36.766666187789));
#3176 = CARTESIAN_POINT('',(39.337354789317,3.13159437856,
    36.635178631243));
#3177 = CARTESIAN_POINT('',(39.474319057567,2.09625552599,
    36.546669597563));
#3178 = CARTESIAN_POINT('',(39.542911166534,1.047806223348,
    36.502345118128));
#3179 = CARTESIAN_POINT('',(39.542911166534,1.06581410364E-14,
    36.502345118129));
#3180 = ADVANCED_FACE('',(#3181),#3290,.T.);
#3181 = FACE_BOUND('',#3182,.F.);
#3182 = EDGE_LOOP('',(#3183,#3191,#3192,#3193,#3202,#3211,#3220,#3229,
    #3238,#3247,#3256,#3265,#3274,#3283));
#3183 = ORIENTED_EDGE('',*,*,#3184,.F.);
#3184 = EDGE_CURVE('',#2335,#3185,#3187,.T.);
#3185 = VERTEX_POINT('',#3186);
#3186 = CARTESIAN_POINT('',(59.,0.,8.));
#3187 = LINE('',#3188,#3189);
#3188 = CARTESIAN_POINT('',(59.,0.,0.));
#3189 = VECTOR('',#3190,1.);
#3190 = DIRECTION('',(0.,0.,1.));
#3191 = ORIENTED_EDGE('',*,*,#2334,.F.);
#3192 = ORIENTED_EDGE('',*,*,#3184,.T.);
#3193 = ORIENTED_EDGE('',*,*,#3194,.T.);
#3194 = EDGE_CURVE('',#3185,#3195,#3197,.T.);
#3195 = VERTEX_POINT('',#3196);
#3196 = CARTESIAN_POINT('',(55.650889256282,19.595369988471,8.));
#3197 = CIRCLE('',#3198,59.);
#3198 = AXIS2_PLACEMENT_3D('',#3199,#3200,#3201);
#3199 = CARTESIAN_POINT('',(0.,0.,8.));
#3200 = DIRECTION('',(0.,0.,1.));
#3201 = DIRECTION('',(1.,0.,0.));
#3202 = ORIENTED_EDGE('',*,*,#3203,.T.);
#3203 = EDGE_CURVE('',#3195,#3204,#3206,.T.);
#3204 = VERTEX_POINT('',#3205);
#3205 = CARTESIAN_POINT('',(35.833374849022,46.871838527302,8.));
#3206 = CIRCLE('',#3207,59.);
#3207 = AXIS2_PLACEMENT_3D('',#3208,#3209,#3210);
#3208 = CARTESIAN_POINT('',(0.,0.,8.));
#3209 = DIRECTION('',(0.,0.,1.));
#3210 = DIRECTION('',(1.,0.,0.));
#3211 = ORIENTED_EDGE('',*,*,#3212,.T.);
#3212 = EDGE_CURVE('',#3204,#3213,#3215,.T.);
#3213 = VERTEX_POINT('',#3214);
#3214 = CARTESIAN_POINT('',(-1.439233784479,58.98244320231,8.));
#3215 = CIRCLE('',#3216,59.);
#3216 = AXIS2_PLACEMENT_3D('',#3217,#3218,#3219);
#3217 = CARTESIAN_POINT('',(0.,0.,8.));
#3218 = DIRECTION('',(0.,0.,1.));
#3219 = DIRECTION('',(1.,0.,0.));
#3220 = ORIENTED_EDGE('',*,*,#3221,.T.);
#3221 = EDGE_CURVE('',#3213,#3222,#3224,.T.);
#3222 = VERTEX_POINT('',#3223);
#3223 = CARTESIAN_POINT('',(-33.50464566797,48.563759313543,8.));
#3224 = CIRCLE('',#3225,59.);
#3225 = AXIS2_PLACEMENT_3D('',#3226,#3227,#3228);
#3226 = CARTESIAN_POINT('',(0.,0.,8.));
#3227 = DIRECTION('',(0.,0.,1.));
#3228 = DIRECTION('',(1.,0.,0.));
#3229 = ORIENTED_EDGE('',*,*,#3230,.T.);
#3230 = EDGE_CURVE('',#3222,#3231,#3233,.T.);
#3231 = VERTEX_POINT('',#3232);
#3232 = CARTESIAN_POINT('',(-56.54038465284,16.857784650064,8.));
#3233 = CIRCLE('',#3234,59.);
#3234 = AXIS2_PLACEMENT_3D('',#3235,#3236,#3237);
#3235 = CARTESIAN_POINT('',(0.,0.,8.));
#3236 = DIRECTION('',(0.,0.,1.));
#3237 = DIRECTION('',(1.,0.,0.));
#3238 = ORIENTED_EDGE('',*,*,#3239,.T.);
#3239 = EDGE_CURVE('',#3231,#3240,#3242,.T.);
#3240 = VERTEX_POINT('',#3241);
#3241 = CARTESIAN_POINT('',(-56.54038465284,-16.85778465006,8.));
#3242 = CIRCLE('',#3243,59.);
#3243 = AXIS2_PLACEMENT_3D('',#3244,#3245,#3246);
#3244 = CARTESIAN_POINT('',(0.,0.,8.));
#3245 = DIRECTION('',(0.,0.,1.));
#3246 = DIRECTION('',(1.,0.,0.));
#3247 = ORIENTED_EDGE('',*,*,#3248,.T.);
#3248 = EDGE_CURVE('',#3240,#3249,#3251,.T.);
#3249 = VERTEX_POINT('',#3250);
#3250 = CARTESIAN_POINT('',(-33.50464566797,-48.56375931354,8.));
#3251 = CIRCLE('',#3252,59.);
#3252 = AXIS2_PLACEMENT_3D('',#3253,#3254,#3255);
#3253 = CARTESIAN_POINT('',(0.,0.,8.));
#3254 = DIRECTION('',(0.,0.,1.));
#3255 = DIRECTION('',(1.,0.,0.));
#3256 = ORIENTED_EDGE('',*,*,#3257,.T.);
#3257 = EDGE_CURVE('',#3249,#3258,#3260,.T.);
#3258 = VERTEX_POINT('',#3259);
#3259 = CARTESIAN_POINT('',(-1.439233784482,-58.9824432023,8.));
#3260 = CIRCLE('',#3261,59.);
#3261 = AXIS2_PLACEMENT_3D('',#3262,#3263,#3264);
#3262 = CARTESIAN_POINT('',(0.,0.,8.));
#3263 = DIRECTION('',(0.,0.,1.));
#3264 = DIRECTION('',(1.,0.,0.));
#3265 = ORIENTED_EDGE('',*,*,#3266,.T.);
#3266 = EDGE_CURVE('',#3258,#3267,#3269,.T.);
#3267 = VERTEX_POINT('',#3268);
#3268 = CARTESIAN_POINT('',(35.83337484902,-46.8718385273,8.));
#3269 = CIRCLE('',#3270,59.);
#3270 = AXIS2_PLACEMENT_3D('',#3271,#3272,#3273);
#3271 = CARTESIAN_POINT('',(0.,0.,8.));
#3272 = DIRECTION('',(0.,0.,1.));
#3273 = DIRECTION('',(1.,0.,0.));
#3274 = ORIENTED_EDGE('',*,*,#3275,.T.);
#3275 = EDGE_CURVE('',#3267,#3276,#3278,.T.);
#3276 = VERTEX_POINT('',#3277);
#3277 = CARTESIAN_POINT('',(55.650889256281,-19.59536998847,8.));
#3278 = CIRCLE('',#3279,59.);
#3279 = AXIS2_PLACEMENT_3D('',#3280,#3281,#3282);
#3280 = CARTESIAN_POINT('',(0.,0.,8.));
#3281 = DIRECTION('',(0.,0.,1.));
#3282 = DIRECTION('',(1.,0.,0.));
#3283 = ORIENTED_EDGE('',*,*,#3284,.T.);
#3284 = EDGE_CURVE('',#3276,#3185,#3285,.T.);
#3285 = CIRCLE('',#3286,59.);
#3286 = AXIS2_PLACEMENT_3D('',#3287,#3288,#3289);
#3287 = CARTESIAN_POINT('',(0.,0.,8.));
#3288 = DIRECTION('',(0.,0.,1.));
#3289 = DIRECTION('',(1.,0.,0.));
#3290 = CYLINDRICAL_SURFACE('',#3291,59.);
#3291 = AXIS2_PLACEMENT_3D('',#3292,#3293,#3294);
#3292 = CARTESIAN_POINT('',(0.,0.,0.));
#3293 = DIRECTION('',(-0.,-0.,-1.));
#3294 = DIRECTION('',(1.,0.,0.));
#3295 = ADVANCED_FACE('',(#3296),#3315,.F.);
#3296 = FACE_BOUND('',#3297,.T.);
#3297 = EDGE_LOOP('',(#3298,#3306,#3313,#3314));
#3298 = ORIENTED_EDGE('',*,*,#3299,.F.);
#3299 = EDGE_CURVE('',#3300,#2355,#3302,.T.);
#3300 = VERTEX_POINT('',#3301);
#3301 = CARTESIAN_POINT('',(33.978713763748,-24.68698059628,8.));
#3302 = LINE('',#3303,#3304);
#3303 = CARTESIAN_POINT('',(33.978713763748,-24.68698059628,8.));
#3304 = VECTOR('',#3305,1.);
#3305 = DIRECTION('',(-0.,0.,-1.));
#3306 = ORIENTED_EDGE('',*,*,#3307,.T.);
#3307 = EDGE_CURVE('',#3300,#3300,#3308,.T.);
#3308 = CIRCLE('',#3309,7.5);
#3309 = AXIS2_PLACEMENT_3D('',#3310,#3311,#3312);
#3310 = CARTESIAN_POINT('',(40.04634122156,-29.09536998847,8.));
#3311 = DIRECTION('',(0.,0.,1.));
#3312 = DIRECTION('',(-0.809016994375,0.587785252292,0.));
#3313 = ORIENTED_EDGE('',*,*,#3299,.T.);
#3314 = ORIENTED_EDGE('',*,*,#2354,.F.);
#3315 = CYLINDRICAL_SURFACE('',#3316,7.5);
#3316 = AXIS2_PLACEMENT_3D('',#3317,#3318,#3319);
#3317 = CARTESIAN_POINT('',(40.04634122156,-29.09536998847,8.));
#3318 = DIRECTION('',(0.,0.,-1.));
#3319 = DIRECTION('',(-0.809016994375,0.587785252292,0.));
#3320 = ADVANCED_FACE('',(#3321),#3340,.F.);
#3321 = FACE_BOUND('',#3322,.T.);
#3322 = EDGE_LOOP('',(#3323,#3331,#3338,#3339));
#3323 = ORIENTED_EDGE('',*,*,#3324,.F.);
#3324 = EDGE_CURVE('',#3325,#2375,#3327,.T.);
#3325 = VERTEX_POINT('',#3326);
#3326 = CARTESIAN_POINT('',(-12.97871376374,-39.94437368439,8.));
#3327 = LINE('',#3328,#3329);
#3328 = CARTESIAN_POINT('',(-12.97871376374,-39.94437368439,8.));
#3329 = VECTOR('',#3330,1.);
#3330 = DIRECTION('',(0.,0.,-1.));
#3331 = ORIENTED_EDGE('',*,*,#3332,.T.);
#3332 = EDGE_CURVE('',#3325,#3325,#3333,.T.);
#3333 = CIRCLE('',#3334,7.5);
#3334 = AXIS2_PLACEMENT_3D('',#3335,#3336,#3337);
#3335 = CARTESIAN_POINT('',(-15.29634122156,-47.07729755661,8.));
#3336 = DIRECTION('',(0.,-0.,1.));
#3337 = DIRECTION('',(0.309016994375,0.951056516295,0.));
#3338 = ORIENTED_EDGE('',*,*,#3324,.T.);
#3339 = ORIENTED_EDGE('',*,*,#2374,.F.);
#3340 = CYLINDRICAL_SURFACE('',#3341,7.5);
#3341 = AXIS2_PLACEMENT_3D('',#3342,#3343,#3344);
#3342 = CARTESIAN_POINT('',(-15.29634122156,-47.07729755661,8.));
#3343 = DIRECTION('',(0.,-0.,-1.));
#3344 = DIRECTION('',(0.309016994375,0.951056516295,0.));
#3345 = ADVANCED_FACE('',(#3346),#3365,.F.);
#3346 = FACE_BOUND('',#3347,.T.);
#3347 = EDGE_LOOP('',(#3348,#3356,#3363,#3364));
#3348 = ORIENTED_EDGE('',*,*,#3349,.F.);
#3349 = EDGE_CURVE('',#3350,#2395,#3352,.T.);
#3350 = VERTEX_POINT('',#3351);
#3351 = CARTESIAN_POINT('',(-42.,0.,8.));
#3352 = LINE('',#3353,#3354);
#3353 = CARTESIAN_POINT('',(-42.,0.,8.));
#3354 = VECTOR('',#3355,1.);
#3355 = DIRECTION('',(0.,0.,-1.));
#3356 = ORIENTED_EDGE('',*,*,#3357,.T.);
#3357 = EDGE_CURVE('',#3350,#3350,#3358,.T.);
#3358 = CIRCLE('',#3359,7.5);
#3359 = AXIS2_PLACEMENT_3D('',#3360,#3361,#3362);
#3360 = CARTESIAN_POINT('',(-49.5,0.,8.));
#3361 = DIRECTION('',(0.,0.,1.));
#3362 = DIRECTION('',(1.,0.,0.));
#3363 = ORIENTED_EDGE('',*,*,#3349,.T.);
#3364 = ORIENTED_EDGE('',*,*,#2394,.F.);
#3365 = CYLINDRICAL_SURFACE('',#3366,7.5);
#3366 = AXIS2_PLACEMENT_3D('',#3367,#3368,#3369);
#3367 = CARTESIAN_POINT('',(-49.5,0.,8.));
#3368 = DIRECTION('',(-0.,-0.,-1.));
#3369 = DIRECTION('',(1.,0.,0.));
#3370 = ADVANCED_FACE('',(#3371),#3390,.F.);
#3371 = FACE_BOUND('',#3372,.T.);
#3372 = EDGE_LOOP('',(#3373,#3381,#3388,#3389));
#3373 = ORIENTED_EDGE('',*,*,#3374,.F.);
#3374 = EDGE_CURVE('',#3375,#2595,#3377,.T.);
#3375 = VERTEX_POINT('',#3376);
#3376 = CARTESIAN_POINT('',(33.978713763748,24.686980596284,8.));
#3377 = LINE('',#3378,#3379);
#3378 = CARTESIAN_POINT('',(33.978713763748,24.686980596284,8.));
#3379 = VECTOR('',#3380,1.);
#3380 = DIRECTION('',(0.,-0.,-1.));
#3381 = ORIENTED_EDGE('',*,*,#3382,.T.);
#3382 = EDGE_CURVE('',#3375,#3375,#3383,.T.);
#3383 = CIRCLE('',#3384,7.5);
#3384 = AXIS2_PLACEMENT_3D('',#3385,#3386,#3387);
#3385 = CARTESIAN_POINT('',(40.04634122156,29.095369988477,8.));
#3386 = DIRECTION('',(0.,0.,1.));
#3387 = DIRECTION('',(-0.809016994375,-0.587785252292,0.));
#3388 = ORIENTED_EDGE('',*,*,#3374,.T.);
#3389 = ORIENTED_EDGE('',*,*,#2594,.F.);
#3390 = CYLINDRICAL_SURFACE('',#3391,7.5);
#3391 = AXIS2_PLACEMENT_3D('',#3392,#3393,#3394);
#3392 = CARTESIAN_POINT('',(40.04634122156,29.095369988477,8.));
#3393 = DIRECTION('',(0.,0.,-1.));
#3394 = DIRECTION('',(-0.809016994375,-0.587785252292,0.));
#3395 = ADVANCED_FACE('',(#3396),#3415,.F.);
#3396 = FACE_BOUND('',#3397,.T.);
#3397 = EDGE_LOOP('',(#3398,#3406,#3413,#3414));
#3398 = ORIENTED_EDGE('',*,*,#3399,.F.);
#3399 = EDGE_CURVE('',#3400,#2615,#3402,.T.);
#3400 = VERTEX_POINT('',#3401);
#3401 = CARTESIAN_POINT('',(-12.97871376374,39.944373684396,8.));
#3402 = LINE('',#3403,#3404);
#3403 = CARTESIAN_POINT('',(-12.97871376374,39.944373684396,8.));
#3404 = VECTOR('',#3405,1.);
#3405 = DIRECTION('',(0.,0.,-1.));
#3406 = ORIENTED_EDGE('',*,*,#3407,.T.);
#3407 = EDGE_CURVE('',#3400,#3400,#3408,.T.);
#3408 = CIRCLE('',#3409,7.5);
#3409 = AXIS2_PLACEMENT_3D('',#3410,#3411,#3412);
#3410 = CARTESIAN_POINT('',(-15.29634122156,47.07729755661,8.));
#3411 = DIRECTION('',(-0.,0.,1.));
#3412 = DIRECTION('',(0.309016994375,-0.951056516295,0.));
#3413 = ORIENTED_EDGE('',*,*,#3399,.T.);
#3414 = ORIENTED_EDGE('',*,*,#2614,.F.);
#3415 = CYLINDRICAL_SURFACE('',#3416,7.5);
#3416 = AXIS2_PLACEMENT_3D('',#3417,#3418,#3419);
#3417 = CARTESIAN_POINT('',(-15.29634122156,47.07729755661,8.));
#3418 = DIRECTION('',(-0.,0.,-1.));
#3419 = DIRECTION('',(0.309016994375,-0.951056516295,0.));
#3420 = ADVANCED_FACE('',(#3421),#3441,.F.);
#3421 = FACE_BOUND('',#3422,.F.);
#3422 = EDGE_LOOP('',(#3423,#3431,#3432,#3433,#3434));
#3423 = ORIENTED_EDGE('',*,*,#3424,.T.);
#3424 = EDGE_CURVE('',#3425,#2636,#3427,.T.);
#3425 = VERTEX_POINT('',#3426);
#3426 = CARTESIAN_POINT('',(46.026610103823,1.087978258925E-14,
    41.462403302782));
#3427 = LINE('',#3428,#3429);
#3428 = CARTESIAN_POINT('',(49.073832137801,9.724119632215E-15,
    43.793541552148));
#3429 = VECTOR('',#3430,1.);
#3430 = DIRECTION('',(-0.794243414272,-1.349142359685E-16,
    -0.607599702835));
#3431 = ORIENTED_EDGE('',*,*,#2944,.F.);
#3432 = ORIENTED_EDGE('',*,*,#2643,.F.);
#3433 = ORIENTED_EDGE('',*,*,#3424,.F.);
#3434 = ORIENTED_EDGE('',*,*,#3435,.T.);
#3435 = EDGE_CURVE('',#3425,#3425,#3436,.T.);
#3436 = CIRCLE('',#3437,13.663365060105);
#3437 = AXIS2_PLACEMENT_3D('',#3438,#3439,#3440);
#3438 = CARTESIAN_POINT('',(40.816346494811,1.201113550514E-14,
    54.093345385236));
#3439 = DIRECTION('',(-0.924438601098,-8.467247413277E-17,
    -0.381330922953));
#3440 = DIRECTION('',(0.381330922953,-2.052666039582E-16,-0.924438601098
    ));
#3441 = CONICAL_SURFACE('',#3442,12.670370868555,0.261799387799);
#3442 = AXIS2_PLACEMENT_3D('',#3443,#3444,#3445);
#3443 = CARTESIAN_POINT('',(44.24222792034,1.232492363129E-14,
    55.506521473266));
#3444 = DIRECTION('',(-0.924438601098,-8.467247413277E-17,
    -0.381330922953));
#3445 = DIRECTION('',(0.381330922953,-2.052666039582E-16,-0.924438601098
    ));
#3446 = ADVANCED_FACE('',(#3447),#3467,.T.);
#3447 = FACE_BOUND('',#3448,.T.);
#3448 = EDGE_LOOP('',(#3449,#3450,#3459,#3466));
#3449 = ORIENTED_EDGE('',*,*,#2922,.F.);
#3450 = ORIENTED_EDGE('',*,*,#3451,.T.);
#3451 = EDGE_CURVE('',#2923,#3452,#3454,.T.);
#3452 = VERTEX_POINT('',#3453);
#3453 = CARTESIAN_POINT('',(10.,0.,80.));
#3454 = CIRCLE('',#3455,5.);
#3455 = AXIS2_PLACEMENT_3D('',#3456,#3457,#3458);
#3456 = CARTESIAN_POINT('',(15.,-3.673940397442E-15,80.));
#3457 = DIRECTION('',(2.449293598295E-16,1.,0.));
#3458 = DIRECTION('',(1.,-2.449293598295E-16,0.));
#3459 = ORIENTED_EDGE('',*,*,#3460,.T.);
#3460 = EDGE_CURVE('',#3452,#3452,#3461,.T.);
#3461 = CIRCLE('',#3462,10.);
#3462 = AXIS2_PLACEMENT_3D('',#3463,#3464,#3465);
#3463 = CARTESIAN_POINT('',(0.,0.,80.));
#3464 = DIRECTION('',(0.,0.,1.));
#3465 = DIRECTION('',(1.,0.,0.));
#3466 = ORIENTED_EDGE('',*,*,#3451,.F.);
#3467 = TOROIDAL_SURFACE('',#3468,15.,5.);
#3468 = AXIS2_PLACEMENT_3D('',#3469,#3470,#3471);
#3469 = CARTESIAN_POINT('',(0.,0.,80.));
#3470 = DIRECTION('',(-0.,-0.,-1.));
#3471 = DIRECTION('',(1.,0.,0.));
#3472 = ADVANCED_FACE('',(#3473,#3486,#3489,#3670,#3673,#3676,#3679),
  #3682,.F.);
#3473 = FACE_BOUND('',#3474,.F.);
#3474 = EDGE_LOOP('',(#3475,#3476,#3477,#3478,#3479,#3480,#3481,#3482,
    #3483,#3484,#3485));
#3475 = ORIENTED_EDGE('',*,*,#3284,.F.);
#3476 = ORIENTED_EDGE('',*,*,#3275,.F.);
#3477 = ORIENTED_EDGE('',*,*,#3266,.F.);
#3478 = ORIENTED_EDGE('',*,*,#3257,.F.);
#3479 = ORIENTED_EDGE('',*,*,#3248,.F.);
#3480 = ORIENTED_EDGE('',*,*,#3239,.F.);
#3481 = ORIENTED_EDGE('',*,*,#3230,.F.);
#3482 = ORIENTED_EDGE('',*,*,#3221,.F.);
#3483 = ORIENTED_EDGE('',*,*,#3212,.F.);
#3484 = ORIENTED_EDGE('',*,*,#3203,.F.);
#3485 = ORIENTED_EDGE('',*,*,#3194,.F.);
#3486 = FACE_BOUND('',#3487,.F.);
#3487 = EDGE_LOOP('',(#3488));
#3488 = ORIENTED_EDGE('',*,*,#3307,.T.);
#3489 = FACE_BOUND('',#3490,.F.);
#3490 = EDGE_LOOP('',(#3491,#3501,#3510,#3518,#3527,#3535,#3544,#3552,
    #3561,#3569,#3578,#3586,#3595,#3603,#3612,#3620,#3629,#3637,#3646,
    #3654,#3663));
#3491 = ORIENTED_EDGE('',*,*,#3492,.F.);
#3492 = EDGE_CURVE('',#3493,#3495,#3497,.T.);
#3493 = VERTEX_POINT('',#3494);
#3494 = CARTESIAN_POINT('',(40.046341221559,19.595369988474,8.));
#3495 = VERTEX_POINT('',#3496);
#3496 = CARTESIAN_POINT('',(48.921482755686,19.595369988472,8.));
#3497 = LINE('',#3498,#3499);
#3498 = CARTESIAN_POINT('',(40.046341221559,19.595369988472,8.));
#3499 = VECTOR('',#3500,1.);
#3500 = DIRECTION('',(1.,-1.110223024625E-16,0.));
#3501 = ORIENTED_EDGE('',*,*,#3502,.F.);
#3502 = EDGE_CURVE('',#3503,#3493,#3505,.T.);
#3503 = VERTEX_POINT('',#3504);
#3504 = CARTESIAN_POINT('',(31.011304316754,32.031031435038,8.));
#3505 = CIRCLE('',#3506,9.5);
#3506 = AXIS2_PLACEMENT_3D('',#3507,#3508,#3509);
#3507 = CARTESIAN_POINT('',(40.04634122156,29.095369988477,8.));
#3508 = DIRECTION('',(0.,0.,1.));
#3509 = DIRECTION('',(-0.809016994375,-0.587785252292,0.));
#3510 = ORIENTED_EDGE('',*,*,#3511,.T.);
#3511 = EDGE_CURVE('',#3503,#3512,#3514,.T.);
#3512 = VERTEX_POINT('',#3513);
#3513 = CARTESIAN_POINT('',(33.753873878281,40.471792624112,8.));
#3514 = LINE('',#3515,#3516);
#3515 = CARTESIAN_POINT('',(31.011304316753,32.031031435037,8.));
#3516 = VECTOR('',#3517,1.);
#3517 = DIRECTION('',(0.309016994375,0.951056516295,0.));
#3518 = ORIENTED_EDGE('',*,*,#3519,.T.);
#3519 = EDGE_CURVE('',#3512,#3520,#3522,.T.);
#3520 = VERTEX_POINT('',#3521);
#3521 = CARTESIAN_POINT('',(-3.518734755224,52.582397299118,8.));
#3522 = CIRCLE('',#3523,52.7);
#3523 = AXIS2_PLACEMENT_3D('',#3524,#3525,#3526);
#3524 = CARTESIAN_POINT('',(0.,0.,8.));
#3525 = DIRECTION('',(0.,0.,1.));
#3526 = DIRECTION('',(1.,0.,0.));
#3527 = ORIENTED_EDGE('',*,*,#3528,.F.);
#3528 = EDGE_CURVE('',#3529,#3520,#3531,.T.);
#3529 = VERTEX_POINT('',#3530);
#3530 = CARTESIAN_POINT('',(-6.261304316753,44.141636110047,8.));
#3531 = LINE('',#3532,#3533);
#3532 = CARTESIAN_POINT('',(-6.261304316751,44.141636110046,8.));
#3533 = VECTOR('',#3534,1.);
#3534 = DIRECTION('',(0.309016994375,0.951056516295,0.));
#3535 = ORIENTED_EDGE('',*,*,#3536,.F.);
#3536 = EDGE_CURVE('',#3537,#3529,#3539,.T.);
#3537 = VERTEX_POINT('',#3538);
#3538 = CARTESIAN_POINT('',(-20.88030111833,39.391636110046,8.));
#3539 = CIRCLE('',#3540,9.5);
#3540 = AXIS2_PLACEMENT_3D('',#3541,#3542,#3543);
#3541 = CARTESIAN_POINT('',(-15.29634122156,47.07729755661,8.));
#3542 = DIRECTION('',(-0.,0.,1.));
#3543 = DIRECTION('',(0.309016994375,-0.951056516295,0.));
#3544 = ORIENTED_EDGE('',*,*,#3545,.T.);
#3545 = EDGE_CURVE('',#3537,#3546,#3548,.T.);
#3546 = VERTEX_POINT('',#3547);
#3547 = CARTESIAN_POINT('',(-28.06044144693,44.608313415813,8.));
#3548 = LINE('',#3549,#3550);
#3549 = CARTESIAN_POINT('',(-20.88030111833,39.391636110044,8.));
#3550 = VECTOR('',#3551,1.);
#3551 = DIRECTION('',(-0.809016994375,0.587785252292,0.));
#3552 = ORIENTED_EDGE('',*,*,#3553,.T.);
#3553 = EDGE_CURVE('',#3546,#3554,#3556,.T.);
#3554 = VERTEX_POINT('',#3555);
#3555 = CARTESIAN_POINT('',(-51.0961804318,12.902338752334,8.));
#3556 = CIRCLE('',#3557,52.7);
#3557 = AXIS2_PLACEMENT_3D('',#3558,#3559,#3560);
#3558 = CARTESIAN_POINT('',(0.,0.,8.));
#3559 = DIRECTION('',(0.,0.,1.));
#3560 = DIRECTION('',(1.,0.,0.));
#3561 = ORIENTED_EDGE('',*,*,#3562,.F.);
#3562 = EDGE_CURVE('',#3563,#3554,#3565,.T.);
#3563 = VERTEX_POINT('',#3564);
#3564 = CARTESIAN_POINT('',(-43.91604010321,7.685661446564,8.));
#3565 = LINE('',#3566,#3567);
#3566 = CARTESIAN_POINT('',(-43.91604010321,7.685661446566,8.));
#3567 = VECTOR('',#3568,1.);
#3568 = DIRECTION('',(-0.809016994375,0.587785252292,0.));
#3569 = ORIENTED_EDGE('',*,*,#3570,.F.);
#3570 = EDGE_CURVE('',#3571,#3563,#3573,.T.);
#3571 = VERTEX_POINT('',#3572);
#3572 = CARTESIAN_POINT('',(-43.91604010321,-7.685661446562,8.));
#3573 = CIRCLE('',#3574,9.5);
#3574 = AXIS2_PLACEMENT_3D('',#3575,#3576,#3577);
#3575 = CARTESIAN_POINT('',(-49.5,3.592920162372E-23,8.));
#3576 = DIRECTION('',(0.,0.,1.));
#3577 = DIRECTION('',(1.,0.,0.));
#3578 = ORIENTED_EDGE('',*,*,#3579,.T.);
#3579 = EDGE_CURVE('',#3571,#3580,#3582,.T.);
#3580 = VERTEX_POINT('',#3581);
#3581 = CARTESIAN_POINT('',(-51.09618043181,-12.90233875233,8.));
#3582 = LINE('',#3583,#3584);
#3583 = CARTESIAN_POINT('',(-43.91604010321,-7.685661446562,8.));
#3584 = VECTOR('',#3585,1.);
#3585 = DIRECTION('',(-0.809016994375,-0.587785252293,0.));
#3586 = ORIENTED_EDGE('',*,*,#3587,.T.);
#3587 = EDGE_CURVE('',#3580,#3588,#3590,.T.);
#3588 = VERTEX_POINT('',#3589);
#3589 = CARTESIAN_POINT('',(-28.06044144693,-44.60831341581,8.));
#3590 = CIRCLE('',#3591,52.7);
#3591 = AXIS2_PLACEMENT_3D('',#3592,#3593,#3594);
#3592 = CARTESIAN_POINT('',(0.,0.,8.));
#3593 = DIRECTION('',(0.,0.,1.));
#3594 = DIRECTION('',(1.,0.,0.));
#3595 = ORIENTED_EDGE('',*,*,#3596,.F.);
#3596 = EDGE_CURVE('',#3597,#3588,#3599,.T.);
#3597 = VERTEX_POINT('',#3598);
#3598 = CARTESIAN_POINT('',(-20.88030111834,-39.39163611004,8.));
#3599 = LINE('',#3600,#3601);
#3600 = CARTESIAN_POINT('',(-20.88030111834,-39.39163611004,8.));
#3601 = VECTOR('',#3602,1.);
#3602 = DIRECTION('',(-0.809016994375,-0.587785252292,0.));
#3603 = ORIENTED_EDGE('',*,*,#3604,.F.);
#3604 = EDGE_CURVE('',#3605,#3597,#3607,.T.);
#3605 = VERTEX_POINT('',#3606);
#3606 = CARTESIAN_POINT('',(-6.261304316756,-44.14163611004,8.));
#3607 = CIRCLE('',#3608,9.5);
#3608 = AXIS2_PLACEMENT_3D('',#3609,#3610,#3611);
#3609 = CARTESIAN_POINT('',(-15.29634122156,-47.07729755661,8.));
#3610 = DIRECTION('',(0.,-0.,1.));
#3611 = DIRECTION('',(0.309016994375,0.951056516295,0.));
#3612 = ORIENTED_EDGE('',*,*,#3613,.T.);
#3613 = EDGE_CURVE('',#3605,#3614,#3616,.T.);
#3614 = VERTEX_POINT('',#3615);
#3615 = CARTESIAN_POINT('',(-3.518734755227,-52.58239729911,8.));
#3616 = LINE('',#3617,#3618);
#3617 = CARTESIAN_POINT('',(-6.261304316755,-44.14163611004,8.));
#3618 = VECTOR('',#3619,1.);
#3619 = DIRECTION('',(0.309016994375,-0.951056516295,0.));
#3620 = ORIENTED_EDGE('',*,*,#3621,.T.);
#3621 = EDGE_CURVE('',#3614,#3622,#3624,.T.);
#3622 = VERTEX_POINT('',#3623);
#3623 = CARTESIAN_POINT('',(33.753873878278,-40.47179262411,8.));
#3624 = CIRCLE('',#3625,52.7);
#3625 = AXIS2_PLACEMENT_3D('',#3626,#3627,#3628);
#3626 = CARTESIAN_POINT('',(0.,0.,8.));
#3627 = DIRECTION('',(0.,0.,1.));
#3628 = DIRECTION('',(1.,0.,0.));
#3629 = ORIENTED_EDGE('',*,*,#3630,.F.);
#3630 = EDGE_CURVE('',#3631,#3622,#3633,.T.);
#3631 = VERTEX_POINT('',#3632);
#3632 = CARTESIAN_POINT('',(31.011304316753,-32.03103143504,8.));
#3633 = LINE('',#3634,#3635);
#3634 = CARTESIAN_POINT('',(31.01130431675,-32.03103143504,8.));
#3635 = VECTOR('',#3636,1.);
#3636 = DIRECTION('',(0.309016994375,-0.951056516295,0.));
#3637 = ORIENTED_EDGE('',*,*,#3638,.F.);
#3638 = EDGE_CURVE('',#3639,#3631,#3641,.T.);
#3639 = VERTEX_POINT('',#3640);
#3640 = CARTESIAN_POINT('',(40.046341221558,-19.59536998847,8.));
#3641 = CIRCLE('',#3642,9.5);
#3642 = AXIS2_PLACEMENT_3D('',#3643,#3644,#3645);
#3643 = CARTESIAN_POINT('',(40.04634122156,-29.09536998847,8.));
#3644 = DIRECTION('',(0.,0.,1.));
#3645 = DIRECTION('',(-0.809016994375,0.587785252292,0.));
#3646 = ORIENTED_EDGE('',*,*,#3647,.T.);
#3647 = EDGE_CURVE('',#3639,#3648,#3650,.T.);
#3648 = VERTEX_POINT('',#3649);
#3649 = CARTESIAN_POINT('',(48.921482755684,-19.59536998847,8.));
#3650 = LINE('',#3651,#3652);
#3651 = CARTESIAN_POINT('',(40.046341221556,-19.59536998847,8.));
#3652 = VECTOR('',#3653,1.);
#3653 = DIRECTION('',(1.,9.059419880941E-14,0.));
#3654 = ORIENTED_EDGE('',*,*,#3655,.T.);
#3655 = EDGE_CURVE('',#3648,#3656,#3658,.T.);
#3656 = VERTEX_POINT('',#3657);
#3657 = CARTESIAN_POINT('',(52.7,0.,8.));
#3658 = CIRCLE('',#3659,52.7);
#3659 = AXIS2_PLACEMENT_3D('',#3660,#3661,#3662);
#3660 = CARTESIAN_POINT('',(0.,0.,8.));
#3661 = DIRECTION('',(0.,0.,1.));
#3662 = DIRECTION('',(1.,0.,0.));
#3663 = ORIENTED_EDGE('',*,*,#3664,.T.);
#3664 = EDGE_CURVE('',#3656,#3495,#3665,.T.);
#3665 = CIRCLE('',#3666,52.7);
#3666 = AXIS2_PLACEMENT_3D('',#3667,#3668,#3669);
#3667 = CARTESIAN_POINT('',(0.,0.,8.));
#3668 = DIRECTION('',(0.,0.,1.));
#3669 = DIRECTION('',(1.,0.,0.));
#3670 = FACE_BOUND('',#3671,.F.);
#3671 = EDGE_LOOP('',(#3672));
#3672 = ORIENTED_EDGE('',*,*,#3332,.T.);
#3673 = FACE_BOUND('',#3674,.F.);
#3674 = EDGE_LOOP('',(#3675));
#3675 = ORIENTED_EDGE('',*,*,#3357,.T.);
#3676 = FACE_BOUND('',#3677,.F.);
#3677 = EDGE_LOOP('',(#3678));
#3678 = ORIENTED_EDGE('',*,*,#3382,.T.);
#3679 = FACE_BOUND('',#3680,.F.);
#3680 = EDGE_LOOP('',(#3681));
#3681 = ORIENTED_EDGE('',*,*,#3407,.T.);
#3682 = PLANE('',#3683);
#3683 = AXIS2_PLACEMENT_3D('',#3684,#3685,#3686);
#3684 = CARTESIAN_POINT('',(-1.483324889534E-15,3.524827519814E-15,8.));
#3685 = DIRECTION('',(-0.,-0.,-1.));
#3686 = DIRECTION('',(-1.,0.,0.));
#3687 = ADVANCED_FACE('',(#3688,#3691,#3729,#3767),#3805,.F.);
#3688 = FACE_BOUND('',#3689,.F.);
#3689 = EDGE_LOOP('',(#3690));
#3690 = ORIENTED_EDGE('',*,*,#3435,.F.);
#3691 = FACE_BOUND('',#3692,.F.);
#3692 = EDGE_LOOP('',(#3693,#3704,#3713,#3722));
#3693 = ORIENTED_EDGE('',*,*,#3694,.F.);
#3694 = EDGE_CURVE('',#3695,#3697,#3699,.T.);
#3695 = VERTEX_POINT('',#3696);
#3696 = CARTESIAN_POINT('',(44.720946558418,-7.169705454336,
    44.627648261339));
#3697 = VERTEX_POINT('',#3698);
#3698 = CARTESIAN_POINT('',(44.720946558392,7.169705454432,
    44.627648261401));
#3699 = CIRCLE('',#3700,12.5);
#3700 = AXIS2_PLACEMENT_3D('',#3701,#3702,#3703);
#3701 = CARTESIAN_POINT('',(40.816346494811,1.777241243652E-14,
    54.093345385236));
#3702 = DIRECTION('',(0.924438601098,-2.052666039582E-16,0.381330922953)
  );
#3703 = DIRECTION('',(2.22044604925E-16,1.,0.));
#3704 = ORIENTED_EDGE('',*,*,#3705,.F.);
#3705 = EDGE_CURVE('',#3706,#3695,#3708,.T.);
#3706 = VERTEX_POINT('',#3707);
#3707 = CARTESIAN_POINT('',(43.159106532975,-4.301823272602,
    48.413927110897));
#3708 = CIRCLE('',#3709,2.5);
#3709 = AXIS2_PLACEMENT_3D('',#3710,#3711,#3712);
#3710 = CARTESIAN_POINT('',(43.940026545697,-5.735764363469,
    46.520787686118));
#3711 = DIRECTION('',(0.924438601098,-2.052666039582E-16,0.381330922953)
  );
#3712 = DIRECTION('',(2.22044604925E-16,1.,0.));
#3713 = ORIENTED_EDGE('',*,*,#3714,.T.);
#3714 = EDGE_CURVE('',#3706,#3715,#3717,.T.);
#3715 = VERTEX_POINT('',#3716);
#3716 = CARTESIAN_POINT('',(43.159106532961,4.301823272656,
    48.413927110933));
#3717 = CIRCLE('',#3718,7.5);
#3718 = AXIS2_PLACEMENT_3D('',#3719,#3720,#3721);
#3719 = CARTESIAN_POINT('',(40.816346494811,1.777241243652E-14,
    54.093345385236));
#3720 = DIRECTION('',(0.924438601098,-2.052666039582E-16,0.381330922953)
  );
#3721 = DIRECTION('',(2.22044604925E-16,1.,0.));
#3722 = ORIENTED_EDGE('',*,*,#3723,.F.);
#3723 = EDGE_CURVE('',#3697,#3715,#3724,.T.);
#3724 = CIRCLE('',#3725,2.5);
#3725 = AXIS2_PLACEMENT_3D('',#3726,#3727,#3728);
#3726 = CARTESIAN_POINT('',(43.940026545677,5.735764363545,
    46.520787686167));
#3727 = DIRECTION('',(0.924438601098,-2.052666039582E-16,0.381330922953)
  );
#3728 = DIRECTION('',(2.22044604925E-16,1.,0.));
#3729 = FACE_BOUND('',#3730,.F.);
#3730 = EDGE_LOOP('',(#3731,#3742,#3751,#3760));
#3731 = ORIENTED_EDGE('',*,*,#3732,.F.);
#3732 = EDGE_CURVE('',#3733,#3735,#3737,.T.);
#3733 = VERTEX_POINT('',#3734);
#3734 = CARTESIAN_POINT('',(41.231786242569,12.452433726153,
    53.086218724003));
#3735 = VERTEX_POINT('',#3736);
#3736 = CARTESIAN_POINT('',(36.496306683426,5.28272827171,
    64.566169170411));
#3737 = CIRCLE('',#3738,12.5);
#3738 = AXIS2_PLACEMENT_3D('',#3739,#3740,#3741);
#3739 = CARTESIAN_POINT('',(40.816346494811,2.13162820728E-14,
    54.093345385236));
#3740 = DIRECTION('',(0.924438601098,-3.608224830032E-16,0.381330922953)
  );
#3741 = DIRECTION('',(-0.330242266526,-0.5,0.80058731279));
#3742 = ORIENTED_EDGE('',*,*,#3743,.F.);
#3743 = EDGE_CURVE('',#3744,#3733,#3746,.T.);
#3744 = VERTEX_POINT('',#3745);
#3745 = CARTESIAN_POINT('',(41.065610343466,7.471460235692,
    53.489069388496));
#3746 = CIRCLE('',#3747,2.5);
#3747 = AXIS2_PLACEMENT_3D('',#3748,#3749,#3750);
#3748 = CARTESIAN_POINT('',(41.148698293018,9.961946980923,
    53.287644056249));
#3749 = DIRECTION('',(0.924438601098,-3.608224830032E-16,0.381330922953)
  );
#3750 = DIRECTION('',(-0.330242266526,-0.5,0.80058731279));
#3751 = ORIENTED_EDGE('',*,*,#3752,.T.);
#3752 = EDGE_CURVE('',#3744,#3753,#3755,.T.);
#3753 = VERTEX_POINT('',#3754);
#3754 = CARTESIAN_POINT('',(38.22432260798,3.169636963029,
    60.377039656339));
#3755 = CIRCLE('',#3756,7.5);
#3756 = AXIS2_PLACEMENT_3D('',#3757,#3758,#3759);
#3757 = CARTESIAN_POINT('',(40.816346494811,2.13162820728E-14,
    54.093345385236));
#3758 = DIRECTION('',(0.924438601098,-3.608224830032E-16,0.381330922953)
  );
#3759 = DIRECTION('',(-0.330242266526,-0.5,0.80058731279));
#3760 = ORIENTED_EDGE('',*,*,#3761,.F.);
#3761 = EDGE_CURVE('',#3735,#3753,#3762,.T.);
#3762 = CIRCLE('',#3763,2.5);
#3763 = AXIS2_PLACEMENT_3D('',#3764,#3765,#3766);
#3764 = CARTESIAN_POINT('',(37.360314645703,4.22618261737,
    62.471604413375));
#3765 = DIRECTION('',(0.924438601098,-3.608224830032E-16,0.381330922953)
  );
#3766 = DIRECTION('',(-0.330242266526,-0.5,0.80058731279));
#3767 = FACE_BOUND('',#3768,.F.);
#3768 = EDGE_LOOP('',(#3769,#3780,#3789,#3798));
#3769 = ORIENTED_EDGE('',*,*,#3770,.F.);
#3770 = EDGE_CURVE('',#3771,#3773,#3775,.T.);
#3771 = VERTEX_POINT('',#3772);
#3772 = CARTESIAN_POINT('',(36.496306683445,-5.282728271817,
    64.566169170365));
#3773 = VERTEX_POINT('',#3774);
#3774 = CARTESIAN_POINT('',(41.231786242614,-12.45243372614,
    53.086218723895));
#3775 = CIRCLE('',#3776,12.5);
#3776 = AXIS2_PLACEMENT_3D('',#3777,#3778,#3779);
#3777 = CARTESIAN_POINT('',(40.816346494811,7.105427357601E-15,
    54.093345385236));
#3778 = DIRECTION('',(0.924438601098,-2.498001805407E-16,0.381330922953)
  );
#3779 = DIRECTION('',(0.330242266526,-0.5,-0.80058731279));
#3780 = ORIENTED_EDGE('',*,*,#3781,.F.);
#3781 = EDGE_CURVE('',#3782,#3771,#3784,.T.);
#3782 = VERTEX_POINT('',#3783);
#3783 = CARTESIAN_POINT('',(38.224322607991,-3.16963696309,
    60.377039656313));
#3784 = CIRCLE('',#3785,2.5);
#3785 = AXIS2_PLACEMENT_3D('',#3786,#3787,#3788);
#3786 = CARTESIAN_POINT('',(37.360314645718,-4.226182617453,
    62.471604413339));
#3787 = DIRECTION('',(0.924438601098,-2.498001805407E-16,0.381330922953)
  );
#3788 = DIRECTION('',(0.330242266526,-0.5,-0.80058731279));
#3789 = ORIENTED_EDGE('',*,*,#3790,.T.);
#3790 = EDGE_CURVE('',#3782,#3791,#3793,.T.);
#3791 = VERTEX_POINT('',#3792);
#3792 = CARTESIAN_POINT('',(41.065610343491,-7.471460235686,
    53.489069388435));
#3793 = CIRCLE('',#3794,7.5);
#3794 = AXIS2_PLACEMENT_3D('',#3795,#3796,#3797);
#3795 = CARTESIAN_POINT('',(40.816346494811,7.105427357601E-15,
    54.093345385236));
#3796 = DIRECTION('',(0.924438601098,-2.498001805407E-16,0.381330922953)
  );
#3797 = DIRECTION('',(0.330242266526,-0.5,-0.80058731279));
#3798 = ORIENTED_EDGE('',*,*,#3799,.F.);
#3799 = EDGE_CURVE('',#3773,#3791,#3800,.T.);
#3800 = CIRCLE('',#3801,2.5);
#3801 = AXIS2_PLACEMENT_3D('',#3802,#3803,#3804);
#3802 = CARTESIAN_POINT('',(41.148698293053,-9.961946980914,
    53.287644056164));
#3803 = DIRECTION('',(0.924438601098,-2.498001805407E-16,0.381330922953)
  );
#3804 = DIRECTION('',(0.330242266526,-0.5,-0.80058731279));
#3805 = PLANE('',#3806);
#3806 = AXIS2_PLACEMENT_3D('',#3807,#3808,#3809);
#3807 = CARTESIAN_POINT('',(40.816346494811,1.201113550514E-14,
    54.093345385236));
#3808 = DIRECTION('',(0.924438601098,8.467247413277E-17,0.381330922953)
  );
#3809 = DIRECTION('',(-0.381330922953,2.052666039582E-16,0.924438601098)
  );
#3810 = ADVANCED_FACE('',(#3811),#3830,.F.);
#3811 = FACE_BOUND('',#3812,.T.);
#3812 = EDGE_LOOP('',(#3813,#3821,#3822,#3823));
#3813 = ORIENTED_EDGE('',*,*,#3814,.F.);
#3814 = EDGE_CURVE('',#3452,#3815,#3817,.T.);
#3815 = VERTEX_POINT('',#3816);
#3816 = CARTESIAN_POINT('',(10.,0.,92.));
#3817 = LINE('',#3818,#3819);
#3818 = CARTESIAN_POINT('',(10.,0.,80.));
#3819 = VECTOR('',#3820,1.);
#3820 = DIRECTION('',(0.,0.,1.));
#3821 = ORIENTED_EDGE('',*,*,#3460,.F.);
#3822 = ORIENTED_EDGE('',*,*,#3814,.T.);
#3823 = ORIENTED_EDGE('',*,*,#3824,.T.);
#3824 = EDGE_CURVE('',#3815,#3815,#3825,.T.);
#3825 = CIRCLE('',#3826,10.);
#3826 = AXIS2_PLACEMENT_3D('',#3827,#3828,#3829);
#3827 = CARTESIAN_POINT('',(0.,0.,92.));
#3828 = DIRECTION('',(0.,0.,1.));
#3829 = DIRECTION('',(1.,0.,0.));
#3830 = CYLINDRICAL_SURFACE('',#3831,10.);
#3831 = AXIS2_PLACEMENT_3D('',#3832,#3833,#3834);
#3832 = CARTESIAN_POINT('',(0.,0.,80.));
#3833 = DIRECTION('',(-0.,-0.,-1.));
#3834 = DIRECTION('',(1.,0.,0.));
#3835 = ADVANCED_FACE('',(#3836),#3854,.T.);
#3836 = FACE_BOUND('',#3837,.T.);
#3837 = EDGE_LOOP('',(#3838,#3839,#3847));
#3838 = ORIENTED_EDGE('',*,*,#3492,.F.);
#3839 = ORIENTED_EDGE('',*,*,#3840,.T.);
#3840 = EDGE_CURVE('',#3493,#3841,#3843,.T.);
#3841 = VERTEX_POINT('',#3842);
#3842 = CARTESIAN_POINT('',(40.046341221559,19.595369988474,
    27.676377285421));
#3843 = LINE('',#3844,#3845);
#3844 = CARTESIAN_POINT('',(40.046341221559,19.595369988474,8.));
#3845 = VECTOR('',#3846,1.);
#3846 = DIRECTION('',(0.,0.,1.));
#3847 = ORIENTED_EDGE('',*,*,#3848,.F.);
#3848 = EDGE_CURVE('',#3495,#3841,#3849,.T.);
#3849 = HYPERBOLA('',#3850,47.50392724478,19.595369988472);
#3850 = AXIS2_PLACEMENT_3D('',#3851,#3852,#3853);
#3851 = CARTESIAN_POINT('',(3.263284640587E-15,19.595369988472,
    135.75757575757));
#3852 = DIRECTION('',(1.665334536938E-16,1.,0.));
#3853 = DIRECTION('',(0.,0.,-1.));
#3854 = PLANE('',#3855);
#3855 = AXIS2_PLACEMENT_3D('',#3856,#3857,#3858);
#3856 = CARTESIAN_POINT('',(40.046341221559,19.595369988472,8.));
#3857 = DIRECTION('',(1.665334536938E-16,1.,0.));
#3858 = DIRECTION('',(1.,-1.665334536938E-16,0.));
#3859 = ADVANCED_FACE('',(#3860),#3989,.F.);
#3860 = FACE_BOUND('',#3861,.T.);
#3861 = EDGE_LOOP('',(#3862,#3863,#3871,#3927,#3988));
#3862 = ORIENTED_EDGE('',*,*,#3502,.F.);
#3863 = ORIENTED_EDGE('',*,*,#3864,.T.);
#3864 = EDGE_CURVE('',#3503,#3865,#3867,.T.);
#3865 = VERTEX_POINT('',#3866);
#3866 = CARTESIAN_POINT('',(31.011304316754,32.031031435038,
    27.676377285422));
#3867 = LINE('',#3868,#3869);
#3868 = CARTESIAN_POINT('',(31.011304316754,32.031031435038,8.));
#3869 = VECTOR('',#3870,1.);
#3870 = DIRECTION('',(0.,0.,1.));
#3871 = ORIENTED_EDGE('',*,*,#3872,.T.);
#3872 = EDGE_CURVE('',#3865,#3873,#3875,.T.);
#3873 = VERTEX_POINT('',#3874);
#3874 = CARTESIAN_POINT('',(32.360679774998,23.511410091699,
    38.787878787879));
#3875 = B_SPLINE_CURVE_WITH_KNOTS('',8,(#3876,#3877,#3878,#3879,#3880,
    #3881,#3882,#3883,#3884,#3885,#3886,#3887,#3888,#3889,#3890,#3891,
    #3892,#3893,#3894,#3895,#3896,#3897,#3898,#3899,#3900,#3901,#3902,
    #3903,#3904,#3905,#3906,#3907,#3908,#3909,#3910,#3911,#3912,#3913,
    #3914,#3915,#3916,#3917,#3918,#3919,#3920,#3921,#3922,#3923,#3924,
    #3925,#3926),.UNSPECIFIED.,.F.,.F.,(9,7,7,7,7,7,7,9),(0.,
    0.315152332984,0.581560526522,0.699288751516,0.798368677774,
    0.908213307914,0.954383228228,1.),.UNSPECIFIED.);
#3876 = CARTESIAN_POINT('',(31.011304316756,32.031031435039,
    27.676377285418));
#3877 = CARTESIAN_POINT('',(30.943137650902,31.821236009755,
    28.156723612583));
#3878 = CARTESIAN_POINT('',(30.879632598952,31.606844056344,
    28.636630933656));
#3879 = CARTESIAN_POINT('',(30.820993045189,31.387600738401,
    29.116050642064));
#3880 = CARTESIAN_POINT('',(30.767461913408,31.163208263648,
    29.594915732666));
#3881 = CARTESIAN_POINT('',(30.719333822708,30.933309325605,
    30.07313855664));
#3882 = CARTESIAN_POINT('',(30.676966341247,30.697472289388,
    30.550608890953));
#3883 = CARTESIAN_POINT('',(30.640805824594,30.455157642924,
    31.027189573487));
#3884 = CARTESIAN_POINT('',(30.586623202543,29.994724537383,
    31.904676774903));
#3885 = CARTESIAN_POINT('',(30.566662770916,29.778680975213,
    32.305848403167));
#3886 = CARTESIAN_POINT('',(30.551918707993,29.557062657721,
    32.706146593935));
#3887 = CARTESIAN_POINT('',(30.542818731896,29.329349446812,
    33.105444875901));
#3888 = CARTESIAN_POINT('',(30.539905098473,29.094899023258,
    33.503554522366));
#3889 = CARTESIAN_POINT('',(30.543851372134,28.852925059659,
    33.900220560136));
#3890 = CARTESIAN_POINT('',(30.555538697995,28.602401336131,
    34.295103693492));
#3891 = CARTESIAN_POINT('',(30.585441882801,28.226617165306,
    34.86123086966));
#3892 = CARTESIAN_POINT('',(30.596373719306,28.109484060933,
    35.034283708347));
#3893 = CARTESIAN_POINT('',(30.60918536788,27.9902533302,35.206845348746
    ));
#3894 = CARTESIAN_POINT('',(30.624007073512,27.868774818595,
    35.378862997701));
#3895 = CARTESIAN_POINT('',(30.640988396919,27.744879154901,
    35.550270773501));
#3896 = CARTESIAN_POINT('',(30.660304313391,27.618370337846,
    35.720987805308));
#3897 = CARTESIAN_POINT('',(30.68216578436,27.489012963109,
    35.890914914313));
#3898 = CARTESIAN_POINT('',(30.727596215692,27.245003206108,
    36.20217265658));
#3899 = CARTESIAN_POINT('',(30.750344530267,27.131277749513,
    36.34375523505));
#3900 = CARTESIAN_POINT('',(30.775235718473,27.015157353182,
    36.484615015545));
#3901 = CARTESIAN_POINT('',(30.802454152587,26.896438110245,
    36.624662138005));
#3902 = CARTESIAN_POINT('',(30.832213306349,26.77489152874,
    36.76377933362));
#3903 = CARTESIAN_POINT('',(30.864766959882,26.65025143563,
    36.901817517382));
#3904 = CARTESIAN_POINT('',(30.900430907315,26.522188830786,
    37.038587118378));
#3905 = CARTESIAN_POINT('',(30.983056666144,26.244028519251,
    37.323798511534));
#3906 = CARTESIAN_POINT('',(31.030752444287,26.093294761894,
    37.471639894762));
#3907 = CARTESIAN_POINT('',(31.083306698629,25.937274346756,
    37.617300059615));
#3908 = CARTESIAN_POINT('',(31.141463019292,25.775158268592,
    37.760393594544));
#3909 = CARTESIAN_POINT('',(31.206078712957,25.606148660943,
    37.90023973096));
#3910 = CARTESIAN_POINT('',(31.278325881279,25.429253425482,
    38.035732482209));
#3911 = CARTESIAN_POINT('',(31.359591130376,25.243384657621,
    38.165406455046));
#3912 = CARTESIAN_POINT('',(31.491410697291,24.963597845177,
    38.337945908449));
#3913 = CARTESIAN_POINT('',(31.532419763896,24.878920627773,
    38.387505552989));
#3914 = CARTESIAN_POINT('',(31.575608952391,24.792211800348,
    38.435392577172));
#3915 = CARTESIAN_POINT('',(31.621161002542,24.703354970885,
    38.481366362735));
#3916 = CARTESIAN_POINT('',(31.669260338003,24.61227014142,
    38.525117606887));
#3917 = CARTESIAN_POINT('',(31.720089825563,24.518916417728,
    38.566271235392));
#3918 = CARTESIAN_POINT('',(31.773824478256,24.423297305032,
    38.604392368459));
#3919 = CARTESIAN_POINT('',(31.886739250411,24.22881193209,
    38.673183742135));
#3920 = CARTESIAN_POINT('',(31.945889795711,24.129923383857,
    38.703964537295));
#3921 = CARTESIAN_POINT('',(32.008131750913,24.029027226076,
    38.730797560533));
#3922 = CARTESIAN_POINT('',(32.073446479117,23.926470061714,
    38.753112234013));
#3923 = CARTESIAN_POINT('',(32.141715757377,23.822728300205,
    38.770350818708));
#3924 = CARTESIAN_POINT('',(32.212684074817,23.718420866723,
    38.782038283041));
#3925 = CARTESIAN_POINT('',(32.285906165352,23.614327136143,
    38.787878787879));
#3926 = CARTESIAN_POINT('',(32.360679774998,23.511410091699,
    38.787878787879));
#3927 = ORIENTED_EDGE('',*,*,#3928,.T.);
#3928 = EDGE_CURVE('',#3873,#3841,#3929,.T.);
#3929 = B_SPLINE_CURVE_WITH_KNOTS('',8,(#3930,#3931,#3932,#3933,#3934,
    #3935,#3936,#3937,#3938,#3939,#3940,#3941,#3942,#3943,#3944,#3945,
    #3946,#3947,#3948,#3949,#3950,#3951,#3952,#3953,#3954,#3955,#3956,
    #3957,#3958,#3959,#3960,#3961,#3962,#3963,#3964,#3965,#3966,#3967,
    #3968,#3969,#3970,#3971,#3972,#3973,#3974,#3975,#3976,#3977,#3978,
    #3979,#3980,#3981,#3982,#3983,#3984,#3985,#3986,#3987),
  .UNSPECIFIED.,.F.,.F.,(9,7,7,7,7,7,7,7,9),(0.,3.897284088228E-02,
    6.749260160492E-02,0.118623280558,0.184233916875,0.272783718278,
    0.381510204295,0.660989695101,1.),.UNSPECIFIED.);
#3930 = CARTESIAN_POINT('',(32.360679774998,23.511410091699,
    38.787878787879));
#3931 = CARTESIAN_POINT('',(32.424731818116,23.423250017582,
    38.787878787879));
#3932 = CARTESIAN_POINT('',(32.489841444277,23.336064810378,
    38.783592956651));
#3933 = CARTESIAN_POINT('',(32.555624747511,23.250369463644,
    38.775044882526));
#3934 = CARTESIAN_POINT('',(32.621737501416,23.166546987989,
    38.762395774527));
#3935 = CARTESIAN_POINT('',(32.687869645963,23.084880778574,
    38.745900493584));
#3936 = CARTESIAN_POINT('',(32.753740934064,23.005579818119,
    38.725873343629));
#3937 = CARTESIAN_POINT('',(32.819097737864,22.928796715412,
    38.70266362257));
#3938 = CARTESIAN_POINT('',(32.930994075405,22.800370728977,
    38.65759790575));
#3939 = CARTESIAN_POINT('',(32.977913141104,22.747469507313,
    38.637034472893));
#3940 = CARTESIAN_POINT('',(33.024416902279,22.69593481131,
    38.615076413934));
#3941 = CARTESIAN_POINT('',(33.070466846424,22.645751933824,
    38.59184415328));
#3942 = CARTESIAN_POINT('',(33.11603648814,22.596893845368,
    38.567450597524));
#3943 = CARTESIAN_POINT('',(33.161110599134,22.549323475894,
    38.541998972592));
#3944 = CARTESIAN_POINT('',(33.205684438219,22.502995996566,
    38.51558066089));
#3945 = CARTESIAN_POINT('',(33.328787691842,22.376942546524,
    38.439315500232));
#3946 = CARTESIAN_POINT('',(33.406182202738,22.299895836698,
    38.387524101659));
#3947 = CARTESIAN_POINT('',(33.481998350656,22.226401893986,
    38.333340048668));
#3948 = CARTESIAN_POINT('',(33.556288585759,22.15618350268,
    38.277128489071));
#3949 = CARTESIAN_POINT('',(33.629113228313,22.088989870105,
    38.21918817266));
#3950 = CARTESIAN_POINT('',(33.700545409079,22.02458625757,
    38.15975788913));
#3951 = CARTESIAN_POINT('',(33.770673693486,21.962748681624,
    38.09901968383));
#3952 = CARTESIAN_POINT('',(33.928051354172,21.826932830644,
    37.957642342925));
#3953 = CARTESIAN_POINT('',(34.014473898966,21.754519547989,
    37.876285109603));
#3954 = CARTESIAN_POINT('',(34.099054678371,21.685599429391,
    37.793331238324));
#3955 = CARTESIAN_POINT('',(34.181938650308,21.61983818769,
    37.709021364961));
#3956 = CARTESIAN_POINT('',(34.263248705059,21.55695959488,
    37.623546647048));
#3957 = CARTESIAN_POINT('',(34.34309758622,21.496723912996,
    37.537058097407));
#3958 = CARTESIAN_POINT('',(34.421594103748,21.438916817833,
    37.449671278615));
#3959 = CARTESIAN_POINT('',(34.60310159788,21.30835281103,
    37.242422730469));
#3960 = CARTESIAN_POINT('',(34.70505869935,21.237455957358,
    37.121923572407));
#3961 = CARTESIAN_POINT('',(34.804953064336,21.170204136771,
    37.000195526384));
#3962 = CARTESIAN_POINT('',(34.902969274467,21.106243736883,
    36.877417030422));
#3963 = CARTESIAN_POINT('',(34.999258843022,21.045287264675,
    36.753729545212));
#3964 = CARTESIAN_POINT('',(35.093954163638,20.987089998773,
    36.62924513284));
#3965 = CARTESIAN_POINT('',(35.187175936909,20.931437679956,
    36.504050387367));
#3966 = CARTESIAN_POINT('',(35.391822724772,20.81270974879,
    36.223688696639));
#3967 = CARTESIAN_POINT('',(35.502541850399,20.750839597845,
    36.068211777413));
#3968 = CARTESIAN_POINT('',(35.611385534754,20.692195545257,
    35.911905987785));
#3969 = CARTESIAN_POINT('',(35.718509296393,20.63650511297,
    35.754876587314));
#3970 = CARTESIAN_POINT('',(35.824042789705,20.58354229534,
    35.597209217099));
#3971 = CARTESIAN_POINT('',(35.928098732989,20.533113333438,
    35.438973496489));
#3972 = CARTESIAN_POINT('',(36.030778064324,20.485048554992,
    35.280225066336));
#3973 = CARTESIAN_POINT('',(36.392800891861,20.321348107677,
    34.711736514332));
#3974 = CARTESIAN_POINT('',(36.644884402095,20.218162249499,
    34.29943549663));
#3975 = CARTESIAN_POINT('',(36.8899687717,20.127116828143,
    33.884826405262));
#3976 = CARTESIAN_POINT('',(37.12898843887,20.046659291718,
    33.468392973437));
#3977 = CARTESIAN_POINT('',(37.362676835524,19.97557935529,
    33.05049798075));
#3978 = CARTESIAN_POINT('',(37.591594828627,19.912967457858,
    32.631390562671));
#3979 = CARTESIAN_POINT('',(37.816220541861,19.858077553812,
    32.211233215784));
#3980 = CARTESIAN_POINT('',(38.304727267186,19.752359993162,
    31.279274526586));
#3981 = CARTESIAN_POINT('',(38.566727770029,19.704898587884,
    30.767112676122));
#3982 = CARTESIAN_POINT('',(38.823652123875,19.66684822066,
    30.253858232922));
#3983 = CARTESIAN_POINT('',(39.075994501328,19.637428596896,
    29.739694659844));
#3984 = CARTESIAN_POINT('',(39.324142684718,19.616026507363,
    29.224766577002));
#3985 = CARTESIAN_POINT('',(39.568414637645,19.602142352116,
    28.709186554902));
#3986 = CARTESIAN_POINT('',(39.809072545819,19.595369988477,
    28.19303770503));
#3987 = CARTESIAN_POINT('',(40.046341221559,19.595369988477,
    27.676377285418));
#3988 = ORIENTED_EDGE('',*,*,#3840,.F.);
#3989 = CYLINDRICAL_SURFACE('',#3990,9.5);
#3990 = AXIS2_PLACEMENT_3D('',#3991,#3992,#3993);
#3991 = CARTESIAN_POINT('',(40.04634122156,29.095369988477,8.));
#3992 = DIRECTION('',(0.,0.,-1.));
#3993 = DIRECTION('',(-0.809016994375,-0.587785252292,0.));
#3994 = ADVANCED_FACE('',(#3995),#4763,.T.);
#3995 = FACE_BOUND('',#3996,.T.);
#3996 = EDGE_LOOP('',(#3997,#4006,#4007,#4016,#4079,#4135,#4142,#4143,
    #4152,#4215,#4271,#4278,#4279,#4286,#4384,#4391,#4398,#4399,#4488,
    #4489,#4490,#4491,#4492,#4493,#4500,#4501,#4510,#4573,#4629,#4636,
    #4637,#4646,#4709));
#3997 = ORIENTED_EDGE('',*,*,#3998,.F.);
#3998 = EDGE_CURVE('',#3580,#3999,#4001,.T.);
#3999 = VERTEX_POINT('',#4000);
#4000 = CARTESIAN_POINT('',(-43.91604010321,-7.685661446562,
    27.676377285422));
#4001 = HYPERBOLA('',#4002,47.503927244798,19.595369988479);
#4002 = AXIS2_PLACEMENT_3D('',#4003,#4004,#4005);
#4003 = CARTESIAN_POINT('',(-11.51786949244,15.852987331743,
    135.75757575757));
#4004 = DIRECTION('',(0.587785252293,-0.809016994375,0.));
#4005 = DIRECTION('',(0.,0.,-1.));
#4006 = ORIENTED_EDGE('',*,*,#3587,.T.);
#4007 = ORIENTED_EDGE('',*,*,#4008,.T.);
#4008 = EDGE_CURVE('',#3588,#4009,#4011,.T.);
#4009 = VERTEX_POINT('',#4010);
#4010 = CARTESIAN_POINT('',(-20.88030111834,-39.39163611004,
    27.676377285421));
#4011 = HYPERBOLA('',#4012,47.50392724478,19.595369988472);
#4012 = AXIS2_PLACEMENT_3D('',#4013,#4014,#4015);
#4013 = CARTESIAN_POINT('',(11.517869492438,-15.85298733173,
    135.75757575757));
#4014 = DIRECTION('',(0.587785252292,-0.809016994375,0.));
#4015 = DIRECTION('',(0.,0.,-1.));
#4016 = ORIENTED_EDGE('',*,*,#4017,.F.);
#4017 = EDGE_CURVE('',#4018,#4009,#4020,.T.);
#4018 = VERTEX_POINT('',#4019);
#4019 = CARTESIAN_POINT('',(-12.36067977499,-38.0422606518,
    38.787878787879));
#4020 = B_SPLINE_CURVE_WITH_KNOTS('',8,(#4021,#4022,#4023,#4024,#4025,
    #4026,#4027,#4028,#4029,#4030,#4031,#4032,#4033,#4034,#4035,#4036,
    #4037,#4038,#4039,#4040,#4041,#4042,#4043,#4044,#4045,#4046,#4047,
    #4048,#4049,#4050,#4051,#4052,#4053,#4054,#4055,#4056,#4057,#4058,
    #4059,#4060,#4061,#4062,#4063,#4064,#4065,#4066,#4067,#4068,#4069,
    #4070,#4071,#4072,#4073,#4074,#4075,#4076,#4077,#4078),
  .UNSPECIFIED.,.F.,.F.,(9,7,7,7,7,7,7,7,9),(0.,3.897284088237E-02,
    6.749260160503E-02,0.118623280559,0.184233916875,0.272783718278,
    0.381510204295,0.660989695101,1.),.UNSPECIFIED.);
#4021 = CARTESIAN_POINT('',(-12.36067977499,-38.0422606518,
    38.787878787879));
#4022 = CARTESIAN_POINT('',(-12.4643181578,-38.00858649994,
    38.787878787879));
#4023 = CARTESIAN_POINT('',(-12.56823913088,-37.97632266369,
    38.783592956651));
#4024 = CARTESIAN_POINT('',(-12.67182940215,-37.94566012733,
    38.775044882526));
#4025 = CARTESIAN_POINT('',(-12.7745853586,-37.91670642175,
    38.762395774527));
#4026 = CARTESIAN_POINT('',(-12.87608958092,-37.88950856974,
    38.745900493584));
#4027 = CARTESIAN_POINT('',(-12.97599250748,-37.86407091675,
    38.72587334363));
#4028 = CARTESIAN_POINT('',(-13.07399924785,-37.84036784719,
    38.702663622571));
#4029 = CARTESIAN_POINT('',(-13.24001218737,-37.80224005864,
    38.65759790575));
#4030 = CARTESIAN_POINT('',(-13.3090650668,-37.78702040616,
    38.637034472893));
#4031 = CARTESIAN_POINT('',(-13.37697873418,-37.77266218629,
    38.615076413934));
#4032 = CARTESIAN_POINT('',(-13.44373067689,-37.75913086361,
    38.59184415328));
#4033 = CARTESIAN_POINT('',(-13.50931535532,-37.74638900309,
    38.567450597524));
#4034 = CARTESIAN_POINT('',(-13.57374223874,-37.73439766346,
    38.541998972592));
#4035 = CARTESIAN_POINT('',(-13.63703384119,-37.72311779063,
    38.51558066089));
#4036 = CARTESIAN_POINT('',(-13.81071882437,-37.69349668434,
    38.439315500232));
#4037 = CARTESIAN_POINT('',(-13.91861921873,-37.67665593884,
    38.387524101659));
#4038 = CARTESIAN_POINT('',(-14.0231544265,-37.66176170383,
    38.333340048668));
#4039 = CARTESIAN_POINT('',(-14.12452982406,-37.64862053653,
    38.277128489071));
#4040 = CARTESIAN_POINT('',(-14.22294162377,-37.63706499676,
    38.21918817266));
#4041 = CARTESIAN_POINT('',(-14.3185869656,-37.62694816212,
    38.15975788913));
#4042 = CARTESIAN_POINT('',(-14.41166915465,-37.61814088363,
    38.09901968383));
#4043 = CARTESIAN_POINT('',(-14.61882091092,-37.60076782007,
    37.957642342925));
#4044 = CARTESIAN_POINT('',(-14.73130167797,-37.59298214108,
    37.876285109603));
#4045 = CARTESIAN_POINT('',(-14.8402391952,-37.58693992864,
    37.793331238325));
#4046 = CARTESIAN_POINT('',(-14.9459472251,-37.58245594289,
    37.709021364961));
#4047 = CARTESIAN_POINT('',(-15.04868755075,-37.57937894377,
    37.623546647048));
#4048 = CARTESIAN_POINT('',(-15.14869229806,-37.57758124822,
    37.537058097407));
#4049 = CARTESIAN_POINT('',(-15.24617547276,-37.57695342119,
    37.449671278615));
#4050 = CARTESIAN_POINT('',(-15.46976171779,-37.57801234907,
    37.242422730469));
#4051 = CARTESIAN_POINT('',(-15.5939188706,-37.58058447021,
    37.121923572407));
#4052 = CARTESIAN_POINT('',(-15.71426473785,-37.58489303898,
    37.000195526384));
#4053 = CARTESIAN_POINT('',(-15.83115649736,-37.5907604713,
    36.877417030422));
#4054 = CARTESIAN_POINT('',(-15.94488571009,-37.59804323772,
    36.753729545212));
#4055 = CARTESIAN_POINT('',(-16.05570332838,-37.60662117349,
    36.62924513284));
#4056 = CARTESIAN_POINT('',(-16.16383293946,-37.61639188532,
    36.504050387367));
#4057 = CARTESIAN_POINT('',(-16.39918219566,-37.64062733513,
    36.22368869664));
#4058 = CARTESIAN_POINT('',(-16.52512221218,-37.65565240076,
    36.068211777413));
#4059 = CARTESIAN_POINT('',(-16.6476487118,-37.67218507807,
    35.911905987785));
#4060 = CARTESIAN_POINT('',(-16.76704767026,-37.69009633919,
    35.754876587314));
#4061 = CARTESIAN_POINT('',(-16.88355682294,-37.70927955064,
    35.597209217099));
#4062 = CARTESIAN_POINT('',(-16.99738124952,-37.72964421233,
    35.438973496489));
#4063 = CARTESIAN_POINT('',(-17.10870234147,-37.75111238641,
    35.280225066336));
#4064 = CARTESIAN_POINT('',(-17.49780567002,-37.83146762157,
    34.711736514331));
#4065 = CARTESIAN_POINT('',(-17.76239663948,-37.89615947838,
    34.299435496634));
#4066 = CARTESIAN_POINT('',(-18.01418921552,-37.96655916327,
    33.884826405253));
#4067 = CARTESIAN_POINT('',(-18.25485194158,-38.04195988434,
    33.468392973448));
#4068 = CARTESIAN_POINT('',(-18.48568956424,-38.121813601,
    33.050497980742));
#4069 = CARTESIAN_POINT('',(-18.7076904609,-38.20571413226,
    32.631390562675));
#4070 = CARTESIAN_POINT('',(-18.92167995638,-38.29333894859,
    32.211233215783));
#4071 = CARTESIAN_POINT('',(-19.37902942209,-38.49494869421,
    31.279274526586));
#4072 = CARTESIAN_POINT('',(-19.6188893955,-38.61055164243,
    30.767112676122));
#4073 = CARTESIAN_POINT('',(-19.84911100873,-38.73078459485,
    30.253858232923));
#4074 = CARTESIAN_POINT('',(-20.07055270147,-38.85530674725,
    29.739694659844));
#4075 = CARTESIAN_POINT('',(-20.28388863155,-38.98384993568,
    29.224766577002));
#4076 = CARTESIAN_POINT('',(-20.48966969441,-39.11619686962,
    28.709186554903));
#4077 = CARTESIAN_POINT('',(-20.68834672743,-39.25217308161,
    28.19303770503));
#4078 = CARTESIAN_POINT('',(-20.88030111833,-39.39163611004,
    27.676377285418));
#4079 = ORIENTED_EDGE('',*,*,#4080,.F.);
#4080 = EDGE_CURVE('',#4081,#4018,#4083,.T.);
#4081 = VERTEX_POINT('',#4082);
#4082 = CARTESIAN_POINT('',(-6.261304316756,-44.14163611004,
    27.676377285422));
#4083 = B_SPLINE_CURVE_WITH_KNOTS('',8,(#4084,#4085,#4086,#4087,#4088,
    #4089,#4090,#4091,#4092,#4093,#4094,#4095,#4096,#4097,#4098,#4099,
    #4100,#4101,#4102,#4103,#4104,#4105,#4106,#4107,#4108,#4109,#4110,
    #4111,#4112,#4113,#4114,#4115,#4116,#4117,#4118,#4119,#4120,#4121,
    #4122,#4123,#4124,#4125,#4126,#4127,#4128,#4129,#4130,#4131,#4132,
    #4133,#4134),.UNSPECIFIED.,.F.,.F.,(9,7,7,7,7,7,7,9),(0.,
    0.315152332986,0.581560526525,0.699288751519,0.798368677777,
    0.908213307916,0.954383228229,1.),.UNSPECIFIED.);
#4084 = CARTESIAN_POINT('',(-6.261304316756,-44.14163611004,
    27.676377285418));
#4085 = CARTESIAN_POINT('',(-6.32947098261,-43.93184068476,
    28.156723612583));
#4086 = CARTESIAN_POINT('',(-6.40411074478,-43.72106661801,
    28.636630933655));
#4087 = CARTESIAN_POINT('',(-6.485538338193,-43.50922758299,
    29.116050642064));
#4088 = CARTESIAN_POINT('',(-6.57412533024,-43.2962254477,
    29.594915732667));
#4089 = CARTESIAN_POINT('',(-6.670320092256,-43.0819443179,
    30.07313855664));
#4090 = CARTESIAN_POINT('',(-6.774665611577,-42.86624516692,
    30.550608890953));
#4091 = CARTESIAN_POINT('',(-6.887840114686,-42.64895388154,
    31.027189573487));
#4092 = CARTESIAN_POINT('',(-7.114641241752,-42.24460792821,
    31.904676774903));
#4093 = CARTESIAN_POINT('',(-7.225480133045,-42.05809256756,
    32.305848403163));
#4094 = CARTESIAN_POINT('',(-7.343815914237,-41.87013323969,
    32.70614659394));
#4095 = CARTESIAN_POINT('',(-7.470300346049,-41.68056055048,
    33.105444875901));
#4096 = CARTESIAN_POINT('',(-7.605749668452,-41.48917358273,
    33.503554522362));
#4097 = CARTESIAN_POINT('',(-7.751170998153,-41.29573209544,
    33.900220560141));
#4098 = CARTESIAN_POINT('',(-7.90788039343,-41.09992378339,
    34.295103693491));
#4099 = CARTESIAN_POINT('',(-8.152952971781,-40.813484654,34.86123086966
    ));
#4100 = CARTESIAN_POINT('',(-8.230646124599,-40.72514755424,
    35.034283708348));
#4101 = CARTESIAN_POINT('',(-8.311093031166,-40.63621836491,
    35.206845348746));
#4102 = CARTESIAN_POINT('',(-8.394487320499,-40.54665216456,
    35.378862997701));
#4103 = CARTESIAN_POINT('',(-8.481049543665,-40.45639983856,
    35.550270773501));
#4104 = CARTESIAN_POINT('',(-8.571036465303,-40.36540566646,
    35.720987805308));
#4105 = CARTESIAN_POINT('',(-8.664757123985,-40.27360320218,
    35.890914914313));
#4106 = CARTESIAN_POINT('',(-8.844936451574,-40.10289849952,
    36.20217265658));
#4107 = CARTESIAN_POINT('',(-8.930186370856,-40.02426379626,
    36.34375523505));
#4108 = CARTESIAN_POINT('',(-9.018577621578,-39.94495109558,
    36.484615015545));
#4109 = CARTESIAN_POINT('',(-9.110379217499,-39.86490380464,
    36.624662138005));
#4110 = CARTESIAN_POINT('',(-9.205898166706,-39.7840625463,
    36.76377933362));
#4111 = CARTESIAN_POINT('',(-9.305496234217,-39.70236115025,
    36.901817517382));
#4112 = CARTESIAN_POINT('',(-9.409622284275,-39.61971906892,
    37.038587118378));
#4113 = CARTESIAN_POINT('',(-9.639966456232,-39.44324885223,
    37.323798511532));
#4114 = CARTESIAN_POINT('',(-9.767152230916,-39.34933755589,
    37.471639894774));
#4115 = CARTESIAN_POINT('',(-9.901376014853,-39.25400500424,
    37.617300059587));
#4116 = CARTESIAN_POINT('',(-10.04371490654,-39.15703376953,
    37.760393594581));
#4117 = CARTESIAN_POINT('',(-10.19533145565,-39.05828227655,
    37.900239730933));
#4118 = CARTESIAN_POINT('',(-10.35775705325,-38.95763684489,
    38.035732482219));
#4119 = CARTESIAN_POINT('',(-10.53275294142,-38.85503236791,
    38.165406455044));
#4120 = CARTESIAN_POINT('',(-10.80385177339,-38.70616167924,
    38.337945908449));
#4121 = CARTESIAN_POINT('',(-10.88680082479,-38.66176089588,
    38.387505552989));
#4122 = CARTESIAN_POINT('',(-10.97270778226,-38.61699794899,
    38.435392577172));
#4123 = CARTESIAN_POINT('',(-11.06178889889,-38.57188608718,
    38.481366362735));
#4124 = CARTESIAN_POINT('',(-11.15424039816,-38.52646899224,
    38.525117606887));
#4125 = CARTESIAN_POINT('',(-11.25023425944,-38.48082106646,
    38.566271235392));
#4126 = CARTESIAN_POINT('',(-11.34991001094,-38.43504801569,
    38.604392368459));
#4127 = CARTESIAN_POINT('',(-11.55557561453,-38.34407568166,
    38.673183742135));
#4128 = CARTESIAN_POINT('',(-11.66155464118,-38.29884098378,
    38.703964537295));
#4129 = CARTESIAN_POINT('',(-11.77121471425,-38.25379918081,
    38.730797560533));
#4130 = CARTESIAN_POINT('',(-11.88433702808,-38.20921972594,
    38.753112234013));
#4131 = CARTESIAN_POINT('',(-12.00054591185,-38.1654185528,
    38.770350818708));
#4132 = CARTESIAN_POINT('',(-12.11927085783,-38.12274619685,
    38.782038283041));
#4133 = CARTESIAN_POINT('',(-12.23969353313,-38.08157146476,
    38.787878787879));
#4134 = CARTESIAN_POINT('',(-12.36067977499,-38.0422606518,
    38.787878787879));
#4135 = ORIENTED_EDGE('',*,*,#4136,.F.);
#4136 = EDGE_CURVE('',#3614,#4081,#4137,.T.);
#4137 = HYPERBOLA('',#4138,47.503927244798,19.595369988479);
#4138 = AXIS2_PLACEMENT_3D('',#4139,#4140,#4141);
#4139 = CARTESIAN_POINT('',(-18.63630431675,-6.055302337507,
    135.75757575757));
#4140 = DIRECTION('',(0.951056516295,0.309016994375,0.));
#4141 = DIRECTION('',(0.,0.,-1.));
#4142 = ORIENTED_EDGE('',*,*,#3621,.T.);
#4143 = ORIENTED_EDGE('',*,*,#4144,.T.);
#4144 = EDGE_CURVE('',#3622,#4145,#4147,.T.);
#4145 = VERTEX_POINT('',#4146);
#4146 = CARTESIAN_POINT('',(31.011304316753,-32.03103143504,
    27.676377285421));
#4147 = HYPERBOLA('',#4148,47.50392724478,19.595369988472);
#4148 = AXIS2_PLACEMENT_3D('',#4149,#4150,#4151);
#4149 = CARTESIAN_POINT('',(18.63630431675,6.055302337503,
    135.75757575757));
#4150 = DIRECTION('',(0.951056516295,0.309016994375,0.));
#4151 = DIRECTION('',(0.,0.,-1.));
#4152 = ORIENTED_EDGE('',*,*,#4153,.F.);
#4153 = EDGE_CURVE('',#4154,#4145,#4156,.T.);
#4154 = VERTEX_POINT('',#4155);
#4155 = CARTESIAN_POINT('',(32.360679774998,-23.51141009169,
    38.787878787879));
#4156 = B_SPLINE_CURVE_WITH_KNOTS('',8,(#4157,#4158,#4159,#4160,#4161,
    #4162,#4163,#4164,#4165,#4166,#4167,#4168,#4169,#4170,#4171,#4172,
    #4173,#4174,#4175,#4176,#4177,#4178,#4179,#4180,#4181,#4182,#4183,
    #4184,#4185,#4186,#4187,#4188,#4189,#4190,#4191,#4192,#4193,#4194,
    #4195,#4196,#4197,#4198,#4199,#4200,#4201,#4202,#4203,#4204,#4205,
    #4206,#4207,#4208,#4209,#4210,#4211,#4212,#4213,#4214),
  .UNSPECIFIED.,.F.,.F.,(9,7,7,7,7,7,7,7,9),(0.,3.897284088216E-02,
    6.74926016048E-02,0.118623280558,0.184233916875,0.272783718278,
    0.381510204295,0.660989695101,1.),.UNSPECIFIED.);
#4157 = CARTESIAN_POINT('',(32.360679774998,-23.51141009169,
    38.787878787879));
#4158 = CARTESIAN_POINT('',(32.29662773188,-23.59957016581,
    38.787878787879));
#4159 = CARTESIAN_POINT('',(32.233829653425,-23.68843481073,
    38.783592956651));
#4160 = CARTESIAN_POINT('',(32.172656694143,-23.77747976841,
    38.775044882526));
#4161 = CARTESIAN_POINT('',(32.113366746961,-23.86625930331,
    38.762395774527));
#4162 = CARTESIAN_POINT('',(32.056133522875,-23.9543909569,
    38.745900493584));
#4163 = CARTESIAN_POINT('',(32.00106917515,-24.04154361913,
    38.72587334363));
#4164 = CARTESIAN_POINT('',(31.948240468052,-24.12742891689,
    38.70266362257));
#4165 = CARTESIAN_POINT('',(31.8606779667,-24.27353447018,38.65759790575
    ));
#4166 = CARTESIAN_POINT('',(31.824864703777,-24.33450452987,
    38.637034472893));
#4167 = CARTESIAN_POINT('',(31.790222747834,-24.39465733183,
    38.615076413934));
#4168 = CARTESIAN_POINT('',(31.756726210525,-24.45396079326,
    38.59184415328));
#4169 = CARTESIAN_POINT('',(31.724341200844,-24.5123980776,
    38.567450597524));
#4170 = CARTESIAN_POINT('',(31.693027757276,-24.56996615718,
    38.541998972592));
#4171 = CARTESIAN_POINT('',(31.662741779959,-24.62667437571,
    38.51558066089));
#4172 = CARTESIAN_POINT('',(31.580898822328,-24.78270518551,
    38.439315500232));
#4173 = CARTESIAN_POINT('',(31.531539266027,-24.88012048212,
    38.387524101659));
#4174 = CARTESIAN_POINT('',(31.485070851057,-24.97493680092,
    38.333340048668));
#4175 = CARTESIAN_POINT('',(31.441246137604,-25.06728968934,
    38.277128489071));
#4176 = CARTESIAN_POINT('',(31.399845247649,-25.15731401457,
    38.21918817266));
#4177 = CARTESIAN_POINT('',(31.360667530077,-25.24515186633,
    38.15975788913));
#4178 = CARTESIAN_POINT('',(31.32352733219,-25.33095669005,
    38.09901968383));
#4179 = CARTESIAN_POINT('',(31.242991153786,-25.52260114583,
    37.957642342925));
#4180 = CARTESIAN_POINT('',(31.200828064489,-25.62717080517,
    37.876285109603));
#4181 = CARTESIAN_POINT('',(31.161418034826,-25.72890939448,
    37.793331238325));
#4182 = CARTESIAN_POINT('',(31.124487933276,-25.82805807734,
    37.709021364961));
#4183 = CARTESIAN_POINT('',(31.08981302658,-25.92481908851,
    37.623546647048));
#4184 = CARTESIAN_POINT('',(31.057200150072,-26.01937373663,
    37.537058097407));
#4185 = CARTESIAN_POINT('',(31.026479093445,-26.11189173593,
    37.449671278615));
#4186 = CARTESIAN_POINT('',(30.958394244275,-26.32486211794,
    37.242422730469));
#4187 = CARTESIAN_POINT('',(30.922473806656,-26.44373741631,
    37.121923572407));
#4188 = CARTESIAN_POINT('',(30.889382580877,-26.55952455853,
    37.000195526384));
#4189 = CARTESIAN_POINT('',(30.858841300434,-26.67250836441,
    36.877417030422));
#4190 = CARTESIAN_POINT('',(30.830623363394,-26.78292177186,
    36.753729545212));
#4191 = CARTESIAN_POINT('',(30.804536937785,-26.89096631779,
    36.62924513284));
#4192 = CARTESIAN_POINT('',(30.780415549514,-26.99682300501,
    36.504050387367));
#4193 = CARTESIAN_POINT('',(30.730737912206,-27.22814261458,
    36.223688696639));
#4194 = CARTESIAN_POINT('',(30.706109993407,-27.35256168858,
    36.068211777413));
#4195 = CARTESIAN_POINT('',(30.683970733247,-27.47420019271,
    35.911905987785));
#4196 = CARTESIAN_POINT('',(30.664109047574,-27.59329023427,
    35.754876587314));
#4197 = CARTESIAN_POINT('',(30.646350057654,-27.71002496149,
    35.597209217099));
#4198 = CARTESIAN_POINT('',(30.630544319668,-27.82457145064,
    35.438973496489));
#4199 = CARTESIAN_POINT('',(30.616561657276,-27.93707813117,
    35.280225066336));
#4200 = CARTESIAN_POINT('',(30.572744486197,-28.33196852055,
    34.711736514331));
#4201 = CARTESIAN_POINT('',(30.552506992051,-28.60360036936,
    34.299435496633));
#4202 = CARTESIAN_POINT('',(30.541652886055,-28.86482403858,
    33.884826405256));
#4203 = CARTESIAN_POINT('',(30.538994360899,-29.11700799664,
    33.468392973444));
#4204 = CARTESIAN_POINT('',(30.543607010135,-29.36122377738,
    33.050497980745));
#4205 = CARTESIAN_POINT('',(30.554799107272,-29.59828586677,
    32.631390562673));
#4206 = CARTESIAN_POINT('',(30.572008869113,-29.82887952824,
    32.211233215783));
#4207 = CARTESIAN_POINT('',(30.622422374162,-30.32614555546,
    31.279274526586));
#4208 = CARTESIAN_POINT('',(30.658246503313,-30.58998922177,
    30.767112676122));
#4209 = CARTESIAN_POINT('',(30.701452445224,-30.84609701281,
    30.253858232923));
#4210 = CARTESIAN_POINT('',(30.751450803371,-31.09518003893,
    29.739694659843));
#4211 = CARTESIAN_POINT('',(30.80777821245,-31.33779659513,
    29.224766577002));
#4212 = CARTESIAN_POINT('',(30.870057780832,-31.57440346764,
    28.709186554902));
#4213 = CARTESIAN_POINT('',(30.937984263719,-31.80537551486,
    28.19303770503));
#4214 = CARTESIAN_POINT('',(31.011304316756,-32.03103143503,
    27.676377285418));
#4215 = ORIENTED_EDGE('',*,*,#4216,.F.);
#4216 = EDGE_CURVE('',#4217,#4154,#4219,.T.);
#4217 = VERTEX_POINT('',#4218);
#4218 = CARTESIAN_POINT('',(40.046341221558,-19.59536998847,
    27.676377285422));
#4219 = B_SPLINE_CURVE_WITH_KNOTS('',8,(#4220,#4221,#4222,#4223,#4224,
    #4225,#4226,#4227,#4228,#4229,#4230,#4231,#4232,#4233,#4234,#4235,
    #4236,#4237,#4238,#4239,#4240,#4241,#4242,#4243,#4244,#4245,#4246,
    #4247,#4248,#4249,#4250,#4251,#4252,#4253,#4254,#4255,#4256,#4257,
    #4258,#4259,#4260,#4261,#4262,#4263,#4264,#4265,#4266,#4267,#4268,
    #4269,#4270),.UNSPECIFIED.,.F.,.F.,(9,7,7,7,7,7,7,9),(0.,
    0.315152332985,0.581560526523,0.699288751517,0.798368677774,
    0.908213307915,0.954383228228,1.),.UNSPECIFIED.);
#4220 = CARTESIAN_POINT('',(40.046341221559,-19.59536998847,
    27.676377285418));
#4221 = CARTESIAN_POINT('',(39.825749257056,-19.59536998847,
    28.156723612583));
#4222 = CARTESIAN_POINT('',(39.60222625244,-19.60122385206,
    28.636630933656));
#4223 = CARTESIAN_POINT('',(39.375592847605,-19.61320423349,
    29.116050642063));
#4224 = CARTESIAN_POINT('',(39.145640892832,-19.63163418989,
    29.594915732667));
#4225 = CARTESIAN_POINT('',(38.912121611781,-19.65690433446,
    30.073138556641));
#4226 = CARTESIAN_POINT('',(38.674734989928,-19.68948811723,
    30.550608890951));
#4227 = CARTESIAN_POINT('',(38.43310585224,-19.72997676598,
    31.027189573488));
#4228 = CARTESIAN_POINT('',(37.978464595886,-19.82072768459,
    31.904676774902));
#4229 = CARTESIAN_POINT('',(37.766826845692,-19.86850531826,
    32.305848403167));
#4230 = CARTESIAN_POINT('',(37.551499134701,-19.92296670751,
    32.706146593935));
#4231 = CARTESIAN_POINT('',(37.332118954358,-19.98467936796,
    33.105444875901));
#4232 = CARTESIAN_POINT('',(37.108242989046,-20.05435750312,
    33.503554522366));
#4233 = CARTESIAN_POINT('',(36.879331539816,-20.13288469935,
    33.900220560137));
#4234 = CARTESIAN_POINT('',(36.644680902379,-20.22141609484,
    34.295103693492));
#4235 = CARTESIAN_POINT('',(36.296529510286,-20.3659794086,
    34.86123086966));
#4236 = CARTESIAN_POINT('',(36.188507431357,-20.4125723228,
    35.034283708347));
#4237 = CARTESIAN_POINT('',(36.079071285086,-20.46160124671,
    35.206845348746));
#4238 = CARTESIAN_POINT('',(35.968118513961,-20.51323645097,
    35.378862997701));
#4239 = CARTESIAN_POINT('',(35.855534253184,-20.56767251487,
    35.550270773501));
#4240 = CARTESIAN_POINT('',(35.741186164807,-20.6251364175,
    35.720987805308));
#4241 = CARTESIAN_POINT('',(35.624915556684,-20.68590153907,
    35.890914914313));
#4242 = CARTESIAN_POINT('',(35.406887262591,-20.80451160853,
    36.20217265658));
#4243 = CARTESIAN_POINT('',(35.305757541825,-20.86128964012,
    36.34375523505));
#4244 = CARTESIAN_POINT('',(35.203012282386,-20.92084574272,
    36.484615015545));
#4245 = CARTESIAN_POINT('',(35.098514531483,-20.98341827548,
    36.624662138005));
#4246 = CARTESIAN_POINT('',(34.992112947359,-21.04928087187,
    36.76377933362));
#4247 = CARTESIAN_POINT('',(34.883632806786,-21.11875714315,
    36.901817517382));
#4248 = CARTESIAN_POINT('',(34.772858797798,-21.19224909399,
    37.038587118378));
#4249 = CARTESIAN_POINT('',(34.533845384591,-21.35678712376,
    37.323798511532));
#4250 = CARTESIAN_POINT('',(34.405227868432,-21.44872779702,
    37.471639894772));
#4251 = CARTESIAN_POINT('',(34.273083793672,-21.54692282281,
    37.617300059591));
#4252 = CARTESIAN_POINT('',(34.136873532533,-21.65232939377,
    37.760393594575));
#4253 = CARTESIAN_POINT('',(33.996103191324,-21.76600941124,
    37.900239730939));
#4254 = CARTESIAN_POINT('',(33.850191427737,-21.88938418545,
    38.035732482215));
#4255 = CARTESIAN_POINT('',(33.698532067911,-22.02410863814,
    38.165406455046));
#4256 = CARTESIAN_POINT('',(33.473173483131,-22.23593537608,
    38.337945908449));
#4257 = CARTESIAN_POINT('',(33.405313162242,-22.30110401531,
    38.387505552988));
#4258 = CARTESIAN_POINT('',(33.336194360117,-22.3689738757,
    38.435392577172));
#4259 = CARTESIAN_POINT('',(33.265762851064,-22.4397547202,
    38.481366362735));
#4260 = CARTESIAN_POINT('',(33.193999542541,-22.51364666686,
    38.525117606887));
#4261 = CARTESIAN_POINT('',(33.120922050776,-22.59083626933,
    38.566271235392));
#4262 = CARTESIAN_POINT('',(33.046587791432,-22.67148889173,
    38.604392368459));
#4263 = CARTESIAN_POINT('',(32.896513793684,-22.83897650697,
    38.673183742135));
#4264 = CARTESIAN_POINT('',(32.820743719224,-22.92579026048,
    38.703964537295));
#4265 = CARTESIAN_POINT('',(32.744019592818,-23.01616450498,
    38.730797560533));
#4266 = CARTESIAN_POINT('',(32.666665294356,-23.10997440953,
    38.753112234013));
#4267 = CARTESIAN_POINT('',(32.589097383237,-23.20696031882,
    38.770350818708));
#4268 = CARTESIAN_POINT('',(32.511825535078,-23.30668796915,
    38.782038283041));
#4269 = CARTESIAN_POINT('',(32.435453384643,-23.40849304725,
    38.787878787879));
#4270 = CARTESIAN_POINT('',(32.360679774998,-23.51141009169,
    38.787878787879));
#4271 = ORIENTED_EDGE('',*,*,#4272,.F.);
#4272 = EDGE_CURVE('',#3648,#4217,#4273,.T.);
#4273 = HYPERBOLA('',#4274,47.503927244798,19.595369988479);
#4274 = AXIS2_PLACEMENT_3D('',#4275,#4276,#4277);
#4275 = CARTESIAN_POINT('',(1.77522684448E-12,-19.59536998847,
    135.75757575757));
#4276 = DIRECTION('',(-9.059419880941E-14,1.,0.));
#4277 = DIRECTION('',(0.,0.,-1.));
#4278 = ORIENTED_EDGE('',*,*,#3655,.T.);
#4279 = ORIENTED_EDGE('',*,*,#4280,.T.);
#4280 = EDGE_CURVE('',#3656,#4281,#4283,.T.);
#4281 = VERTEX_POINT('',#4282);
#4282 = CARTESIAN_POINT('',(42.580909680709,3.611680737455E-15,
    32.531128046765));
#4283 = B_SPLINE_CURVE_WITH_KNOTS('',1,(#4284,#4285),.UNSPECIFIED.,.F.,
  .F.,(2,2),(0.,1.),.PIECEWISE_BEZIER_KNOTS.);
#4284 = CARTESIAN_POINT('',(56.,0.,0.));
#4285 = CARTESIAN_POINT('',(23.,0.,80.));
#4286 = ORIENTED_EDGE('',*,*,#4287,.T.);
#4287 = EDGE_CURVE('',#4281,#4288,#4290,.T.);
#4288 = VERTEX_POINT('',#4289);
#4289 = CARTESIAN_POINT('',(26.865630449036,0.,70.628774669005));
#4290 = B_SPLINE_CURVE_WITH_KNOTS('',8,(#4291,#4292,#4293,#4294,#4295,
    #4296,#4297,#4298,#4299,#4300,#4301,#4302,#4303,#4304,#4305,#4306,
    #4307,#4308,#4309,#4310,#4311,#4312,#4313,#4314,#4315,#4316,#4317,
    #4318,#4319,#4320,#4321,#4322,#4323,#4324,#4325,#4326,#4327,#4328,
    #4329,#4330,#4331,#4332,#4333,#4334,#4335,#4336,#4337,#4338,#4339,
    #4340,#4341,#4342,#4343,#4344,#4345,#4346,#4347,#4348,#4349,#4350,
    #4351,#4352,#4353,#4354,#4355,#4356,#4357,#4358,#4359,#4360,#4361,
    #4362,#4363,#4364,#4365,#4366,#4367,#4368,#4369,#4370,#4371,#4372,
    #4373,#4374,#4375,#4376,#4377,#4378,#4379,#4380,#4381,#4382,#4383),
  .UNSPECIFIED.,.F.,.F.,(9,7,7,7,7,7,7,7,7,7,7,7,7,9),(0.,
    8.107537482864E-02,0.128444359244,0.183764960043,0.222825841352,
    0.317616617202,0.435227034341,0.535734361864,0.605131080358,
    0.640212840498,0.747723221516,0.866141199536,0.909253507605,1.),
  .UNSPECIFIED.);
#4291 = CARTESIAN_POINT('',(42.580909680709,-1.06581410364E-14,
    32.531128046767));
#4292 = CARTESIAN_POINT('',(42.580909680709,-0.861028065104,
    32.531128046767));
#4293 = CARTESIAN_POINT('',(42.550104792092,-1.722232949748,
    32.557568735156));
#4294 = CARTESIAN_POINT('',(42.488472971101,-2.579399436692,
    32.610468929942));
#4295 = CARTESIAN_POINT('',(42.396620163963,-3.42878919369,
    32.68938272683));
#4296 = CARTESIAN_POINT('',(42.275631888792,-4.267085335404,
    32.793525969693));
#4297 = CARTESIAN_POINT('',(42.126966786081,-5.091355279626,
    32.921856738048));
#4298 = CARTESIAN_POINT('',(41.952376568376,-5.899024919806,
    33.073128041386));
#4299 = CARTESIAN_POINT('',(41.637838233821,-7.148739136446,
    33.346892471199));
#4300 = CARTESIAN_POINT('',(41.51363774029,-7.603296290956,
    33.455227115988));
#4301 = CARTESIAN_POINT('',(41.381603560863,-8.051154052025,
    33.570676428751));
#4302 = CARTESIAN_POINT('',(41.242115356014,-8.492000591377,
    33.692976209918));
#4303 = CARTESIAN_POINT('',(41.095556815293,-8.925580120159,
    33.821862008482));
#4304 = CARTESIAN_POINT('',(40.942309362903,-9.351687116169,
    33.957073938762));
#4305 = CARTESIAN_POINT('',(40.78274695848,-9.77016145799,
    34.098360781619));
#4306 = CARTESIAN_POINT('',(40.423932781804,-10.66055368092,
    34.417302759677));
#4307 = CARTESIAN_POINT('',(40.222519064306,-11.12963946914,
    34.597077674676));
#4308 = CARTESIAN_POINT('',(40.013563732286,-11.58796806537,
    34.784431382193));
#4309 = CARTESIAN_POINT('',(39.79762282557,-12.03542067344,
    34.979004830955));
#4310 = CARTESIAN_POINT('',(39.575231574608,-12.47192737633,
    35.180460318437));
#4311 = CARTESIAN_POINT('',(39.346900442959,-12.89746104609,
    35.388485157972));
#4312 = CARTESIAN_POINT('',(39.113111169786,-13.31203125382,
    35.602795345865));
#4313 = CARTESIAN_POINT('',(38.705701586827,-14.00068601453,
    35.97872008123));
#4314 = CARTESIAN_POINT('',(38.534595987392,-14.28024334131,
    36.137306414843));
#4315 = CARTESIAN_POINT('',(38.361155611714,-14.5543628063,
    36.298808398908));
#4316 = CARTESIAN_POINT('',(38.185534974917,-14.82306049302,
    36.463141548008));
#4317 = CARTESIAN_POINT('',(38.007883430976,-15.08635557363,
    36.630226940421));
#4318 = CARTESIAN_POINT('',(37.828345094114,-15.34426996031,
    36.799991436813));
#4319 = CARTESIAN_POINT('',(37.647058760208,-15.59682795666,
    36.972367898927));
#4320 = CARTESIAN_POINT('',(37.020304011564,-16.44401496372,
    37.571799765923));
#4321 = CARTESIAN_POINT('',(36.566996194524,-17.01251168454,
    38.011275499812));
#4322 = CARTESIAN_POINT('',(36.106086207249,-17.55001292212,
    38.464901851807));
#4323 = CARTESIAN_POINT('',(35.639343052102,-18.05688571859,
    38.931981013755));
#4324 = CARTESIAN_POINT('',(35.168467307688,-18.53342784456,
    39.411931404355));
#4325 = CARTESIAN_POINT('',(34.695103163174,-18.97988174586,
    39.904288392178));
#4326 = CARTESIAN_POINT('',(34.220848082856,-19.39643189997,
    40.408712464842));
#4327 = CARTESIAN_POINT('',(33.159661997688,-20.26304516216,
    41.565587871288));
#4328 = CARTESIAN_POINT('',(32.573260140703,-20.69689754738,
    42.224257004839));
#4329 = CARTESIAN_POINT('',(31.99101099244,-21.08501057917,
    42.900634898465));
#4330 = CARTESIAN_POINT('',(31.416104277798,-21.42719879793,
    43.594323738738));
#4331 = CARTESIAN_POINT('',(30.851976219726,-21.7230033569,
    44.304870691389));
#4332 = CARTESIAN_POINT('',(30.302294043696,-21.97179269351,
    45.031736533523));
#4333 = CARTESIAN_POINT('',(29.770882948436,-22.17284471298,
    45.774236895752));
#4334 = CARTESIAN_POINT('',(28.826316086508,-22.45590257909,
    47.17850263137));
#4335 = CARTESIAN_POINT('',(28.407193871005,-22.55097076994,
    47.836317646218));
#4336 = CARTESIAN_POINT('',(28.006788714245,-22.6101838553,
    48.503982333556));
#4337 = CARTESIAN_POINT('',(27.627649207427,-22.63315753951,
    49.180433158179));
#4338 = CARTESIAN_POINT('',(27.272181725343,-22.61968132333,
    49.864400151544));
#4339 = CARTESIAN_POINT('',(26.942498561833,-22.56978969786,
    50.554360915128));
#4340 = CARTESIAN_POINT('',(26.640258612652,-22.48384270789,
    51.24849162579));
#4341 = CARTESIAN_POINT('',(26.177551862997,-22.27892038343,
    52.425283424626));
#4342 = CARTESIAN_POINT('',(26.002131206408,-22.17839075181,
    52.906967591651));
#4343 = CARTESIAN_POINT('',(25.840636966951,-22.061275954,
    53.388985794129));
#4344 = CARTESIAN_POINT('',(25.693254781132,-21.9278940514,
    53.870673410619));
#4345 = CARTESIAN_POINT('',(25.560007847673,-21.77861848013,
    54.351392847716));
#4346 = CARTESIAN_POINT('',(25.440769954902,-21.6138620014,
    54.830532337553));
#4347 = CARTESIAN_POINT('',(25.3352835037,-21.43406263646,
    55.307505484894));
#4348 = CARTESIAN_POINT('',(25.196623200423,-21.14140209514,
    56.021494703684));
#4349 = CARTESIAN_POINT('',(25.153482867359,-21.0393999614,
    56.260549824466));
#4350 = CARTESIAN_POINT('',(25.113713557552,-20.9337208111,
    56.498849805447));
#4351 = CARTESIAN_POINT('',(25.077260147326,-20.82441956519,
    56.736331619888));
#4352 = CARTESIAN_POINT('',(25.044061290956,-20.71154983898,
    56.972936174321));
#4353 = CARTESIAN_POINT('',(25.01405035305,-20.59516334181,
    57.208608147856));
#4354 = CARTESIAN_POINT('',(24.98715634094,-20.47530927671,
    57.443295831469));
#4355 = CARTESIAN_POINT('',(24.890210321317,-19.97424768063,
    58.393002630057));
#4356 = CARTESIAN_POINT('',(24.845705818834,-19.56441274324,
    59.099198059742));
#4357 = CARTESIAN_POINT('',(24.827605643295,-19.12377506774,
    59.794356611295));
#4358 = CARTESIAN_POINT('',(24.833476654586,-18.65332937108,
    60.477460681634));
#4359 = CARTESIAN_POINT('',(24.860810151623,-18.15373718944,
    61.14760071688));
#4360 = CARTESIAN_POINT('',(24.907129453518,-17.62527719211,
    61.803941644684));
#4361 = CARTESIAN_POINT('',(24.970044568357,-17.06776239191,
    62.445687698651));
#4362 = CARTESIAN_POINT('',(25.132320657924,-15.83336004157,
    63.761903077574));
#4363 = CARTESIAN_POINT('',(25.234656394361,-15.15067215086,
    64.4324761831));
#4364 = CARTESIAN_POINT('',(25.351210529181,-14.43090041222,
    65.083128761891));
#4365 = CARTESIAN_POINT('',(25.47904959152,-13.67232107743,
    65.712357645923));
#4366 = CARTESIAN_POINT('',(25.615178555715,-12.87295212202,
    66.317864422893));
#4367 = CARTESIAN_POINT('',(25.756435391766,-12.03043682185,
    66.896514359667));
#4368 = CARTESIAN_POINT('',(25.899429277682,-11.14198165243,
    67.44431981663));
#4369 = CARTESIAN_POINT('',(26.091725572777,-9.861973996292,
    68.14236310339));
#4370 = CARTESIAN_POINT('',(26.142765506445,-9.513829985859,
    68.323831819143));
#4371 = CARTESIAN_POINT('',(26.193334231757,-9.159031903613,
    68.500192103362));
#4372 = CARTESIAN_POINT('',(26.243232630964,-8.797460220277,
    68.671134828203));
#4373 = CARTESIAN_POINT('',(26.292249531016,-8.429021436685,
    68.836313988914));
#4374 = CARTESIAN_POINT('',(26.340162202825,-8.053651560867,
    68.995349653849));
#4375 = CARTESIAN_POINT('',(26.38673770733,-7.671320614826,
    69.147831549014));
#4376 = CARTESIAN_POINT('',(26.526449444473,-6.462643016592,
    69.599566774496));
#4377 = CARTESIAN_POINT('',(26.614315615074,-5.611208568721,
    69.875303613072));
#4378 = CARTESIAN_POINT('',(26.692905566485,-4.728889966245,
    70.115842199928));
#4379 = CARTESIAN_POINT('',(26.759643160328,-3.818137352691,
    70.316092007236));
#4380 = CARTESIAN_POINT('',(26.811981988252,-2.882912897953,
    70.471015824593));
#4381 = CARTESIAN_POINT('',(26.847754222532,-1.928982288737,
    70.576205046516));
#4382 = CARTESIAN_POINT('',(26.865630449036,-0.964361542547,
    70.628774669005));
#4383 = CARTESIAN_POINT('',(26.865630449036,-7.105427357601E-15,
    70.628774669005));
#4384 = ORIENTED_EDGE('',*,*,#4385,.T.);
#4385 = EDGE_CURVE('',#4288,#4386,#4388,.T.);
#4386 = VERTEX_POINT('',#4387);
#4387 = CARTESIAN_POINT('',(23.,0.,80.));
#4388 = B_SPLINE_CURVE_WITH_KNOTS('',1,(#4389,#4390),.UNSPECIFIED.,.F.,
  .F.,(2,2),(0.,1.),.PIECEWISE_BEZIER_KNOTS.);
#4389 = CARTESIAN_POINT('',(56.,0.,0.));
#4390 = CARTESIAN_POINT('',(23.,0.,80.));
#4391 = ORIENTED_EDGE('',*,*,#4392,.F.);
#4392 = EDGE_CURVE('',#4386,#4386,#4393,.T.);
#4393 = CIRCLE('',#4394,23.);
#4394 = AXIS2_PLACEMENT_3D('',#4395,#4396,#4397);
#4395 = CARTESIAN_POINT('',(0.,0.,80.));
#4396 = DIRECTION('',(0.,0.,1.));
#4397 = DIRECTION('',(1.,0.,0.));
#4398 = ORIENTED_EDGE('',*,*,#4385,.F.);
#4399 = ORIENTED_EDGE('',*,*,#4400,.T.);
#4400 = EDGE_CURVE('',#4288,#4281,#4401,.T.);
#4401 = B_SPLINE_CURVE_WITH_KNOTS('',7,(#4402,#4403,#4404,#4405,#4406,
    #4407,#4408,#4409,#4410,#4411,#4412,#4413,#4414,#4415,#4416,#4417,
    #4418,#4419,#4420,#4421,#4422,#4423,#4424,#4425,#4426,#4427,#4428,
    #4429,#4430,#4431,#4432,#4433,#4434,#4435,#4436,#4437,#4438,#4439,
    #4440,#4441,#4442,#4443,#4444,#4445,#4446,#4447,#4448,#4449,#4450,
    #4451,#4452,#4453,#4454,#4455,#4456,#4457,#4458,#4459,#4460,#4461,
    #4462,#4463,#4464,#4465,#4466,#4467,#4468,#4469,#4470,#4471,#4472,
    #4473,#4474,#4475,#4476,#4477,#4478,#4479,#4480,#4481,#4482,#4483,
    #4484,#4485,#4486,#4487),.UNSPECIFIED.,.F.,.F.,(8,6,6,6,6,6,6,6,6,6,
    6,6,6,6,8),(0.,9.118229187633E-02,0.134338573392,0.166170766044,
    0.252249666711,0.359763825276,0.394846822926,0.464245995373,
    0.564756872584,0.68237142269,0.777165524538,0.815763586052,
    0.871121118828,0.918517544189,1.),.UNSPECIFIED.);
#4402 = CARTESIAN_POINT('',(26.865630449036,-6.580181667297E-15,
    70.628774669005));
#4403 = CARTESIAN_POINT('',(26.865630449036,1.10744595753,
    70.628774669005));
#4404 = CARTESIAN_POINT('',(26.841564900124,2.215229166469,
    70.558003711815));
#4405 = CARTESIAN_POINT('',(26.79340252476,3.305576210981,
    70.416383419026));
#4406 = CARTESIAN_POINT('',(26.723863164627,4.366704520989,
    70.209819114587));
#4407 = CARTESIAN_POINT('',(26.637019160782,5.390946762122,
    69.946338645763));
#4408 = CARTESIAN_POINT('',(26.53711314766,6.373855681059,69.63436647193
    ));
#4409 = CARTESIAN_POINT('',(26.376472732175,7.758397110556,
    69.114481756222));
#4410 = CARTESIAN_POINT('',(26.322778285089,8.193891210987,
    68.938165509636));
#4411 = CARTESIAN_POINT('',(26.267381053991,8.620084839553,
    68.75324384928));
#4412 = CARTESIAN_POINT('',(26.210650698553,9.037045500678,
    68.56036183029));
#4413 = CARTESIAN_POINT('',(26.152934892398,9.444904168105,
    68.360100732099));
#4414 = CARTESIAN_POINT('',(26.094556946646,9.84384480448,
    68.152969500561));
#4415 = CARTESIAN_POINT('',(25.992489889442,10.521949699576,
    67.781868204012));
#4416 = CARTESIAN_POINT('',(25.948967434711,10.805064851192,
    67.620839773245));
#4417 = CARTESIAN_POINT('',(25.905370756083,11.083530287215,
    67.456489800472));
#4418 = CARTESIAN_POINT('',(25.861816224404,11.357433438494,
    67.288979515462));
#4419 = CARTESIAN_POINT('',(25.818415611225,11.626862429129,
    67.118454934968));
#4420 = CARTESIAN_POINT('',(25.775276448073,11.89190625019,
    66.945046860247));
#4421 = CARTESIAN_POINT('',(25.616835070433,12.857757476958,
    66.29246526419));
#4422 = CARTESIAN_POINT('',(25.503862337817,13.531301550251,
    65.795921357149));
#4423 = CARTESIAN_POINT('',(25.395600507824,14.175283910748,
    65.281407225746));
#4424 = CARTESIAN_POINT('',(25.293955558838,14.791145683237,
    64.750610459504));
#4425 = CARTESIAN_POINT('',(25.200783019321,15.380041486183,
    64.204856904114));
#4426 = CARTESIAN_POINT('',(25.117922692474,15.942882548669,
    63.645121692435));
#4427 = CARTESIAN_POINT('',(24.9590130339,17.151677094781,
    62.356211352247));
#4428 = CARTESIAN_POINT('',(24.889834928869,17.783143852426,
    61.619851794803));
#4429 = CARTESIAN_POINT('',(24.843395284002,18.376093180822,
    60.86425008984));
#4430 = CARTESIAN_POINT('',(24.823558023745,18.930565567492,
    60.090671267201));
#4431 = CARTESIAN_POINT('',(24.834351677994,19.445790901404,
    59.30049884572));
#4432 = CARTESIAN_POINT('',(24.879768247395,19.920278207335,
    58.495295779697));
#4433 = CARTESIAN_POINT('',(24.990563683628,20.492920001524,
    57.409916656212));
#4434 = CARTESIAN_POINT('',(25.021879221962,20.629244372222,
    57.141505478828));
#4435 = CARTESIAN_POINT('',(25.057370505763,20.760933024679,
    56.871794787122));
#4436 = CARTESIAN_POINT('',(25.097149753153,20.887905991629,
    56.600868696026));
#4437 = CARTESIAN_POINT('',(25.141319846109,21.010078693417,
    56.328818651291));
#4438 = CARTESIAN_POINT('',(25.1899718441,21.127363538925,
    56.055743858026));
#4439 = CARTESIAN_POINT('',(25.348440758867,21.4618327419,
    55.239756165654));
#4440 = CARTESIAN_POINT('',(25.471546317008,21.664538369672,
    54.694124543413));
#4441 = CARTESIAN_POINT('',(25.613084720104,21.847066491068,
    54.145754002169));
#4442 = CARTESIAN_POINT('',(25.773424778511,22.008721546214,
    53.595593039592));
#4443 = CARTESIAN_POINT('',(25.952657182654,22.148866548609,
    53.044640700246));
#4444 = CARTESIAN_POINT('',(26.150553102844,22.266963237768,
    52.493948782784));
#4445 = CARTESIAN_POINT('',(26.679360781564,22.501160181981,
    51.149043931974));
#4446 = CARTESIAN_POINT('',(27.030211011494,22.592666172012,
    50.356133558086));
#4447 = CARTESIAN_POINT('',(27.417363942348,22.635890392905,
    49.569360533735));
#4448 = CARTESIAN_POINT('',(27.837934171252,22.630424688339,
    48.791506342532));
#4449 = CARTESIAN_POINT('',(28.288212528326,22.576449177484,
    48.024776383992));
#4450 = CARTESIAN_POINT('',(28.764137283224,22.474535662309,
    47.270942429723));
#4451 = CARTESIAN_POINT('',(29.843642255301,22.151040976858,
    45.666067305799));
#4452 = CARTESIAN_POINT('',(30.455177735653,21.912043365185,
    44.820293264701));
#4453 = CARTESIAN_POINT('',(31.09005499576,21.609579506725,
    43.995617551787));
#4454 = CARTESIAN_POINT('',(31.74215315942,21.24481831531,
    43.193030417434));
#4455 = CARTESIAN_POINT('',(32.405773538648,20.818664675568,
    42.41330963428));
#4456 = CARTESIAN_POINT('',(33.075719263676,20.331596642866,
    41.657099897137));
#4457 = CARTESIAN_POINT('',(34.288503396489,19.341181472629,
    40.334956530122));
#4458 = CARTESIAN_POINT('',(34.830636272521,18.859448639513,
    39.760732498991));
#4459 = CARTESIAN_POINT('',(35.371165760039,18.337815534835,
    39.202650920639));
#4460 = CARTESIAN_POINT('',(35.907520142215,17.775956115254,
    38.661311310594));
#4461 = CARTESIAN_POINT('',(36.437029389454,17.173441223897,
    38.137553011834));
#4462 = CARTESIAN_POINT('',(36.956896227664,16.529723519585,
    37.632443338565));
#4463 = CARTESIAN_POINT('',(37.670703390225,15.564867415764,
    36.949754037462));
#4464 = CARTESIAN_POINT('',(37.875147152016,15.278739913048,
    36.755533573712));
#4465 = CARTESIAN_POINT('',(38.077283048684,14.985632922426,
    36.564728190671));
#4466 = CARTESIAN_POINT('',(38.276894855277,14.685509697111,
    36.377443798381));
#4467 = CARTESIAN_POINT('',(38.473756279489,14.378338227181,
    36.193797592937));
#4468 = CARTESIAN_POINT('',(38.667631154949,14.064092108741,
    36.01391750994));
#4469 = CARTESIAN_POINT('',(39.131694031745,13.281882981005,
    35.585556260001));
#4470 = CARTESIAN_POINT('',(39.398457816997,12.806433839223,
    35.341208662715));
#4471 = CARTESIAN_POINT('',(39.657846792087,12.316338103803,
    35.105300572169));
#4472 = CARTESIAN_POINT('',(39.909077358832,11.811590656793,
    34.878298470794));
#4473 = CARTESIAN_POINT('',(40.151310967348,11.292263306935,
    34.660723924194));
#4474 = CARTESIAN_POINT('',(40.383664564355,10.758520950354,
    34.453143867964));
#4475 = CARTESIAN_POINT('',(40.794914918781,9.741546989703,
    34.087506542858));
#4476 = CARTESIAN_POINT('',(40.976689678189,9.262101346086,
    33.92662432785));
#4477 = CARTESIAN_POINT('',(41.149965366403,8.772488100359,
    33.773896683567));
#4478 = CARTESIAN_POINT('',(41.314138576099,8.272977214246,
    33.629730421247));
#4479 = CARTESIAN_POINT('',(41.4685933415,7.763931874767,33.494547724577
    ));
#4480 = CARTESIAN_POINT('',(41.61271640287,7.24582268626,33.368774299165
    ));
#4481 = CARTESIAN_POINT('',(41.974910875746,5.813970404683,
    33.053487701741));
#4482 = CARTESIAN_POINT('',(42.171724240328,4.883266323903,
    32.883096954145));
#4483 = CARTESIAN_POINT('',(42.333151999353,3.930720509707,
    32.743936196298));
#4484 = CARTESIAN_POINT('',(42.456429791963,2.96062736101,
    32.637972415254));
#4485 = CARTESIAN_POINT('',(42.539430923425,1.978046727925,
    32.566730411185));
#4486 = CARTESIAN_POINT('',(42.580909680709,0.988878575557,
    32.531128046767));
#4487 = CARTESIAN_POINT('',(42.580909680709,-1.042931494905E-14,
    32.531128046767));
#4488 = ORIENTED_EDGE('',*,*,#4280,.F.);
#4489 = ORIENTED_EDGE('',*,*,#3664,.T.);
#4490 = ORIENTED_EDGE('',*,*,#3848,.T.);
#4491 = ORIENTED_EDGE('',*,*,#3928,.F.);
#4492 = ORIENTED_EDGE('',*,*,#3872,.F.);
#4493 = ORIENTED_EDGE('',*,*,#4494,.F.);
#4494 = EDGE_CURVE('',#3512,#3865,#4495,.T.);
#4495 = HYPERBOLA('',#4496,47.503927244798,19.595369988479);
#4496 = AXIS2_PLACEMENT_3D('',#4497,#4498,#4499);
#4497 = CARTESIAN_POINT('',(18.636304316758,-6.055302337503,
    135.75757575757));
#4498 = DIRECTION('',(-0.951056516295,0.309016994375,0.));
#4499 = DIRECTION('',(0.,0.,-1.));
#4500 = ORIENTED_EDGE('',*,*,#3519,.T.);
#4501 = ORIENTED_EDGE('',*,*,#4502,.T.);
#4502 = EDGE_CURVE('',#3520,#4503,#4505,.T.);
#4503 = VERTEX_POINT('',#4504);
#4504 = CARTESIAN_POINT('',(-6.261304316753,44.141636110047,
    27.676377285421));
#4505 = HYPERBOLA('',#4506,47.50392724478,19.595369988472);
#4506 = AXIS2_PLACEMENT_3D('',#4507,#4508,#4509);
#4507 = CARTESIAN_POINT('',(-18.63630431675,6.055302337503,
    135.75757575757));
#4508 = DIRECTION('',(-0.951056516295,0.309016994375,0.));
#4509 = DIRECTION('',(0.,0.,-1.));
#4510 = ORIENTED_EDGE('',*,*,#4511,.F.);
#4511 = EDGE_CURVE('',#4512,#4503,#4514,.T.);
#4512 = VERTEX_POINT('',#4513);
#4513 = CARTESIAN_POINT('',(-12.36067977499,38.042260651806,
    38.787878787879));
#4514 = B_SPLINE_CURVE_WITH_KNOTS('',8,(#4515,#4516,#4517,#4518,#4519,
    #4520,#4521,#4522,#4523,#4524,#4525,#4526,#4527,#4528,#4529,#4530,
    #4531,#4532,#4533,#4534,#4535,#4536,#4537,#4538,#4539,#4540,#4541,
    #4542,#4543,#4544,#4545,#4546,#4547,#4548,#4549,#4550,#4551,#4552,
    #4553,#4554,#4555,#4556,#4557,#4558,#4559,#4560,#4561,#4562,#4563,
    #4564,#4565,#4566,#4567,#4568,#4569,#4570,#4571,#4572),
  .UNSPECIFIED.,.F.,.F.,(9,7,7,7,7,7,7,7,9),(0.,3.897284088228E-02,
    6.749260160496E-02,0.118623280559,0.184233916875,0.272783718278,
    0.381510204295,0.660989695101,1.),.UNSPECIFIED.);
#4515 = CARTESIAN_POINT('',(-12.36067977499,38.042260651806,
    38.787878787879));
#4516 = CARTESIAN_POINT('',(-12.25704139218,38.075934803669,
    38.787878787879));
#4517 = CARTESIAN_POINT('',(-12.15400335176,38.110916027217,
    38.783592956651));
#4518 = CARTESIAN_POINT('',(-12.05217407519,38.146998347943,
    38.775044882526));
#4519 = CARTESIAN_POINT('',(-11.952024199,38.183972743866,
    38.762395774527));
#4520 = CARTESIAN_POINT('',(-11.85391906184,38.221631904299,
    38.745900493584));
#4521 = CARTESIAN_POINT('',(-11.75814401919,38.259773877632,
    38.72587334363));
#4522 = CARTESIAN_POINT('',(-11.66492258594,38.298204608154,
    38.70266362257));
#4523 = CARTESIAN_POINT('',(-11.50820434477,38.364938536794,
    38.65759790575));
#4524 = CARTESIAN_POINT('',(-11.44339350453,38.393213843448,
    38.637034472893));
#4525 = CARTESIAN_POINT('',(-11.38001064357,38.421516451681,
    38.615076413934));
#4526 = CARTESIAN_POINT('',(-11.3180536756,38.449805189165,
    38.59184415328));
#4527 = CARTESIAN_POINT('',(-11.25750507849,38.478046514219,
    38.567450597524));
#4528 = CARTESIAN_POINT('',(-11.19833430231,38.5062144886,
    38.541998972592));
#4529 = CARTESIAN_POINT('',(-11.14050017743,38.534290750299,
    38.51558066089));
#4530 = CARTESIAN_POINT('',(-10.98257522494,38.612416243571,
    38.439315500232));
#4531 = CARTESIAN_POINT('',(-10.88538323036,38.662214054788,
    38.387524101659));
#4532 = CARTESIAN_POINT('',(-10.79205785908,38.711608619024,
    38.333340048668));
#4533 = CARTESIAN_POINT('',(-10.7023192553,38.760564154984,
    38.277128489071));
#4534 = CARTESIAN_POINT('',(-10.61591026103,38.809060531453,
    38.21918817266));
#4535 = CARTESIAN_POINT('',(-10.53258502785,38.857094761672,
    38.15975788913));
#4536 = CARTESIAN_POINT('',(-10.45210316663,38.904681861675,
    38.099019683831));
#4537 = CARTESIAN_POINT('',(-10.27430224485,39.012387505331,
    37.957642342925));
#4538 = CARTESIAN_POINT('',(-10.17872708548,39.072203294753,
    37.876285109603));
#4539 = CARTESIAN_POINT('',(-10.08704325935,39.131346908259,
    37.793331238325));
#4540 = CARTESIAN_POINT('',(-9.998888046023,39.189852908609,
    37.709021364961));
#4541 = CARTESIAN_POINT('',(-9.913960761863,39.24775281226,
    37.623546647048));
#4542 = CARTESIAN_POINT('',(-9.831998562834,39.305079761637,
    37.537058097407));
#4543 = CARTESIAN_POINT('',(-9.752763990375,39.361871011338,
    37.449671278615));
#4544 = CARTESIAN_POINT('',(-9.572501340619,39.494148399433,
    37.242422730469));
#4545 = CARTESIAN_POINT('',(-9.473567948898,39.569207032536,
    37.121923572407));
#4546 = CARTESIAN_POINT('',(-9.378738610273,39.643430263833,
    37.000195526384));
#4547 = CARTESIAN_POINT('',(-9.28761998052,39.716884368648,
    36.877417030422));
#4548 = CARTESIAN_POINT('',(-9.199891817351,39.789624604444,
    36.753729545212));
#4549 = CARTESIAN_POINT('',(-9.115280465026,39.861701261989,
    36.62924513284));
#4550 = CARTESIAN_POINT('',(-9.033544852382,39.933162924628,
    36.504050387367));
#4551 = CARTESIAN_POINT('',(-8.857388544486,40.091104637327,
    36.22368869664));
#4552 = CARTESIAN_POINT('',(-8.764332442845,40.177285855146,
    36.068211777413));
#4553 = CARTESIAN_POINT('',(-8.674924086293,40.26268034154,
    35.911905987785));
#4554 = CARTESIAN_POINT('',(-8.588856274923,40.347351803097,
    35.754876587314));
#4555 = CARTESIAN_POINT('',(-8.505873999186,40.431353708881,
    35.597209217099));
#4556 = CARTESIAN_POINT('',(-8.425758151519,40.514733385564,
    35.438973496489));
#4557 = CARTESIAN_POINT('',(-8.34831617242,40.597534399349,
    35.280225066336));
#4558 = CARTESIAN_POINT('',(-8.080756589219,40.891252348318,
    34.711736514331));
#4559 = CARTESIAN_POINT('',(-7.904722917746,41.099111829618,
    34.299435496632));
#4560 = CARTESIAN_POINT('',(-7.742398341222,41.30406633392,
    33.884826405258));
#4561 = CARTESIAN_POINT('',(-7.592017537777,41.506524799815,
    33.468392973443));
#4562 = CARTESIAN_POINT('',(-7.452202815102,41.706810763929,
    33.050497980744));
#4563 = CARTESIAN_POINT('',(-7.321915811867,41.905176572604,
    32.631390562675));
#4564 = CARTESIAN_POINT('',(-7.200299248181,42.101846407735,
    32.211233215782));
#4565 = CARTESIAN_POINT('',(-6.948798993247,42.533775389264,
    31.279274526587));
#4566 = CARTESIAN_POINT('',(-6.82269790657,42.76828629396,30.76711267612
    ));
#4567 = CARTESIAN_POINT('',(-6.707115865269,43.000877664762,
    30.253858232924));
#4568 = CARTESIAN_POINT('',(-6.601158057347,43.231778363467,
    29.739694659844));
#4569 = CARTESIAN_POINT('',(-6.504121454842,43.461167700907,29.224766577
    ));
#4570 = CARTESIAN_POINT('',(-6.415432653819,43.689193693561,
    28.709186554904));
#4571 = CARTESIAN_POINT('',(-6.334624369793,43.915980189872,
    28.193037705029));
#4572 = CARTESIAN_POINT('',(-6.261304316756,44.141636110047,
    27.676377285418));
#4573 = ORIENTED_EDGE('',*,*,#4574,.F.);
#4574 = EDGE_CURVE('',#4575,#4512,#4577,.T.);
#4575 = VERTEX_POINT('',#4576);
#4576 = CARTESIAN_POINT('',(-20.88030111833,39.391636110046,
    27.676377285422));
#4577 = B_SPLINE_CURVE_WITH_KNOTS('',8,(#4578,#4579,#4580,#4581,#4582,
    #4583,#4584,#4585,#4586,#4587,#4588,#4589,#4590,#4591,#4592,#4593,
    #4594,#4595,#4596,#4597,#4598,#4599,#4600,#4601,#4602,#4603,#4604,
    #4605,#4606,#4607,#4608,#4609,#4610,#4611,#4612,#4613,#4614,#4615,
    #4616,#4617,#4618,#4619,#4620,#4621,#4622,#4623,#4624,#4625,#4626,
    #4627,#4628),.UNSPECIFIED.,.F.,.F.,(9,7,7,7,7,7,7,9),(0.,
    0.315152332985,0.581560526523,0.699288751518,0.798368677775,
    0.908213307915,0.954383228229,1.),.UNSPECIFIED.);
#4578 = CARTESIAN_POINT('',(-20.88030111833,39.391636110048,
    27.676377285418));
#4579 = CARTESIAN_POINT('',(-20.70183847023,39.261975406538,
    28.156723612583));
#4580 = CARTESIAN_POINT('',(-20.51756374618,39.135327756003,
    28.636630933655));
#4581 = CARTESIAN_POINT('',(-20.32717157865,39.011808315137,
    29.116050642065));
#4582 = CARTESIAN_POINT('',(-20.13030368277,38.891556095322,
    29.594915732667));
#4583 = CARTESIAN_POINT('',(-19.92652919759,38.774740882201,
    30.073138556639));
#4584 = CARTESIAN_POINT('',(-19.71532711929,38.661569360785,
    30.550608890954));
#4585 = CARTESIAN_POINT('',(-19.49604640995,38.552299322046,
    31.027189573487));
#4586 = CARTESIAN_POINT('',(-19.07489185562,38.35848693189,
    31.904676774903));
#4587 = CARTESIAN_POINT('',(-18.87559033061,38.272742301087,
    32.305848403165));
#4588 = CARTESIAN_POINT('',(-18.66937495163,38.190236037598,
    32.706146593937));
#4589 = CARTESIAN_POINT('',(-18.45561886581,38.111214194017,
    33.105444875901));
#4590 = CARTESIAN_POINT('',(-18.23354362499,38.035993998749,
    33.503554522364));
#4591 = CARTESIAN_POINT('',(-18.00219324451,37.96497306108,
    33.900220560138));
#4592 = CARTESIAN_POINT('',(-17.76031944245,37.898672280434,
    34.295103693492));
#4593 = CARTESIAN_POINT('',(-17.39368686578,37.8109882042,34.86123086966
    ));
#4594 = CARTESIAN_POINT('',(-17.27890854033,37.785188878687,
    35.034283708347));
#4595 = CARTESIAN_POINT('',(-17.16155435979,37.7605291585,
    35.206845348746));
#4596 = CARTESIAN_POINT('',(-17.04144127081,37.737086513686,
    35.378862997701));
#4597 = CARTESIAN_POINT('',(-16.91836197499,37.714950846357,
    35.550270773501));
#4598 = CARTESIAN_POINT('',(-16.79207599371,37.694228000178,
    35.720987805308));
#4599 = CARTESIAN_POINT('',(-16.66229425349,37.675045867458,
    35.890914914313));
#4600 = CARTESIAN_POINT('',(-16.41618840871,37.642849613507,
    36.20217265658));
#4601 = CARTESIAN_POINT('',(-16.30099945635,37.629341447538,
    36.34375523505));
#4602 = CARTESIAN_POINT('',(-16.18287059658,37.61713119842,
    36.484615015545));
#4603 = CARTESIAN_POINT('',(-16.06155092827,37.606331203921,
    36.624662138005));
#4604 = CARTESIAN_POINT('',(-15.93675717564,37.597073881732,
    36.76377933362));
#4605 = CARTESIAN_POINT('',(-15.80815777073,37.589518339102,
    36.901817517382));
#4606 = CARTESIAN_POINT('',(-15.67534223006,37.583863247464,
    37.038587118378));
#4607 = CARTESIAN_POINT('',(-15.38526328955,37.576488750388,
    37.323798511532));
#4608 = CARTESIAN_POINT('',(-15.22716816137,37.575270838341,
    37.471639894772));
#4609 = CARTESIAN_POINT('',(-15.06254377119,37.577039944645,
    37.617300059593));
#4610 = CARTESIAN_POINT('',(-14.89039092719,37.582253269161,
    37.760393594571));
#4611 = CARTESIAN_POINT('',(-14.70968589112,37.591479604699,
    37.900239730942));
#4612 = CARTESIAN_POINT('',(-14.5191229219,37.605527110935,
    38.035732482215));
#4613 = CARTESIAN_POINT('',(-14.31723887604,37.625378347644,
    38.165406455045));
#4614 = CARTESIAN_POINT('',(-14.01041131852,37.664287325887,
    38.33794590845));
#4615 = CARTESIAN_POINT('',(-13.91720600062,37.677122566694,
    38.387505552988));
#4616 = CARTESIAN_POINT('',(-13.82139481206,37.69140342461,
    38.435392577172));
#4617 = CARTESIAN_POINT('',(-13.72281058776,37.707267728366,
    38.481366362735));
#4618 = CARTESIAN_POINT('',(-13.62132025508,37.724866154551,
    38.525117606887));
#4619 = CARTESIAN_POINT('',(-13.51682841237,37.744359982806,
    38.566271235392));
#4620 = CARTESIAN_POINT('',(-13.40928431129,37.76591674359,
    38.60439236846));
#4621 = CARTESIAN_POINT('',(-13.18942514652,37.813205788038,
    38.673183742135));
#4622 = CARTESIAN_POINT('',(-13.07709802461,37.838903057635,
    38.703964537295));
#4623 = CARTESIAN_POINT('',(-12.96190625436,37.866920047296,
    38.730797560533));
#4624 = CARTESIAN_POINT('',(-12.84418523391,37.897346138481,
    38.753112234013));
#4625 = CARTESIAN_POINT('',(-12.72442458844,37.9302161131,
    38.770350818708));
#4626 = CARTESIAN_POINT('',(-12.60329190797,37.965478224267,
    38.782038283041));
#4627 = CARTESIAN_POINT('',(-12.48166601686,38.00294983885,
    38.787878787879));
#4628 = CARTESIAN_POINT('',(-12.36067977499,38.042260651806,
    38.787878787879));
#4629 = ORIENTED_EDGE('',*,*,#4630,.F.);
#4630 = EDGE_CURVE('',#3546,#4575,#4631,.T.);
#4631 = HYPERBOLA('',#4632,47.503927244798,19.595369988479);
#4632 = AXIS2_PLACEMENT_3D('',#4633,#4634,#4635);
#4633 = CARTESIAN_POINT('',(11.517869492441,15.852987331745,
    135.75757575757));
#4634 = DIRECTION('',(-0.587785252292,-0.809016994375,-0.));
#4635 = DIRECTION('',(0.,0.,-1.));
#4636 = ORIENTED_EDGE('',*,*,#3553,.T.);
#4637 = ORIENTED_EDGE('',*,*,#4638,.T.);
#4638 = EDGE_CURVE('',#3554,#4639,#4641,.T.);
#4639 = VERTEX_POINT('',#4640);
#4640 = CARTESIAN_POINT('',(-43.91604010321,7.685661446564,
    27.676377285421));
#4641 = HYPERBOLA('',#4642,47.50392724478,19.595369988472);
#4642 = AXIS2_PLACEMENT_3D('',#4643,#4644,#4645);
#4643 = CARTESIAN_POINT('',(-11.51786949243,-15.85298733173,
    135.75757575757));
#4644 = DIRECTION('',(-0.587785252292,-0.809016994375,-0.));
#4645 = DIRECTION('',(0.,0.,-1.));
#4646 = ORIENTED_EDGE('',*,*,#4647,.F.);
#4647 = EDGE_CURVE('',#4648,#4639,#4650,.T.);
#4648 = VERTEX_POINT('',#4649);
#4649 = CARTESIAN_POINT('',(-40.,0.,38.787878787879));
#4650 = B_SPLINE_CURVE_WITH_KNOTS('',8,(#4651,#4652,#4653,#4654,#4655,
    #4656,#4657,#4658,#4659,#4660,#4661,#4662,#4663,#4664,#4665,#4666,
    #4667,#4668,#4669,#4670,#4671,#4672,#4673,#4674,#4675,#4676,#4677,
    #4678,#4679,#4680,#4681,#4682,#4683,#4684,#4685,#4686,#4687,#4688,
    #4689,#4690,#4691,#4692,#4693,#4694,#4695,#4696,#4697,#4698,#4699,
    #4700,#4701,#4702,#4703,#4704,#4705,#4706,#4707,#4708),
  .UNSPECIFIED.,.F.,.F.,(9,7,7,7,7,7,7,7,9),(0.,3.897284088227E-02,
    6.7492601605E-02,0.118623280559,0.184233916875,0.272783718278,
    0.381510204295,0.6609896951,1.),.UNSPECIFIED.);
#4651 = CARTESIAN_POINT('',(-40.,3.592920162372E-23,38.787878787879));
#4652 = CARTESIAN_POINT('',(-40.,0.108971844513,38.787878787879));
#4653 = CARTESIAN_POINT('',(-40.00142861504,0.217776636834,
    38.783592956651));
#4654 = CARTESIAN_POINT('',(-40.00427796431,0.32577208417,
    38.775044882526));
#4655 = CARTESIAN_POINT('',(-40.00849469076,0.43244599322,
    38.762395774527));
#4656 = CARTESIAN_POINT('',(-40.01399452607,0.53738684377,
    38.745900493584));
#4657 = CARTESIAN_POINT('',(-40.02067358253,0.640260840143,
    38.72587334363));
#4658 = CARTESIAN_POINT('',(-40.02841637211,0.740795440525,
    38.70266362257));
#4659 = CARTESIAN_POINT('',(-40.04345550995,0.910465263063,
    38.65759790575));
#4660 = CARTESIAN_POINT('',(-40.05031927354,0.980841585281,
    38.637034472893));
#4661 = CARTESIAN_POINT('',(-40.05765027234,1.049868255142,
    38.615076413934));
#4662 = CARTESIAN_POINT('',(-40.06540870444,1.117534533892,
    38.59184415328));
#4663 = CARTESIAN_POINT('',(-40.07355725517,1.183846721118,
    38.567450597524));
#4664 = CARTESIAN_POINT('',(-40.08206181535,1.248825856155,
    38.541998972592));
#4665 = CARTESIAN_POINT('',(-40.09089219954,1.31250541949,38.51558066089
    ));
#4666 = CARTESIAN_POINT('',(-40.11639246485,1.486843079761,
    38.439315500232));
#4667 = CARTESIAN_POINT('',(-40.13371901967,1.594666529484,
    38.387524101659));
#4668 = CARTESIAN_POINT('',(-40.15185691612,1.698687991755,
    38.333340048668));
#4669 = CARTESIAN_POINT('',(-40.17068564399,1.799162568221,
    38.277128489071));
#4670 = CARTESIAN_POINT('',(-40.19010659115,1.896328609785,
    38.21918817266));
#4671 = CARTESIAN_POINT('',(-40.21004094569,1.990419009219,
    38.15975788913));
#4672 = CARTESIAN_POINT('',(-40.23042870438,2.081667030392,
    38.099019683831));
#4673 = CARTESIAN_POINT('',(-40.27791935218,2.284048629932,
    37.957642342925));
#4674 = CARTESIAN_POINT('',(-40.3052732,2.393430103515,37.876285109602)
  );
#4675 = CARTESIAN_POINT('',(-40.33319025864,2.498902985476,
    37.793331238325));
#4676 = CARTESIAN_POINT('',(-40.36159131245,2.600822923939,
    37.709021364961));
#4677 = CARTESIAN_POINT('',(-40.39041341902,2.699485625151,
    37.623546647048));
#4678 = CARTESIAN_POINT('',(-40.41960687539,2.795151310221,
    37.537058097407));
#4679 = CARTESIAN_POINT('',(-40.44913373405,2.888057327962,
    37.449671278615));
#4680 = CARTESIAN_POINT('',(-40.51923278373,3.100373256551,
    37.242422730469));
#4681 = CARTESIAN_POINT('',(-40.5600456865,3.21765889663,37.121923572407
    ));
#4682 = CARTESIAN_POINT('',(-40.60133229708,3.330783196914,
    37.000195526384));
#4683 = CARTESIAN_POINT('',(-40.64303409702,3.440140730191,
    36.877417030422));
#4684 = CARTESIAN_POINT('',(-40.68510467896,3.546053140471,
    36.753729545212));
#4685 = CARTESIAN_POINT('',(-40.72750730801,3.648796230531,
    36.62924513284));
#4686 = CARTESIAN_POINT('',(-40.77021369457,3.748614285751,
    36.504050387367));
#4687 = CARTESIAN_POINT('',(-40.86598989682,3.964955563607,
    36.22368869664));
#4688 = CARTESIAN_POINT('',(-40.91919718878,4.080088636356,
    36.068211777413));
#4689 = CARTESIAN_POINT('',(-40.9727834699,4.191509383987,
    35.911905987785));
#4690 = CARTESIAN_POINT('',(-41.02671439878,4.299529657393,
    35.754876587314));
#4691 = CARTESIAN_POINT('',(-41.08096202522,4.404408507918,
    35.597209217099));
#4692 = CARTESIAN_POINT('',(-41.13550365161,4.50636894398,
    35.438973496489));
#4693 = CARTESIAN_POINT('',(-41.19032120771,4.605607563248,
    35.280225066336));
#4694 = CARTESIAN_POINT('',(-41.38698311881,4.950835686133,
    34.711736514331));
#4695 = CARTESIAN_POINT('',(-41.53027183691,5.182485768636,
    34.299435496635));
#4696 = CARTESIAN_POINT('',(-41.67503410101,5.400200039805,
    33.884826405252));
#4697 = CARTESIAN_POINT('',(-41.82111332039,5.605783789452,
    33.468392973449));
#4698 = CARTESIAN_POINT('',(-41.96839146631,5.800647259183,
    33.05049798074));
#4699 = CARTESIAN_POINT('',(-42.11678766312,5.985855968575,
    32.631390562677));
#4700 = CARTESIAN_POINT('',(-42.2662502064,6.162294515297,
    32.211233215782));
#4701 = CARTESIAN_POINT('',(-42.599321226,6.534958867257,31.279274526587
    ));
#4702 = CARTESIAN_POINT('',(-42.78338697126,6.72735598237,
    30.767112676121));
#4703 = CARTESIAN_POINT('',(-42.96887769509,6.909155722239,
    30.253858232924));
#4704 = CARTESIAN_POINT('',(-43.15573454587,7.081279825828,
    29.739694659843));
#4705 = CARTESIAN_POINT('',(-43.34391081076,7.244452322557,
    29.224766577001));
#4706 = CARTESIAN_POINT('',(-43.53337007024,7.399264291582,
    28.709186554903));
#4707 = CARTESIAN_POINT('',(-43.72408571231,7.54619841813,
    28.193037705029));
#4708 = CARTESIAN_POINT('',(-43.91604010322,7.685661446562,
    27.676377285418));
#4709 = ORIENTED_EDGE('',*,*,#4710,.F.);
#4710 = EDGE_CURVE('',#3999,#4648,#4711,.T.);
#4711 = B_SPLINE_CURVE_WITH_KNOTS('',8,(#4712,#4713,#4714,#4715,#4716,
    #4717,#4718,#4719,#4720,#4721,#4722,#4723,#4724,#4725,#4726,#4727,
    #4728,#4729,#4730,#4731,#4732,#4733,#4734,#4735,#4736,#4737,#4738,
    #4739,#4740,#4741,#4742,#4743,#4744,#4745,#4746,#4747,#4748,#4749,
    #4750,#4751,#4752,#4753,#4754,#4755,#4756,#4757,#4758,#4759,#4760,
    #4761,#4762),.UNSPECIFIED.,.F.,.F.,(9,7,7,7,7,7,7,9),(0.,
    0.315152332987,0.581560526527,0.699288751522,0.79836867778,
    0.908213307918,0.95438322823,1.),.UNSPECIFIED.);
#4712 = CARTESIAN_POINT('',(-43.91604010322,-7.685661446562,
    27.676377285418));
#4713 = CARTESIAN_POINT('',(-43.73757745511,-7.556000743052,
    28.156723612584));
#4714 = CARTESIAN_POINT('',(-43.56018436043,-7.419881342267,
    28.636630933654));
#4715 = CARTESIAN_POINT('',(-43.38387597594,-7.276977237051,
    29.116050642066));
#4716 = CARTESIAN_POINT('',(-43.20867379322,-7.126904721366,
    29.594915732667));
#4717 = CARTESIAN_POINT('',(-43.03460614464,-6.969201555434,
    30.073138556638));
#4718 = CARTESIAN_POINT('',(-42.86170860029,-6.803308366011,
    30.550608890955));
#4719 = CARTESIAN_POINT('',(-42.69002515219,-6.62852631744,
    31.027189573486));
#4720 = CARTESIAN_POINT('',(-42.37555470104,-6.287875856456,
    31.904676774904));
#4721 = CARTESIAN_POINT('',(-42.23241915295,-6.124825390476,
    32.305848403164));
#4722 = CARTESIAN_POINT('',(-42.09022697682,-5.954198748104,
    32.706146593939));
#4723 = CARTESIAN_POINT('',(-41.94901847438,-5.775323722382,
    33.105444875901));
#4724 = CARTESIAN_POINT('',(-41.80885479407,-5.587361936145,
    33.503554522362));
#4725 = CARTESIAN_POINT('',(-41.66981866928,-5.389281325936,
    33.90022056014));
#4726 = CARTESIAN_POINT('',(-41.53201976448,-5.17973373833,
    34.295103693491));
#4727 = CARTESIAN_POINT('',(-41.33533155552,-4.858141306889,
    34.86123086966));
#4728 = CARTESIAN_POINT('',(-41.27532648573,-4.756953062569,
    35.034283708347));
#4729 = CARTESIAN_POINT('',(-41.215609262,-4.652962877065,
    35.206845348746));
#4730 = CARTESIAN_POINT('',(-41.15619699615,-4.545972716741,
    35.378862997701));
#4731 = CARTESIAN_POINT('',(-41.09711113144,-4.435757647821,
    35.550270773501));
#4732 = CARTESIAN_POINT('',(-41.03837801917,-4.322056254048,
    35.720987805308));
#4733 = CARTESIAN_POINT('',(-40.98002996356,-4.204554089309,
    35.890914914313));
#4734 = CARTESIAN_POINT('',(-40.87335861799,-3.98044271156,
    36.20217265658));
#4735 = CARTESIAN_POINT('',(-40.82491624488,-3.875065760659,
    36.343755235051));
#4736 = CARTESIAN_POINT('',(-40.7767997827,-3.766491713295,
    36.484615015545));
#4737 = CARTESIAN_POINT('',(-40.72903853829,-3.654447234037,
    36.624662138005));
#4738 = CARTESIAN_POINT('',(-40.68167091135,-3.538621992288,
    36.76377933362));
#4739 = CARTESIAN_POINT('',(-40.63474576171,-3.418651481327,
    36.901817517382));
#4740 = CARTESIAN_POINT('',(-40.58832519077,-3.294083915325,
    37.038587118378));
#4741 = CARTESIAN_POINT('',(-40.49167230495,-3.020481293638,
    37.323798511529));
#4742 = CARTESIAN_POINT('',(-40.44165992042,-2.870500247299,
    37.471639894782));
#4743 = CARTESIAN_POINT('',(-40.39247070625,-2.71338646439,
    37.617300059577));
#4744 = CARTESIAN_POINT('',(-40.34423071808,-2.548048374399,
    37.760393594589));
#4745 = CARTESIAN_POINT('',(-40.2971645575,-2.373336577874,
    37.900239730929));
#4746 = CARTESIAN_POINT('',(-40.25163733385,-2.187759506054,
    38.035732482221));
#4747 = CARTESIAN_POINT('',(-40.20813138082,-1.989621999206,
    38.165406455044));
#4748 = CARTESIAN_POINT('',(-40.1503210885,-1.685788115737,
    38.337945908449));
#4749 = CARTESIAN_POINT('',(-40.13372610071,-1.593178283261,
    38.387505552989));
#4750 = CARTESIAN_POINT('',(-40.11770071817,-1.497643400255,
    38.435392577172));
#4751 = CARTESIAN_POINT('',(-40.10232436695,-1.398981891863,
    38.481366362735));
#4752 = CARTESIAN_POINT('',(-40.08769922729,-1.297020636866,
    38.525117606887));
#4753 = CARTESIAN_POINT('',(-40.07394920451,-1.191619064743,
    38.566271235393));
#4754 = CARTESIAN_POINT('',(-40.06121794744,-1.082677141195,
    38.604392368459));
#4755 = CARTESIAN_POINT('',(-40.03825228303,-0.858965531488,
    38.673183742135));
#4756 = CARTESIAN_POINT('',(-40.02798084913,-0.744195197227,
    38.703964537295));
#4757 = CARTESIAN_POINT('',(-40.0190303751,-0.625983587573,
    38.730797560533));
#4758 = CARTESIAN_POINT('',(-40.01158951147,-0.504622064712,
    38.753112234013));
#4759 = CARTESIAN_POINT('',(-40.00584264031,-0.38056554168,
    38.770350818708));
#4760 = CARTESIAN_POINT('',(-40.00194684408,-0.254464924984,
    38.782038283041));
#4761 = CARTESIAN_POINT('',(-40.,-0.127212462976,38.787878787879));
#4762 = CARTESIAN_POINT('',(-40.,0.,38.787878787879));
#4763 = CONICAL_SURFACE('',#4764,56.,0.391235579127);
#4764 = AXIS2_PLACEMENT_3D('',#4765,#4766,#4767);
#4765 = CARTESIAN_POINT('',(0.,0.,0.));
#4766 = DIRECTION('',(-0.,-0.,-1.));
#4767 = DIRECTION('',(1.,0.,0.));
#4768 = ADVANCED_FACE('',(#4769),#4774,.F.);
#4769 = FACE_BOUND('',#4770,.F.);
#4770 = EDGE_LOOP('',(#4771,#4772,#4773));
#4771 = ORIENTED_EDGE('',*,*,#3511,.F.);
#4772 = ORIENTED_EDGE('',*,*,#3864,.T.);
#4773 = ORIENTED_EDGE('',*,*,#4494,.F.);
#4774 = PLANE('',#4775);
#4775 = AXIS2_PLACEMENT_3D('',#4776,#4777,#4778);
#4776 = CARTESIAN_POINT('',(31.011304316753,32.031031435037,8.));
#4777 = DIRECTION('',(-0.951056516295,0.309016994375,0.));
#4778 = DIRECTION('',(0.309016994375,0.951056516295,0.));
#4779 = ADVANCED_FACE('',(#4780),#4790,.F.);
#4780 = FACE_BOUND('',#4781,.F.);
#4781 = EDGE_LOOP('',(#4782,#4783,#4789));
#4782 = ORIENTED_EDGE('',*,*,#3647,.F.);
#4783 = ORIENTED_EDGE('',*,*,#4784,.T.);
#4784 = EDGE_CURVE('',#3639,#4217,#4785,.T.);
#4785 = LINE('',#4786,#4787);
#4786 = CARTESIAN_POINT('',(40.046341221558,-19.59536998847,8.));
#4787 = VECTOR('',#4788,1.);
#4788 = DIRECTION('',(0.,0.,1.));
#4789 = ORIENTED_EDGE('',*,*,#4272,.F.);
#4790 = PLANE('',#4791);
#4791 = AXIS2_PLACEMENT_3D('',#4792,#4793,#4794);
#4792 = CARTESIAN_POINT('',(40.046341221556,-19.59536998847,8.));
#4793 = DIRECTION('',(-9.059419880941E-14,1.,0.));
#4794 = DIRECTION('',(1.,9.059419880941E-14,0.));
#4795 = ADVANCED_FACE('',(#4796),#4806,.T.);
#4796 = FACE_BOUND('',#4797,.T.);
#4797 = EDGE_LOOP('',(#4798,#4799,#4805));
#4798 = ORIENTED_EDGE('',*,*,#3528,.F.);
#4799 = ORIENTED_EDGE('',*,*,#4800,.T.);
#4800 = EDGE_CURVE('',#3529,#4503,#4801,.T.);
#4801 = LINE('',#4802,#4803);
#4802 = CARTESIAN_POINT('',(-6.261304316753,44.141636110047,8.));
#4803 = VECTOR('',#4804,1.);
#4804 = DIRECTION('',(0.,0.,1.));
#4805 = ORIENTED_EDGE('',*,*,#4502,.F.);
#4806 = PLANE('',#4807);
#4807 = AXIS2_PLACEMENT_3D('',#4808,#4809,#4810);
#4808 = CARTESIAN_POINT('',(-6.261304316751,44.141636110046,8.));
#4809 = DIRECTION('',(-0.951056516295,0.309016994375,0.));
#4810 = DIRECTION('',(0.309016994375,0.951056516295,0.));
#4811 = ADVANCED_FACE('',(#4812),#4824,.F.);
#4812 = FACE_BOUND('',#4813,.T.);
#4813 = EDGE_LOOP('',(#4814,#4815,#4816,#4817,#4818));
#4814 = ORIENTED_EDGE('',*,*,#3638,.F.);
#4815 = ORIENTED_EDGE('',*,*,#4784,.T.);
#4816 = ORIENTED_EDGE('',*,*,#4216,.T.);
#4817 = ORIENTED_EDGE('',*,*,#4153,.T.);
#4818 = ORIENTED_EDGE('',*,*,#4819,.F.);
#4819 = EDGE_CURVE('',#3631,#4145,#4820,.T.);
#4820 = LINE('',#4821,#4822);
#4821 = CARTESIAN_POINT('',(31.011304316753,-32.03103143504,8.));
#4822 = VECTOR('',#4823,1.);
#4823 = DIRECTION('',(0.,0.,1.));
#4824 = CYLINDRICAL_SURFACE('',#4825,9.5);
#4825 = AXIS2_PLACEMENT_3D('',#4826,#4827,#4828);
#4826 = CARTESIAN_POINT('',(40.04634122156,-29.09536998847,8.));
#4827 = DIRECTION('',(0.,0.,-1.));
#4828 = DIRECTION('',(-0.809016994375,0.587785252292,0.));
#4829 = ADVANCED_FACE('',(#4830),#4842,.F.);
#4830 = FACE_BOUND('',#4831,.T.);
#4831 = EDGE_LOOP('',(#4832,#4833,#4839,#4840,#4841));
#4832 = ORIENTED_EDGE('',*,*,#3536,.F.);
#4833 = ORIENTED_EDGE('',*,*,#4834,.T.);
#4834 = EDGE_CURVE('',#3537,#4575,#4835,.T.);
#4835 = LINE('',#4836,#4837);
#4836 = CARTESIAN_POINT('',(-20.88030111833,39.391636110046,8.));
#4837 = VECTOR('',#4838,1.);
#4838 = DIRECTION('',(0.,0.,1.));
#4839 = ORIENTED_EDGE('',*,*,#4574,.T.);
#4840 = ORIENTED_EDGE('',*,*,#4511,.T.);
#4841 = ORIENTED_EDGE('',*,*,#4800,.F.);
#4842 = CYLINDRICAL_SURFACE('',#4843,9.5);
#4843 = AXIS2_PLACEMENT_3D('',#4844,#4845,#4846);
#4844 = CARTESIAN_POINT('',(-15.29634122156,47.07729755661,8.));
#4845 = DIRECTION('',(-0.,0.,-1.));
#4846 = DIRECTION('',(0.309016994375,-0.951056516295,0.));
#4847 = ADVANCED_FACE('',(#4848),#4853,.T.);
#4848 = FACE_BOUND('',#4849,.T.);
#4849 = EDGE_LOOP('',(#4850,#4851,#4852));
#4850 = ORIENTED_EDGE('',*,*,#3630,.F.);
#4851 = ORIENTED_EDGE('',*,*,#4819,.T.);
#4852 = ORIENTED_EDGE('',*,*,#4144,.F.);
#4853 = PLANE('',#4854);
#4854 = AXIS2_PLACEMENT_3D('',#4855,#4856,#4857);
#4855 = CARTESIAN_POINT('',(31.01130431675,-32.03103143504,8.));
#4856 = DIRECTION('',(0.951056516295,0.309016994375,0.));
#4857 = DIRECTION('',(0.309016994375,-0.951056516295,0.));
#4858 = ADVANCED_FACE('',(#4859),#4864,.F.);
#4859 = FACE_BOUND('',#4860,.F.);
#4860 = EDGE_LOOP('',(#4861,#4862,#4863));
#4861 = ORIENTED_EDGE('',*,*,#3545,.F.);
#4862 = ORIENTED_EDGE('',*,*,#4834,.T.);
#4863 = ORIENTED_EDGE('',*,*,#4630,.F.);
#4864 = PLANE('',#4865);
#4865 = AXIS2_PLACEMENT_3D('',#4866,#4867,#4868);
#4866 = CARTESIAN_POINT('',(-20.88030111833,39.391636110044,8.));
#4867 = DIRECTION('',(-0.587785252292,-0.809016994375,0.));
#4868 = DIRECTION('',(-0.809016994375,0.587785252292,0.));
#4869 = ADVANCED_FACE('',(#4870),#4880,.F.);
#4870 = FACE_BOUND('',#4871,.F.);
#4871 = EDGE_LOOP('',(#4872,#4873,#4879));
#4872 = ORIENTED_EDGE('',*,*,#3613,.F.);
#4873 = ORIENTED_EDGE('',*,*,#4874,.T.);
#4874 = EDGE_CURVE('',#3605,#4081,#4875,.T.);
#4875 = LINE('',#4876,#4877);
#4876 = CARTESIAN_POINT('',(-6.261304316756,-44.14163611004,8.));
#4877 = VECTOR('',#4878,1.);
#4878 = DIRECTION('',(0.,0.,1.));
#4879 = ORIENTED_EDGE('',*,*,#4136,.F.);
#4880 = PLANE('',#4881);
#4881 = AXIS2_PLACEMENT_3D('',#4882,#4883,#4884);
#4882 = CARTESIAN_POINT('',(-6.261304316755,-44.14163611004,8.));
#4883 = DIRECTION('',(0.951056516295,0.309016994375,0.));
#4884 = DIRECTION('',(0.309016994375,-0.951056516295,0.));
#4885 = ADVANCED_FACE('',(#4886),#4896,.T.);
#4886 = FACE_BOUND('',#4887,.T.);
#4887 = EDGE_LOOP('',(#4888,#4889,#4895));
#4888 = ORIENTED_EDGE('',*,*,#3562,.F.);
#4889 = ORIENTED_EDGE('',*,*,#4890,.T.);
#4890 = EDGE_CURVE('',#3563,#4639,#4891,.T.);
#4891 = LINE('',#4892,#4893);
#4892 = CARTESIAN_POINT('',(-43.91604010321,7.685661446564,8.));
#4893 = VECTOR('',#4894,1.);
#4894 = DIRECTION('',(0.,0.,1.));
#4895 = ORIENTED_EDGE('',*,*,#4638,.F.);
#4896 = PLANE('',#4897);
#4897 = AXIS2_PLACEMENT_3D('',#4898,#4899,#4900);
#4898 = CARTESIAN_POINT('',(-43.91604010321,7.685661446566,8.));
#4899 = DIRECTION('',(-0.587785252292,-0.809016994375,0.));
#4900 = DIRECTION('',(-0.809016994375,0.587785252292,0.));
#4901 = ADVANCED_FACE('',(#4902),#4914,.F.);
#4902 = FACE_BOUND('',#4903,.T.);
#4903 = EDGE_LOOP('',(#4904,#4905,#4906,#4907,#4908));
#4904 = ORIENTED_EDGE('',*,*,#3604,.F.);
#4905 = ORIENTED_EDGE('',*,*,#4874,.T.);
#4906 = ORIENTED_EDGE('',*,*,#4080,.T.);
#4907 = ORIENTED_EDGE('',*,*,#4017,.T.);
#4908 = ORIENTED_EDGE('',*,*,#4909,.F.);
#4909 = EDGE_CURVE('',#3597,#4009,#4910,.T.);
#4910 = LINE('',#4911,#4912);
#4911 = CARTESIAN_POINT('',(-20.88030111834,-39.39163611004,8.));
#4912 = VECTOR('',#4913,1.);
#4913 = DIRECTION('',(0.,0.,1.));
#4914 = CYLINDRICAL_SURFACE('',#4915,9.5);
#4915 = AXIS2_PLACEMENT_3D('',#4916,#4917,#4918);
#4916 = CARTESIAN_POINT('',(-15.29634122156,-47.07729755661,8.));
#4917 = DIRECTION('',(0.,-0.,-1.));
#4918 = DIRECTION('',(0.309016994375,0.951056516295,0.));
#4919 = ADVANCED_FACE('',(#4920),#4932,.F.);
#4920 = FACE_BOUND('',#4921,.T.);
#4921 = EDGE_LOOP('',(#4922,#4923,#4929,#4930,#4931));
#4922 = ORIENTED_EDGE('',*,*,#3570,.F.);
#4923 = ORIENTED_EDGE('',*,*,#4924,.T.);
#4924 = EDGE_CURVE('',#3571,#3999,#4925,.T.);
#4925 = LINE('',#4926,#4927);
#4926 = CARTESIAN_POINT('',(-43.91604010321,-7.685661446562,8.));
#4927 = VECTOR('',#4928,1.);
#4928 = DIRECTION('',(0.,0.,1.));
#4929 = ORIENTED_EDGE('',*,*,#4710,.T.);
#4930 = ORIENTED_EDGE('',*,*,#4647,.T.);
#4931 = ORIENTED_EDGE('',*,*,#4890,.F.);
#4932 = CYLINDRICAL_SURFACE('',#4933,9.5);
#4933 = AXIS2_PLACEMENT_3D('',#4934,#4935,#4936);
#4934 = CARTESIAN_POINT('',(-49.5,3.592920162372E-23,8.));
#4935 = DIRECTION('',(-0.,-0.,-1.));
#4936 = DIRECTION('',(1.,0.,0.));
#4937 = ADVANCED_FACE('',(#4938),#4943,.T.);
#4938 = FACE_BOUND('',#4939,.T.);
#4939 = EDGE_LOOP('',(#4940,#4941,#4942));
#4940 = ORIENTED_EDGE('',*,*,#3596,.F.);
#4941 = ORIENTED_EDGE('',*,*,#4909,.T.);
#4942 = ORIENTED_EDGE('',*,*,#4008,.F.);
#4943 = PLANE('',#4944);
#4944 = AXIS2_PLACEMENT_3D('',#4945,#4946,#4947);
#4945 = CARTESIAN_POINT('',(-20.88030111834,-39.39163611004,8.));
#4946 = DIRECTION('',(0.587785252292,-0.809016994375,0.));
#4947 = DIRECTION('',(-0.809016994375,-0.587785252292,0.));
#4948 = ADVANCED_FACE('',(#4949),#4954,.F.);
#4949 = FACE_BOUND('',#4950,.F.);
#4950 = EDGE_LOOP('',(#4951,#4952,#4953));
#4951 = ORIENTED_EDGE('',*,*,#3579,.F.);
#4952 = ORIENTED_EDGE('',*,*,#4924,.T.);
#4953 = ORIENTED_EDGE('',*,*,#3998,.F.);
#4954 = PLANE('',#4955);
#4955 = AXIS2_PLACEMENT_3D('',#4956,#4957,#4958);
#4956 = CARTESIAN_POINT('',(-43.91604010321,-7.685661446562,8.));
#4957 = DIRECTION('',(0.587785252293,-0.809016994375,0.));
#4958 = DIRECTION('',(-0.809016994375,-0.587785252293,0.));
#4959 = ADVANCED_FACE('',(#4960),#4986,.F.);
#4960 = FACE_BOUND('',#4961,.F.);
#4961 = EDGE_LOOP('',(#4962,#4973,#4979,#4980));
#4962 = ORIENTED_EDGE('',*,*,#4963,.F.);
#4963 = EDGE_CURVE('',#4964,#4966,#4968,.T.);
#4964 = VERTEX_POINT('',#4965);
#4965 = CARTESIAN_POINT('',(49.343139563908,-7.169705454336,
    46.534302876103));
#4966 = VERTEX_POINT('',#4967);
#4967 = CARTESIAN_POINT('',(49.343139563882,7.169705454432,
    46.534302876166));
#4968 = CIRCLE('',#4969,12.5);
#4969 = AXIS2_PLACEMENT_3D('',#4970,#4971,#4972);
#4970 = CARTESIAN_POINT('',(45.4385395003,1.674607941672E-14,56.));
#4971 = DIRECTION('',(0.924438601098,-2.052666039582E-16,0.381330922953)
  );
#4972 = DIRECTION('',(2.22044604925E-16,1.,-1.994052461634E-33));
#4973 = ORIENTED_EDGE('',*,*,#4974,.T.);
#4974 = EDGE_CURVE('',#4964,#3695,#4975,.T.);
#4975 = LINE('',#4976,#4977);
#4976 = CARTESIAN_POINT('',(49.343139563908,-7.169705454336,
    46.534302876103));
#4977 = VECTOR('',#4978,1.);
#4978 = DIRECTION('',(-0.924438601098,1.665334536938E-16,-0.381330922953
    ));
#4979 = ORIENTED_EDGE('',*,*,#3694,.T.);
#4980 = ORIENTED_EDGE('',*,*,#4981,.F.);
#4981 = EDGE_CURVE('',#4966,#3697,#4982,.T.);
#4982 = LINE('',#4983,#4984);
#4983 = CARTESIAN_POINT('',(49.343139563882,7.169705454432,
    46.534302876166));
#4984 = VECTOR('',#4985,1.);
#4985 = DIRECTION('',(-0.924438601098,1.665334536938E-16,-0.381330922953
    ));
#4986 = CYLINDRICAL_SURFACE('',#4987,12.5);
#4987 = AXIS2_PLACEMENT_3D('',#4988,#4989,#4990);
#4988 = CARTESIAN_POINT('',(45.4385395003,1.674607941672E-14,56.));
#4989 = DIRECTION('',(0.924438601098,-2.052666039582E-16,0.381330922953)
  );
#4990 = DIRECTION('',(2.22044604925E-16,1.,0.));
#4991 = ADVANCED_FACE('',(#4992),#5011,.F.);
#4992 = FACE_BOUND('',#4993,.F.);
#4993 = EDGE_LOOP('',(#4994,#5003,#5009,#5010));
#4994 = ORIENTED_EDGE('',*,*,#4995,.F.);
#4995 = EDGE_CURVE('',#4996,#4964,#4998,.T.);
#4996 = VERTEX_POINT('',#4997);
#4997 = CARTESIAN_POINT('',(47.781299538465,-4.301823272602,
    50.320581725662));
#4998 = CIRCLE('',#4999,2.5);
#4999 = AXIS2_PLACEMENT_3D('',#5000,#5001,#5002);
#5000 = CARTESIAN_POINT('',(48.562219551186,-5.735764363469,
    48.427442300882));
#5001 = DIRECTION('',(0.924438601098,-2.052666039582E-16,0.381330922953)
  );
#5002 = DIRECTION('',(2.22044604925E-16,1.,-1.994052461634E-33));
#5003 = ORIENTED_EDGE('',*,*,#5004,.T.);
#5004 = EDGE_CURVE('',#4996,#3706,#5005,.T.);
#5005 = LINE('',#5006,#5007);
#5006 = CARTESIAN_POINT('',(47.781299538465,-4.301823272602,
    50.320581725662));
#5007 = VECTOR('',#5008,1.);
#5008 = DIRECTION('',(-0.924438601098,1.665334536938E-16,-0.381330922953
    ));
#5009 = ORIENTED_EDGE('',*,*,#3705,.T.);
#5010 = ORIENTED_EDGE('',*,*,#4974,.F.);
#5011 = CYLINDRICAL_SURFACE('',#5012,2.5);
#5012 = AXIS2_PLACEMENT_3D('',#5013,#5014,#5015);
#5013 = CARTESIAN_POINT('',(48.562219551186,-5.735764363469,
    48.427442300882));
#5014 = DIRECTION('',(0.924438601098,-2.052666039582E-16,0.381330922953)
  );
#5015 = DIRECTION('',(2.22044604925E-16,1.,0.));
#5016 = ADVANCED_FACE('',(#5017),#5036,.F.);
#5017 = FACE_BOUND('',#5018,.F.);
#5018 = EDGE_LOOP('',(#5019,#5028,#5029,#5030));
#5019 = ORIENTED_EDGE('',*,*,#5020,.F.);
#5020 = EDGE_CURVE('',#4966,#5021,#5023,.T.);
#5021 = VERTEX_POINT('',#5022);
#5022 = CARTESIAN_POINT('',(47.78129953845,4.301823272656,
    50.320581725697));
#5023 = CIRCLE('',#5024,2.5);
#5024 = AXIS2_PLACEMENT_3D('',#5025,#5026,#5027);
#5025 = CARTESIAN_POINT('',(48.562219551166,5.735764363545,
    48.427442300931));
#5026 = DIRECTION('',(0.924438601098,-2.052666039582E-16,0.381330922953)
  );
#5027 = DIRECTION('',(2.22044604925E-16,1.,-1.994052461634E-33));
#5028 = ORIENTED_EDGE('',*,*,#4981,.T.);
#5029 = ORIENTED_EDGE('',*,*,#3723,.T.);
#5030 = ORIENTED_EDGE('',*,*,#5031,.F.);
#5031 = EDGE_CURVE('',#5021,#3715,#5032,.T.);
#5032 = LINE('',#5033,#5034);
#5033 = CARTESIAN_POINT('',(47.78129953845,4.301823272656,
    50.320581725697));
#5034 = VECTOR('',#5035,1.);
#5035 = DIRECTION('',(-0.924438601098,1.665334536938E-16,-0.381330922953
    ));
#5036 = CYLINDRICAL_SURFACE('',#5037,2.5);
#5037 = AXIS2_PLACEMENT_3D('',#5038,#5039,#5040);
#5038 = CARTESIAN_POINT('',(48.562219551166,5.735764363545,
    48.427442300931));
#5039 = DIRECTION('',(0.924438601098,-2.052666039582E-16,0.381330922953)
  );
#5040 = DIRECTION('',(2.22044604925E-16,1.,0.));
#5041 = ADVANCED_FACE('',(#5042),#5054,.T.);
#5042 = FACE_BOUND('',#5043,.T.);
#5043 = EDGE_LOOP('',(#5044,#5051,#5052,#5053));
#5044 = ORIENTED_EDGE('',*,*,#5045,.F.);
#5045 = EDGE_CURVE('',#4996,#5021,#5046,.T.);
#5046 = CIRCLE('',#5047,7.5);
#5047 = AXIS2_PLACEMENT_3D('',#5048,#5049,#5050);
#5048 = CARTESIAN_POINT('',(45.4385395003,1.674607941672E-14,56.));
#5049 = DIRECTION('',(0.924438601098,-2.052666039582E-16,0.381330922953)
  );
#5050 = DIRECTION('',(2.22044604925E-16,1.,-1.994052461634E-33));
#5051 = ORIENTED_EDGE('',*,*,#5004,.T.);
#5052 = ORIENTED_EDGE('',*,*,#3714,.T.);
#5053 = ORIENTED_EDGE('',*,*,#5031,.F.);
#5054 = CYLINDRICAL_SURFACE('',#5055,7.5);
#5055 = AXIS2_PLACEMENT_3D('',#5056,#5057,#5058);
#5056 = CARTESIAN_POINT('',(45.4385395003,1.674607941672E-14,56.));
#5057 = DIRECTION('',(0.924438601098,-2.052666039582E-16,0.381330922953)
  );
#5058 = DIRECTION('',(2.22044604925E-16,1.,0.));
#5059 = ADVANCED_FACE('',(#5060),#5086,.F.);
#5060 = FACE_BOUND('',#5061,.F.);
#5061 = EDGE_LOOP('',(#5062,#5073,#5079,#5080));
#5062 = ORIENTED_EDGE('',*,*,#5063,.F.);
#5063 = EDGE_CURVE('',#5064,#5066,#5068,.T.);
#5064 = VERTEX_POINT('',#5065);
#5065 = CARTESIAN_POINT('',(45.853979248059,12.452433726153,
    54.992873338767));
#5066 = VERTEX_POINT('',#5067);
#5067 = CARTESIAN_POINT('',(41.118499688916,5.28272827171,
    66.472823785175));
#5068 = CIRCLE('',#5069,12.5);
#5069 = AXIS2_PLACEMENT_3D('',#5070,#5071,#5072);
#5070 = CARTESIAN_POINT('',(45.4385395003,-3.552713678801E-15,56.));
#5071 = DIRECTION('',(0.924438601098,-4.440892098501E-16,0.381330922953)
  );
#5072 = DIRECTION('',(-0.330242266526,-0.5,0.80058731279));
#5073 = ORIENTED_EDGE('',*,*,#5074,.T.);
#5074 = EDGE_CURVE('',#5064,#3733,#5075,.T.);
#5075 = LINE('',#5076,#5077);
#5076 = CARTESIAN_POINT('',(45.853979248059,12.452433726153,
    54.992873338767));
#5077 = VECTOR('',#5078,1.);
#5078 = DIRECTION('',(-0.924438601098,4.440892098501E-16,-0.381330922953
    ));
#5079 = ORIENTED_EDGE('',*,*,#3732,.T.);
#5080 = ORIENTED_EDGE('',*,*,#5081,.F.);
#5081 = EDGE_CURVE('',#5066,#3735,#5082,.T.);
#5082 = LINE('',#5083,#5084);
#5083 = CARTESIAN_POINT('',(41.118499688916,5.28272827171,
    66.472823785175));
#5084 = VECTOR('',#5085,1.);
#5085 = DIRECTION('',(-0.924438601098,4.440892098501E-16,-0.381330922953
    ));
#5086 = CYLINDRICAL_SURFACE('',#5087,12.5);
#5087 = AXIS2_PLACEMENT_3D('',#5088,#5089,#5090);
#5088 = CARTESIAN_POINT('',(45.4385395003,1.7763568394E-14,56.));
#5089 = DIRECTION('',(0.924438601098,-3.330669073875E-16,0.381330922953)
  );
#5090 = DIRECTION('',(-0.330242266526,-0.5,0.80058731279));
#5091 = ADVANCED_FACE('',(#5092),#5111,.F.);
#5092 = FACE_BOUND('',#5093,.F.);
#5093 = EDGE_LOOP('',(#5094,#5103,#5104,#5105));
#5094 = ORIENTED_EDGE('',*,*,#5095,.F.);
#5095 = EDGE_CURVE('',#5066,#5096,#5098,.T.);
#5096 = VERTEX_POINT('',#5097);
#5097 = CARTESIAN_POINT('',(42.84651561347,3.169636963029,
    62.283694271104));
#5098 = CIRCLE('',#5099,2.5);
#5099 = AXIS2_PLACEMENT_3D('',#5100,#5101,#5102);
#5100 = CARTESIAN_POINT('',(41.982507651193,4.22618261737,64.37825902814
    ));
#5101 = DIRECTION('',(0.924438601098,-4.440892098501E-16,0.381330922953)
  );
#5102 = DIRECTION('',(-0.330242266526,-0.5,0.80058731279));
#5103 = ORIENTED_EDGE('',*,*,#5081,.T.);
#5104 = ORIENTED_EDGE('',*,*,#3761,.T.);
#5105 = ORIENTED_EDGE('',*,*,#5106,.F.);
#5106 = EDGE_CURVE('',#5096,#3753,#5107,.T.);
#5107 = LINE('',#5108,#5109);
#5108 = CARTESIAN_POINT('',(42.84651561347,3.169636963029,
    62.283694271104));
#5109 = VECTOR('',#5110,1.);
#5110 = DIRECTION('',(-0.924438601098,4.440892098501E-16,-0.381330922953
    ));
#5111 = CYLINDRICAL_SURFACE('',#5112,2.5);
#5112 = AXIS2_PLACEMENT_3D('',#5113,#5114,#5115);
#5113 = CARTESIAN_POINT('',(41.982507651193,4.22618261737,64.37825902814
    ));
#5114 = DIRECTION('',(0.924438601098,-3.330669073875E-16,0.381330922953)
  );
#5115 = DIRECTION('',(-0.330242266526,-0.5,0.80058731279));
#5116 = ADVANCED_FACE('',(#5117),#5136,.T.);
#5117 = FACE_BOUND('',#5118,.T.);
#5118 = EDGE_LOOP('',(#5119,#5128,#5134,#5135));
#5119 = ORIENTED_EDGE('',*,*,#5120,.F.);
#5120 = EDGE_CURVE('',#5121,#5096,#5123,.T.);
#5121 = VERTEX_POINT('',#5122);
#5122 = CARTESIAN_POINT('',(45.687803348955,7.471460235692,
    55.39572400326));
#5123 = CIRCLE('',#5124,7.5);
#5124 = AXIS2_PLACEMENT_3D('',#5125,#5126,#5127);
#5125 = CARTESIAN_POINT('',(45.4385395003,-3.552713678801E-15,56.));
#5126 = DIRECTION('',(0.924438601098,-4.440892098501E-16,0.381330922953)
  );
#5127 = DIRECTION('',(-0.330242266526,-0.5,0.80058731279));
#5128 = ORIENTED_EDGE('',*,*,#5129,.T.);
#5129 = EDGE_CURVE('',#5121,#3744,#5130,.T.);
#5130 = LINE('',#5131,#5132);
#5131 = CARTESIAN_POINT('',(45.687803348955,7.471460235692,
    55.39572400326));
#5132 = VECTOR('',#5133,1.);
#5133 = DIRECTION('',(-0.924438601098,4.440892098501E-16,-0.381330922953
    ));
#5134 = ORIENTED_EDGE('',*,*,#3752,.T.);
#5135 = ORIENTED_EDGE('',*,*,#5106,.F.);
#5136 = CYLINDRICAL_SURFACE('',#5137,7.5);
#5137 = AXIS2_PLACEMENT_3D('',#5138,#5139,#5140);
#5138 = CARTESIAN_POINT('',(45.4385395003,1.7763568394E-14,56.));
#5139 = DIRECTION('',(0.924438601098,-3.330669073875E-16,0.381330922953)
  );
#5140 = DIRECTION('',(-0.330242266526,-0.5,0.80058731279));
#5141 = ADVANCED_FACE('',(#5142),#5154,.F.);
#5142 = FACE_BOUND('',#5143,.F.);
#5143 = EDGE_LOOP('',(#5144,#5151,#5152,#5153));
#5144 = ORIENTED_EDGE('',*,*,#5145,.F.);
#5145 = EDGE_CURVE('',#5121,#5064,#5146,.T.);
#5146 = CIRCLE('',#5147,2.5);
#5147 = AXIS2_PLACEMENT_3D('',#5148,#5149,#5150);
#5148 = CARTESIAN_POINT('',(45.770891298507,9.961946980923,
    55.194298671014));
#5149 = DIRECTION('',(0.924438601098,-4.440892098501E-16,0.381330922953)
  );
#5150 = DIRECTION('',(-0.330242266526,-0.5,0.80058731279));
#5151 = ORIENTED_EDGE('',*,*,#5129,.T.);
#5152 = ORIENTED_EDGE('',*,*,#3743,.T.);
#5153 = ORIENTED_EDGE('',*,*,#5074,.F.);
#5154 = CYLINDRICAL_SURFACE('',#5155,2.5);
#5155 = AXIS2_PLACEMENT_3D('',#5156,#5157,#5158);
#5156 = CARTESIAN_POINT('',(45.770891298507,9.961946980923,
    55.194298671014));
#5157 = DIRECTION('',(0.924438601098,-3.330669073875E-16,0.381330922953)
  );
#5158 = DIRECTION('',(-0.330242266526,-0.5,0.80058731279));
#5159 = ADVANCED_FACE('',(#5160),#5186,.F.);
#5160 = FACE_BOUND('',#5161,.F.);
#5161 = EDGE_LOOP('',(#5162,#5173,#5179,#5180));
#5162 = ORIENTED_EDGE('',*,*,#5163,.F.);
#5163 = EDGE_CURVE('',#5164,#5166,#5168,.T.);
#5164 = VERTEX_POINT('',#5165);
#5165 = CARTESIAN_POINT('',(41.118499688935,-5.282728271817,
    66.472823785129));
#5166 = VERTEX_POINT('',#5167);
#5167 = CARTESIAN_POINT('',(45.853979248104,-12.45243372614,
    54.992873338659));
#5168 = CIRCLE('',#5169,12.5);
#5169 = AXIS2_PLACEMENT_3D('',#5170,#5171,#5172);
#5170 = CARTESIAN_POINT('',(45.4385395003,1.06581410364E-14,56.));
#5171 = DIRECTION('',(0.924438601098,-3.053113317719E-16,0.381330922953)
  );
#5172 = DIRECTION('',(0.330242266526,-0.5,-0.80058731279));
#5173 = ORIENTED_EDGE('',*,*,#5174,.T.);
#5174 = EDGE_CURVE('',#5164,#3771,#5175,.T.);
#5175 = LINE('',#5176,#5177);
#5176 = CARTESIAN_POINT('',(41.118499688935,-5.282728271817,
    66.472823785129));
#5177 = VECTOR('',#5178,1.);
#5178 = DIRECTION('',(-0.924438601098,4.440892098501E-16,-0.381330922953
    ));
#5179 = ORIENTED_EDGE('',*,*,#3770,.T.);
#5180 = ORIENTED_EDGE('',*,*,#5181,.F.);
#5181 = EDGE_CURVE('',#5166,#3773,#5182,.T.);
#5182 = LINE('',#5183,#5184);
#5183 = CARTESIAN_POINT('',(45.853979248104,-12.45243372614,
    54.992873338659));
#5184 = VECTOR('',#5185,1.);
#5185 = DIRECTION('',(-0.924438601098,4.440892098501E-16,-0.381330922953
    ));
#5186 = CYLINDRICAL_SURFACE('',#5187,12.5);
#5187 = AXIS2_PLACEMENT_3D('',#5188,#5189,#5190);
#5188 = CARTESIAN_POINT('',(45.4385395003,0.,56.));
#5189 = DIRECTION('',(0.924438601098,-4.996003610813E-16,0.381330922953)
  );
#5190 = DIRECTION('',(0.330242266526,-0.5,-0.80058731279));
#5191 = ADVANCED_FACE('',(#5192),#5211,.F.);
#5192 = FACE_BOUND('',#5193,.F.);
#5193 = EDGE_LOOP('',(#5194,#5203,#5204,#5205));
#5194 = ORIENTED_EDGE('',*,*,#5195,.F.);
#5195 = EDGE_CURVE('',#5166,#5196,#5198,.T.);
#5196 = VERTEX_POINT('',#5197);
#5197 = CARTESIAN_POINT('',(45.687803348981,-7.471460235686,
    55.395724003199));
#5198 = CIRCLE('',#5199,2.5);
#5199 = AXIS2_PLACEMENT_3D('',#5200,#5201,#5202);
#5200 = CARTESIAN_POINT('',(45.770891298542,-9.961946980914,
    55.194298670929));
#5201 = DIRECTION('',(0.924438601098,-3.053113317719E-16,0.381330922953)
  );
#5202 = DIRECTION('',(0.330242266526,-0.5,-0.80058731279));
#5203 = ORIENTED_EDGE('',*,*,#5181,.T.);
#5204 = ORIENTED_EDGE('',*,*,#3799,.T.);
#5205 = ORIENTED_EDGE('',*,*,#5206,.F.);
#5206 = EDGE_CURVE('',#5196,#3791,#5207,.T.);
#5207 = LINE('',#5208,#5209);
#5208 = CARTESIAN_POINT('',(45.687803348981,-7.471460235686,
    55.395724003199));
#5209 = VECTOR('',#5210,1.);
#5210 = DIRECTION('',(-0.924438601098,4.440892098501E-16,-0.381330922953
    ));
#5211 = CYLINDRICAL_SURFACE('',#5212,2.5);
#5212 = AXIS2_PLACEMENT_3D('',#5213,#5214,#5215);
#5213 = CARTESIAN_POINT('',(45.770891298542,-9.961946980914,
    55.194298670929));
#5214 = DIRECTION('',(0.924438601098,-4.996003610813E-16,0.381330922953)
  );
#5215 = DIRECTION('',(0.330242266526,-0.5,-0.80058731279));
#5216 = ADVANCED_FACE('',(#5217),#5236,.T.);
#5217 = FACE_BOUND('',#5218,.T.);
#5218 = EDGE_LOOP('',(#5219,#5228,#5234,#5235));
#5219 = ORIENTED_EDGE('',*,*,#5220,.F.);
#5220 = EDGE_CURVE('',#5221,#5196,#5223,.T.);
#5221 = VERTEX_POINT('',#5222);
#5222 = CARTESIAN_POINT('',(42.846515613481,-3.16963696309,
    62.283694271078));
#5223 = CIRCLE('',#5224,7.5);
#5224 = AXIS2_PLACEMENT_3D('',#5225,#5226,#5227);
#5225 = CARTESIAN_POINT('',(45.4385395003,1.06581410364E-14,56.));
#5226 = DIRECTION('',(0.924438601098,-3.053113317719E-16,0.381330922953)
  );
#5227 = DIRECTION('',(0.330242266526,-0.5,-0.80058731279));
#5228 = ORIENTED_EDGE('',*,*,#5229,.T.);
#5229 = EDGE_CURVE('',#5221,#3782,#5230,.T.);
#5230 = LINE('',#5231,#5232);
#5231 = CARTESIAN_POINT('',(42.846515613481,-3.16963696309,
    62.283694271078));
#5232 = VECTOR('',#5233,1.);
#5233 = DIRECTION('',(-0.924438601098,4.440892098501E-16,-0.381330922953
    ));
#5234 = ORIENTED_EDGE('',*,*,#3790,.T.);
#5235 = ORIENTED_EDGE('',*,*,#5206,.F.);
#5236 = CYLINDRICAL_SURFACE('',#5237,7.5);
#5237 = AXIS2_PLACEMENT_3D('',#5238,#5239,#5240);
#5238 = CARTESIAN_POINT('',(45.4385395003,0.,56.));
#5239 = DIRECTION('',(0.924438601098,-4.996003610813E-16,0.381330922953)
  );
#5240 = DIRECTION('',(0.330242266526,-0.5,-0.80058731279));
#5241 = ADVANCED_FACE('',(#5242),#5254,.F.);
#5242 = FACE_BOUND('',#5243,.F.);
#5243 = EDGE_LOOP('',(#5244,#5251,#5252,#5253));
#5244 = ORIENTED_EDGE('',*,*,#5245,.F.);
#5245 = EDGE_CURVE('',#5221,#5164,#5246,.T.);
#5246 = CIRCLE('',#5247,2.5);
#5247 = AXIS2_PLACEMENT_3D('',#5248,#5249,#5250);
#5248 = CARTESIAN_POINT('',(41.982507651208,-4.226182617453,
    64.378259028104));
#5249 = DIRECTION('',(0.924438601098,-3.053113317719E-16,0.381330922953)
  );
#5250 = DIRECTION('',(0.330242266526,-0.5,-0.80058731279));
#5251 = ORIENTED_EDGE('',*,*,#5229,.T.);
#5252 = ORIENTED_EDGE('',*,*,#3781,.T.);
#5253 = ORIENTED_EDGE('',*,*,#5174,.F.);
#5254 = CYLINDRICAL_SURFACE('',#5255,2.5);
#5255 = AXIS2_PLACEMENT_3D('',#5256,#5257,#5258);
#5256 = CARTESIAN_POINT('',(41.982507651208,-4.226182617453,
    64.378259028104));
#5257 = DIRECTION('',(0.924438601098,-4.996003610813E-16,0.381330922953)
  );
#5258 = DIRECTION('',(0.330242266526,-0.5,-0.80058731279));
#5259 = ADVANCED_FACE('',(#5260,#5271),#5274,.T.);
#5260 = FACE_BOUND('',#5261,.T.);
#5261 = EDGE_LOOP('',(#5262));
#5262 = ORIENTED_EDGE('',*,*,#5263,.T.);
#5263 = EDGE_CURVE('',#5264,#5264,#5266,.T.);
#5264 = VERTEX_POINT('',#5265);
#5265 = CARTESIAN_POINT('',(15.,0.,92.));
#5266 = CIRCLE('',#5267,15.);
#5267 = AXIS2_PLACEMENT_3D('',#5268,#5269,#5270);
#5268 = CARTESIAN_POINT('',(0.,0.,92.));
#5269 = DIRECTION('',(0.,0.,1.));
#5270 = DIRECTION('',(1.,0.,0.));
#5271 = FACE_BOUND('',#5272,.T.);
#5272 = EDGE_LOOP('',(#5273));
#5273 = ORIENTED_EDGE('',*,*,#3824,.F.);
#5274 = PLANE('',#5275);
#5275 = AXIS2_PLACEMENT_3D('',#5276,#5277,#5278);
#5276 = CARTESIAN_POINT('',(-7.29301404021E-16,1.169780044473E-16,92.));
#5277 = DIRECTION('',(0.,0.,1.));
#5278 = DIRECTION('',(1.,0.,0.));
#5279 = ADVANCED_FACE('',(#5280),#5300,.T.);
#5280 = FACE_BOUND('',#5281,.T.);
#5281 = EDGE_LOOP('',(#5282,#5290,#5297,#5298,#5299));
#5282 = ORIENTED_EDGE('',*,*,#5283,.F.);
#5283 = EDGE_CURVE('',#5284,#4281,#5286,.T.);
#5284 = VERTEX_POINT('',#5285);
#5285 = CARTESIAN_POINT('',(52.111830651976,8.842332306533E-15,
    39.822324480786));
#5286 = LINE('',#5287,#5288);
#5287 = CARTESIAN_POINT('',(52.111830651976,8.842332306533E-15,
    39.822324480786));
#5288 = VECTOR('',#5289,1.);
#5289 = DIRECTION('',(-0.794243414272,-1.349142359685E-16,
    -0.607599702835));
#5290 = ORIENTED_EDGE('',*,*,#5291,.T.);
#5291 = EDGE_CURVE('',#5284,#5284,#5292,.T.);
#5292 = CIRCLE('',#5293,17.5);
#5293 = AXIS2_PLACEMENT_3D('',#5294,#5295,#5296);
#5294 = CARTESIAN_POINT('',(45.4385395003,1.24344978758E-14,56.));
#5295 = DIRECTION('',(-0.924438601098,-8.467247413277E-17,
    -0.381330922953));
#5296 = DIRECTION('',(0.381330922953,-2.052666039582E-16,-0.924438601098
    ));
#5297 = ORIENTED_EDGE('',*,*,#5283,.T.);
#5298 = ORIENTED_EDGE('',*,*,#4400,.F.);
#5299 = ORIENTED_EDGE('',*,*,#4287,.F.);
#5300 = CONICAL_SURFACE('',#5301,17.5,0.261799387799);
#5301 = AXIS2_PLACEMENT_3D('',#5302,#5303,#5304);
#5302 = CARTESIAN_POINT('',(45.4385395003,1.24344978758E-14,56.));
#5303 = DIRECTION('',(-0.924438601098,-8.467247413277E-17,
    -0.381330922953));
#5304 = DIRECTION('',(0.381330922953,-2.052666039582E-16,-0.924438601098
    ));
#5305 = ADVANCED_FACE('',(#5306,#5309),#5320,.T.);
#5306 = FACE_BOUND('',#5307,.T.);
#5307 = EDGE_LOOP('',(#5308));
#5308 = ORIENTED_EDGE('',*,*,#4392,.T.);
#5309 = FACE_BOUND('',#5310,.T.);
#5310 = EDGE_LOOP('',(#5311));
#5311 = ORIENTED_EDGE('',*,*,#5312,.F.);
#5312 = EDGE_CURVE('',#5313,#5313,#5315,.T.);
#5313 = VERTEX_POINT('',#5314);
#5314 = CARTESIAN_POINT('',(15.,0.,80.));
#5315 = CIRCLE('',#5316,15.);
#5316 = AXIS2_PLACEMENT_3D('',#5317,#5318,#5319);
#5317 = CARTESIAN_POINT('',(0.,0.,80.));
#5318 = DIRECTION('',(0.,0.,1.));
#5319 = DIRECTION('',(1.,0.,0.));
#5320 = PLANE('',#5321);
#5321 = AXIS2_PLACEMENT_3D('',#5322,#5323,#5324);
#5322 = CARTESIAN_POINT('',(-1.426894051345E-15,1.914892223345E-15,80.)
  );
#5323 = DIRECTION('',(0.,0.,1.));
#5324 = DIRECTION('',(1.,0.,0.));
#5325 = ADVANCED_FACE('',(#5326,#5329,#5335,#5341),#5347,.T.);
#5326 = FACE_BOUND('',#5327,.T.);
#5327 = EDGE_LOOP('',(#5328));
#5328 = ORIENTED_EDGE('',*,*,#5291,.F.);
#5329 = FACE_BOUND('',#5330,.T.);
#5330 = EDGE_LOOP('',(#5331,#5332,#5333,#5334));
#5331 = ORIENTED_EDGE('',*,*,#4963,.F.);
#5332 = ORIENTED_EDGE('',*,*,#4995,.F.);
#5333 = ORIENTED_EDGE('',*,*,#5045,.T.);
#5334 = ORIENTED_EDGE('',*,*,#5020,.F.);
#5335 = FACE_BOUND('',#5336,.T.);
#5336 = EDGE_LOOP('',(#5337,#5338,#5339,#5340));
#5337 = ORIENTED_EDGE('',*,*,#5063,.F.);
#5338 = ORIENTED_EDGE('',*,*,#5145,.F.);
#5339 = ORIENTED_EDGE('',*,*,#5120,.T.);
#5340 = ORIENTED_EDGE('',*,*,#5095,.F.);
#5341 = FACE_BOUND('',#5342,.T.);
#5342 = EDGE_LOOP('',(#5343,#5344,#5345,#5346));
#5343 = ORIENTED_EDGE('',*,*,#5163,.F.);
#5344 = ORIENTED_EDGE('',*,*,#5245,.F.);
#5345 = ORIENTED_EDGE('',*,*,#5220,.T.);
#5346 = ORIENTED_EDGE('',*,*,#5195,.F.);
#5347 = PLANE('',#5348);
#5348 = AXIS2_PLACEMENT_3D('',#5349,#5350,#5351);
#5349 = CARTESIAN_POINT('',(45.4385395003,1.24344978758E-14,56.));
#5350 = DIRECTION('',(0.924438601098,8.467247413277E-17,0.381330922953)
  );
#5351 = DIRECTION('',(-0.381330922953,2.052666039582E-16,0.924438601098)
  );
#5352 = ADVANCED_FACE('',(#5353),#5364,.T.);
#5353 = FACE_BOUND('',#5354,.F.);
#5354 = EDGE_LOOP('',(#5355,#5361,#5362,#5363));
#5355 = ORIENTED_EDGE('',*,*,#5356,.T.);
#5356 = EDGE_CURVE('',#5313,#5264,#5357,.T.);
#5357 = LINE('',#5358,#5359);
#5358 = CARTESIAN_POINT('',(15.,0.,80.));
#5359 = VECTOR('',#5360,1.);
#5360 = DIRECTION('',(0.,0.,1.));
#5361 = ORIENTED_EDGE('',*,*,#5263,.T.);
#5362 = ORIENTED_EDGE('',*,*,#5356,.F.);
#5363 = ORIENTED_EDGE('',*,*,#5312,.F.);
#5364 = CYLINDRICAL_SURFACE('',#5365,15.);
#5365 = AXIS2_PLACEMENT_3D('',#5366,#5367,#5368);
#5366 = CARTESIAN_POINT('',(0.,0.,80.));
#5367 = DIRECTION('',(-0.,-0.,-1.));
#5368 = DIRECTION('',(1.,0.,0.));
#5369 = ( GEOMETRIC_REPRESENTATION_CONTEXT(3) 
GLOBAL_UNCERTAINTY_ASSIGNED_CONTEXT((#5373)) 
GLOBAL_UNIT_ASSIGNED_CONTEXT((#5370,#5371,#5372)) REPRESENTATION_CONTEXT
('Context #1','3D Context with UNIT and UNCERTAINTY') );
#5370 = ( LENGTH_UNIT() NAMED_UNIT(*) SI_UNIT(.MILLI.,.METRE.) );
#5371 = ( NAMED_UNIT(*) PLANE_ANGLE_UNIT() SI_UNIT($,.RADIAN.) );
#5372 = ( NAMED_UNIT(*) SI_UNIT($,.STERADIAN.) SOLID_ANGLE_UNIT() );
#5373 = UNCERTAINTY_MEASURE_WITH_UNIT(LENGTH_MEASURE(2.E-05),#5370,
  'distance_accuracy_value','confusion accuracy');
#5374 = PRODUCT_RELATED_PRODUCT_CATEGORY('part',$,(#7));
#5375 = MECHANICAL_DESIGN_GEOMETRIC_PRESENTATION_REPRESENTATION('',(
    #5376),#5369);
#5376 = STYLED_ITEM('color',(#5377),#15);
#5377 = PRESENTATION_STYLE_ASSIGNMENT((#5378,#5384));
#5378 = SURFACE_STYLE_USAGE(.BOTH.,#5379);
#5379 = SURFACE_SIDE_STYLE('',(#5380));
#5380 = SURFACE_STYLE_FILL_AREA(#5381);
#5381 = FILL_AREA_STYLE('',(#5382));
#5382 = FILL_AREA_STYLE_COLOUR('',#5383);
#5383 = COLOUR_RGB('',0.800000010877,0.800000010877,0.800000010877);
#5384 = CURVE_STYLE('',#5385,POSITIVE_LENGTH_MEASURE(0.1),#5386);
#5385 = DRAUGHTING_PRE_DEFINED_CURVE_FONT('continuous');
#5386 = COLOUR_RGB('',9.803921802644E-02,9.803921802644E-02,
  9.803921802644E-02);
ENDSEC;
END-ISO-10303-21;
