ISO-10303-21;
HEADER;
FILE_DESCRIPTION(('FreeCAD Model'),'2;1');
FILE_NAME('Open CASCADE Shape Model','2025-05-13T10:21:16',(''),(''),
  'Open CASCADE STEP processor 7.8','FreeCAD','Unknown');
FILE_SCHEMA(('AUTOMOTIVE_DESIGN { 1 0 10303 214 1 1 1 1 }'));
ENDSEC;
DATA;
#1 = APPLICATION_PROTOCOL_DEFINITION('international standard',
  'automotive_design',2000,#2);
#2 = APPLICATION_CONTEXT(
  'core data for automotive mechanical design processes');
#3 = SHAPE_DEFINITION_REPRESENTATION(#4,#10);
#4 = PRODUCT_DEFINITION_SHAPE('','',#5);
#5 = PRODUCT_DEFINITION('design','',#6,#9);
#6 = PRODUCT_DEFINITION_FORMATION('','',#7);
#7 = PRODUCT('Body','Body','',(#8));
#8 = PRODUCT_CONTEXT('',#2,'mechanical');
#9 = PRODUCT_DEFINITION_CONTEXT('part definition',#2,'design');
#10 = ADVANCED_BREP_SHAPE_REPRESENTATION('',(#11,#15),#3180);
#11 = AXIS2_PLACEMENT_3D('',#12,#13,#14);
#12 = CARTESIAN_POINT('',(0.,0.,0.));
#13 = DIRECTION('',(0.,0.,1.));
#14 = DIRECTION('',(1.,0.,-0.));
#15 = MANIFOLD_SOLID_BREP('',#16);
#16 = CLOSED_SHELL('',(#17,#116,#147,#172,#197,#410,#463,#488,#513,#725,
    #777,#801,#819,#852,#870,#888,#905,#930,#947,#973,#990,#1015,#1032,
    #1105,#1122,#1139,#1156,#1173,#1190,#1202,#1235,#1261,#1287,#1312,
    #1337,#1363,#1389,#1406,#1457,#1474,#1491,#1516,#1581,#1606,#1623,
    #1657,#1682,#1707,#1733,#1759,#1784,#1809,#1827,#1845,#1857,#1917,
    #1942,#1959,#1984,#2037,#2062,#2114,#2132,#2163,#2188,#2213,#2237,
    #2261,#2286,#2311,#2328,#2345,#2369,#2396,#2413,#2425,#2437,#2469,
    #2493,#2517,#2542,#2567,#2591,#2615,#2633,#2651,#2663,#2680,#2713,
    #2746,#2779,#2804,#2829,#2862,#2895,#2912,#2954,#2979,#3004,#3038,
    #3072,#3097,#3122,#3148,#3164));
#17 = ADVANCED_FACE('',(#18),#111,.T.);
#18 = FACE_BOUND('',#19,.T.);
#19 = EDGE_LOOP('',(#20,#30,#39,#47,#55,#63,#72,#80,#88,#96,#104));
#20 = ORIENTED_EDGE('',*,*,#21,.F.);
#21 = EDGE_CURVE('',#22,#24,#26,.T.);
#22 = VERTEX_POINT('',#23);
#23 = CARTESIAN_POINT('',(36.,-40.,-8.));
#24 = VERTEX_POINT('',#25);
#25 = CARTESIAN_POINT('',(36.,-40.,-2.));
#26 = LINE('',#27,#28);
#27 = CARTESIAN_POINT('',(36.,-40.,0.));
#28 = VECTOR('',#29,1.);
#29 = DIRECTION('',(0.,0.,1.));
#30 = ORIENTED_EDGE('',*,*,#31,.F.);
#31 = EDGE_CURVE('',#32,#22,#34,.T.);
#32 = VERTEX_POINT('',#33);
#33 = CARTESIAN_POINT('',(34.,-40.,-10.));
#34 = CIRCLE('',#35,2.);
#35 = AXIS2_PLACEMENT_3D('',#36,#37,#38);
#36 = CARTESIAN_POINT('',(34.,-40.,-8.));
#37 = DIRECTION('',(0.,-1.,0.));
#38 = DIRECTION('',(0.,0.,1.));
#39 = ORIENTED_EDGE('',*,*,#40,.T.);
#40 = EDGE_CURVE('',#32,#41,#43,.T.);
#41 = VERTEX_POINT('',#42);
#42 = CARTESIAN_POINT('',(31.,-40.,-10.));
#43 = LINE('',#44,#45);
#44 = CARTESIAN_POINT('',(-25.,-40.,-10.));
#45 = VECTOR('',#46,1.);
#46 = DIRECTION('',(-1.,0.,0.));
#47 = ORIENTED_EDGE('',*,*,#48,.F.);
#48 = EDGE_CURVE('',#49,#41,#51,.T.);
#49 = VERTEX_POINT('',#50);
#50 = CARTESIAN_POINT('',(31.,-40.,-12.));
#51 = LINE('',#52,#53);
#52 = CARTESIAN_POINT('',(31.,-40.,-12.));
#53 = VECTOR('',#54,1.);
#54 = DIRECTION('',(0.,2.22044604925E-16,1.));
#55 = ORIENTED_EDGE('',*,*,#56,.F.);
#56 = EDGE_CURVE('',#57,#49,#59,.T.);
#57 = VERTEX_POINT('',#58);
#58 = CARTESIAN_POINT('',(36.,-40.,-12.));
#59 = LINE('',#60,#61);
#60 = CARTESIAN_POINT('',(-25.,-40.,-12.));
#61 = VECTOR('',#62,1.);
#62 = DIRECTION('',(-1.,0.,0.));
#63 = ORIENTED_EDGE('',*,*,#64,.F.);
#64 = EDGE_CURVE('',#65,#57,#67,.T.);
#65 = VERTEX_POINT('',#66);
#66 = CARTESIAN_POINT('',(38.,-40.,-10.));
#67 = CIRCLE('',#68,2.);
#68 = AXIS2_PLACEMENT_3D('',#69,#70,#71);
#69 = CARTESIAN_POINT('',(36.,-40.,-10.));
#70 = DIRECTION('',(-0.,1.,0.));
#71 = DIRECTION('',(1.110223024625E-16,0.,1.));
#72 = ORIENTED_EDGE('',*,*,#73,.T.);
#73 = EDGE_CURVE('',#65,#74,#76,.T.);
#74 = VERTEX_POINT('',#75);
#75 = CARTESIAN_POINT('',(38.,-40.,-2.));
#76 = LINE('',#77,#78);
#77 = CARTESIAN_POINT('',(38.,-40.,0.));
#78 = VECTOR('',#79,1.);
#79 = DIRECTION('',(0.,0.,1.));
#80 = ORIENTED_EDGE('',*,*,#81,.T.);
#81 = EDGE_CURVE('',#74,#82,#84,.T.);
#82 = VERTEX_POINT('',#83);
#83 = CARTESIAN_POINT('',(44.,-40.,-2.));
#84 = LINE('',#85,#86);
#85 = CARTESIAN_POINT('',(-50.,-40.,-2.));
#86 = VECTOR('',#87,1.);
#87 = DIRECTION('',(1.,0.,0.));
#88 = ORIENTED_EDGE('',*,*,#89,.F.);
#89 = EDGE_CURVE('',#90,#82,#92,.T.);
#90 = VERTEX_POINT('',#91);
#91 = CARTESIAN_POINT('',(44.,-40.,0.));
#92 = LINE('',#93,#94);
#93 = CARTESIAN_POINT('',(44.,-40.,0.));
#94 = VECTOR('',#95,1.);
#95 = DIRECTION('',(-0.,-0.,-1.));
#96 = ORIENTED_EDGE('',*,*,#97,.F.);
#97 = EDGE_CURVE('',#98,#90,#100,.T.);
#98 = VERTEX_POINT('',#99);
#99 = CARTESIAN_POINT('',(38.,-40.,4.440892098501E-16));
#100 = LINE('',#101,#102);
#101 = CARTESIAN_POINT('',(-50.,-40.,0.));
#102 = VECTOR('',#103,1.);
#103 = DIRECTION('',(1.,0.,0.));
#104 = ORIENTED_EDGE('',*,*,#105,.T.);
#105 = EDGE_CURVE('',#98,#24,#106,.T.);
#106 = CIRCLE('',#107,2.);
#107 = AXIS2_PLACEMENT_3D('',#108,#109,#110);
#108 = CARTESIAN_POINT('',(38.,-40.,-2.));
#109 = DIRECTION('',(0.,-1.,0.));
#110 = DIRECTION('',(0.,0.,1.));
#111 = PLANE('',#112);
#112 = AXIS2_PLACEMENT_3D('',#113,#114,#115);
#113 = CARTESIAN_POINT('',(-50.,-40.,0.));
#114 = DIRECTION('',(0.,-1.,0.));
#115 = DIRECTION('',(1.,0.,0.));
#116 = ADVANCED_FACE('',(#117),#142,.F.);
#117 = FACE_BOUND('',#118,.F.);
#118 = EDGE_LOOP('',(#119,#129,#135,#136));
#119 = ORIENTED_EDGE('',*,*,#120,.F.);
#120 = EDGE_CURVE('',#121,#123,#125,.T.);
#121 = VERTEX_POINT('',#122);
#122 = CARTESIAN_POINT('',(36.,-35.,-2.));
#123 = VERTEX_POINT('',#124);
#124 = CARTESIAN_POINT('',(36.,-35.,-8.));
#125 = LINE('',#126,#127);
#126 = CARTESIAN_POINT('',(36.,-35.,0.));
#127 = VECTOR('',#128,1.);
#128 = DIRECTION('',(-0.,-0.,-1.));
#129 = ORIENTED_EDGE('',*,*,#130,.F.);
#130 = EDGE_CURVE('',#24,#121,#131,.T.);
#131 = LINE('',#132,#133);
#132 = CARTESIAN_POINT('',(36.,-40.,-2.));
#133 = VECTOR('',#134,1.);
#134 = DIRECTION('',(0.,1.,0.));
#135 = ORIENTED_EDGE('',*,*,#21,.F.);
#136 = ORIENTED_EDGE('',*,*,#137,.T.);
#137 = EDGE_CURVE('',#22,#123,#138,.T.);
#138 = LINE('',#139,#140);
#139 = CARTESIAN_POINT('',(36.,-40.,-8.));
#140 = VECTOR('',#141,1.);
#141 = DIRECTION('',(0.,1.,0.));
#142 = PLANE('',#143);
#143 = AXIS2_PLACEMENT_3D('',#144,#145,#146);
#144 = CARTESIAN_POINT('',(36.,-50.,0.));
#145 = DIRECTION('',(1.,0.,0.));
#146 = DIRECTION('',(0.,1.,0.));
#147 = ADVANCED_FACE('',(#148),#167,.T.);
#148 = FACE_BOUND('',#149,.F.);
#149 = EDGE_LOOP('',(#150,#151,#152,#161));
#150 = ORIENTED_EDGE('',*,*,#105,.T.);
#151 = ORIENTED_EDGE('',*,*,#130,.T.);
#152 = ORIENTED_EDGE('',*,*,#153,.F.);
#153 = EDGE_CURVE('',#154,#121,#156,.T.);
#154 = VERTEX_POINT('',#155);
#155 = CARTESIAN_POINT('',(38.,-35.,4.440892098501E-16));
#156 = CIRCLE('',#157,2.);
#157 = AXIS2_PLACEMENT_3D('',#158,#159,#160);
#158 = CARTESIAN_POINT('',(38.,-35.,-2.));
#159 = DIRECTION('',(0.,-1.,0.));
#160 = DIRECTION('',(0.,0.,1.));
#161 = ORIENTED_EDGE('',*,*,#162,.F.);
#162 = EDGE_CURVE('',#98,#154,#163,.T.);
#163 = LINE('',#164,#165);
#164 = CARTESIAN_POINT('',(38.,-40.,4.440892098501E-16));
#165 = VECTOR('',#166,1.);
#166 = DIRECTION('',(0.,1.,0.));
#167 = CYLINDRICAL_SURFACE('',#168,2.);
#168 = AXIS2_PLACEMENT_3D('',#169,#170,#171);
#169 = CARTESIAN_POINT('',(38.,-40.,-2.));
#170 = DIRECTION('',(0.,1.,0.));
#171 = DIRECTION('',(0.,0.,1.));
#172 = ADVANCED_FACE('',(#173),#192,.F.);
#173 = FACE_BOUND('',#174,.T.);
#174 = EDGE_LOOP('',(#175,#176,#177,#186));
#175 = ORIENTED_EDGE('',*,*,#31,.T.);
#176 = ORIENTED_EDGE('',*,*,#137,.T.);
#177 = ORIENTED_EDGE('',*,*,#178,.F.);
#178 = EDGE_CURVE('',#179,#123,#181,.T.);
#179 = VERTEX_POINT('',#180);
#180 = CARTESIAN_POINT('',(34.,-35.,-10.));
#181 = CIRCLE('',#182,2.);
#182 = AXIS2_PLACEMENT_3D('',#183,#184,#185);
#183 = CARTESIAN_POINT('',(34.,-35.,-8.));
#184 = DIRECTION('',(0.,-1.,0.));
#185 = DIRECTION('',(0.,0.,-1.));
#186 = ORIENTED_EDGE('',*,*,#187,.F.);
#187 = EDGE_CURVE('',#32,#179,#188,.T.);
#188 = LINE('',#189,#190);
#189 = CARTESIAN_POINT('',(34.,-40.,-10.));
#190 = VECTOR('',#191,1.);
#191 = DIRECTION('',(0.,1.,0.));
#192 = CYLINDRICAL_SURFACE('',#193,2.);
#193 = AXIS2_PLACEMENT_3D('',#194,#195,#196);
#194 = CARTESIAN_POINT('',(34.,-40.,-8.));
#195 = DIRECTION('',(0.,1.,0.));
#196 = DIRECTION('',(0.,0.,-1.));
#197 = ADVANCED_FACE('',(#198,#335),#405,.T.);
#198 = FACE_BOUND('',#199,.T.);
#199 = EDGE_LOOP('',(#200,#201,#210,#218,#227,#235,#243,#252,#260,#268,
    #277,#285,#294,#302,#310,#319,#327,#334));
#200 = ORIENTED_EDGE('',*,*,#97,.T.);
#201 = ORIENTED_EDGE('',*,*,#202,.F.);
#202 = EDGE_CURVE('',#203,#90,#205,.T.);
#203 = VERTEX_POINT('',#204);
#204 = CARTESIAN_POINT('',(50.,-34.,0.));
#205 = CIRCLE('',#206,6.);
#206 = AXIS2_PLACEMENT_3D('',#207,#208,#209);
#207 = CARTESIAN_POINT('',(44.,-34.,0.));
#208 = DIRECTION('',(0.,0.,-1.));
#209 = DIRECTION('',(0.,1.,0.));
#210 = ORIENTED_EDGE('',*,*,#211,.T.);
#211 = EDGE_CURVE('',#203,#212,#214,.T.);
#212 = VERTEX_POINT('',#213);
#213 = CARTESIAN_POINT('',(50.,34.,0.));
#214 = LINE('',#215,#216);
#215 = CARTESIAN_POINT('',(50.,-40.,0.));
#216 = VECTOR('',#217,1.);
#217 = DIRECTION('',(0.,1.,0.));
#218 = ORIENTED_EDGE('',*,*,#219,.F.);
#219 = EDGE_CURVE('',#220,#212,#222,.T.);
#220 = VERTEX_POINT('',#221);
#221 = CARTESIAN_POINT('',(44.,40.,0.));
#222 = CIRCLE('',#223,6.);
#223 = AXIS2_PLACEMENT_3D('',#224,#225,#226);
#224 = CARTESIAN_POINT('',(44.,34.,0.));
#225 = DIRECTION('',(0.,0.,-1.));
#226 = DIRECTION('',(0.,1.,0.));
#227 = ORIENTED_EDGE('',*,*,#228,.T.);
#228 = EDGE_CURVE('',#220,#229,#231,.T.);
#229 = VERTEX_POINT('',#230);
#230 = CARTESIAN_POINT('',(2.5,40.,0.));
#231 = LINE('',#232,#233);
#232 = CARTESIAN_POINT('',(50.,40.,0.));
#233 = VECTOR('',#234,1.);
#234 = DIRECTION('',(-1.,0.,0.));
#235 = ORIENTED_EDGE('',*,*,#236,.T.);
#236 = EDGE_CURVE('',#229,#237,#239,.T.);
#237 = VERTEX_POINT('',#238);
#238 = CARTESIAN_POINT('',(2.5,36.5,0.));
#239 = LINE('',#240,#241);
#240 = CARTESIAN_POINT('',(2.5,51.5,0.));
#241 = VECTOR('',#242,1.);
#242 = DIRECTION('',(0.,-1.,0.));
#243 = ORIENTED_EDGE('',*,*,#244,.F.);
#244 = EDGE_CURVE('',#245,#237,#247,.T.);
#245 = VERTEX_POINT('',#246);
#246 = CARTESIAN_POINT('',(-2.5,36.5,0.));
#247 = CIRCLE('',#248,2.5);
#248 = AXIS2_PLACEMENT_3D('',#249,#250,#251);
#249 = CARTESIAN_POINT('',(2.034560516981E-16,36.5,0.));
#250 = DIRECTION('',(0.,0.,1.));
#251 = DIRECTION('',(1.,0.,0.));
#252 = ORIENTED_EDGE('',*,*,#253,.F.);
#253 = EDGE_CURVE('',#254,#245,#256,.T.);
#254 = VERTEX_POINT('',#255);
#255 = CARTESIAN_POINT('',(-2.5,40.,0.));
#256 = LINE('',#257,#258);
#257 = CARTESIAN_POINT('',(-2.5,51.5,0.));
#258 = VECTOR('',#259,1.);
#259 = DIRECTION('',(0.,-1.,0.));
#260 = ORIENTED_EDGE('',*,*,#261,.T.);
#261 = EDGE_CURVE('',#254,#262,#264,.T.);
#262 = VERTEX_POINT('',#263);
#263 = CARTESIAN_POINT('',(-44.,40.,0.));
#264 = LINE('',#265,#266);
#265 = CARTESIAN_POINT('',(50.,40.,0.));
#266 = VECTOR('',#267,1.);
#267 = DIRECTION('',(-1.,0.,0.));
#268 = ORIENTED_EDGE('',*,*,#269,.T.);
#269 = EDGE_CURVE('',#262,#270,#272,.T.);
#270 = VERTEX_POINT('',#271);
#271 = CARTESIAN_POINT('',(-50.,34.,0.));
#272 = CIRCLE('',#273,6.);
#273 = AXIS2_PLACEMENT_3D('',#274,#275,#276);
#274 = CARTESIAN_POINT('',(-44.,34.,0.));
#275 = DIRECTION('',(0.,-0.,1.));
#276 = DIRECTION('',(0.,1.,0.));
#277 = ORIENTED_EDGE('',*,*,#278,.T.);
#278 = EDGE_CURVE('',#270,#279,#281,.T.);
#279 = VERTEX_POINT('',#280);
#280 = CARTESIAN_POINT('',(-50.,-34.,0.));
#281 = LINE('',#282,#283);
#282 = CARTESIAN_POINT('',(-50.,40.,0.));
#283 = VECTOR('',#284,1.);
#284 = DIRECTION('',(0.,-1.,0.));
#285 = ORIENTED_EDGE('',*,*,#286,.F.);
#286 = EDGE_CURVE('',#287,#279,#289,.T.);
#287 = VERTEX_POINT('',#288);
#288 = CARTESIAN_POINT('',(-44.,-40.,0.));
#289 = CIRCLE('',#290,6.);
#290 = AXIS2_PLACEMENT_3D('',#291,#292,#293);
#291 = CARTESIAN_POINT('',(-44.,-34.,0.));
#292 = DIRECTION('',(0.,0.,-1.));
#293 = DIRECTION('',(0.,1.,0.));
#294 = ORIENTED_EDGE('',*,*,#295,.T.);
#295 = EDGE_CURVE('',#287,#296,#298,.T.);
#296 = VERTEX_POINT('',#297);
#297 = CARTESIAN_POINT('',(-38.,-40.,4.440892098501E-16));
#298 = LINE('',#299,#300);
#299 = CARTESIAN_POINT('',(-50.,-40.,0.));
#300 = VECTOR('',#301,1.);
#301 = DIRECTION('',(1.,0.,0.));
#302 = ORIENTED_EDGE('',*,*,#303,.F.);
#303 = EDGE_CURVE('',#304,#296,#306,.T.);
#304 = VERTEX_POINT('',#305);
#305 = CARTESIAN_POINT('',(-38.,-35.,0.));
#306 = LINE('',#307,#308);
#307 = CARTESIAN_POINT('',(-38.,-35.,4.440892098501E-16));
#308 = VECTOR('',#309,1.);
#309 = DIRECTION('',(0.,-1.,0.));
#310 = ORIENTED_EDGE('',*,*,#311,.F.);
#311 = EDGE_CURVE('',#312,#304,#314,.T.);
#312 = VERTEX_POINT('',#313);
#313 = CARTESIAN_POINT('',(-31.,-28.,4.440892098501E-16));
#314 = CIRCLE('',#315,7.);
#315 = AXIS2_PLACEMENT_3D('',#316,#317,#318);
#316 = CARTESIAN_POINT('',(-31.,-35.,0.));
#317 = DIRECTION('',(0.,-0.,1.));
#318 = DIRECTION('',(0.,1.,0.));
#319 = ORIENTED_EDGE('',*,*,#320,.F.);
#320 = EDGE_CURVE('',#321,#312,#323,.T.);
#321 = VERTEX_POINT('',#322);
#322 = CARTESIAN_POINT('',(31.,-28.,0.));
#323 = LINE('',#324,#325);
#324 = CARTESIAN_POINT('',(31.,-28.,4.440892098501E-16));
#325 = VECTOR('',#326,1.);
#326 = DIRECTION('',(-1.,0.,0.));
#327 = ORIENTED_EDGE('',*,*,#328,.F.);
#328 = EDGE_CURVE('',#154,#321,#329,.T.);
#329 = CIRCLE('',#330,7.);
#330 = AXIS2_PLACEMENT_3D('',#331,#332,#333);
#331 = CARTESIAN_POINT('',(31.,-35.,0.));
#332 = DIRECTION('',(0.,0.,1.));
#333 = DIRECTION('',(1.,0.,0.));
#334 = ORIENTED_EDGE('',*,*,#162,.F.);
#335 = FACE_BOUND('',#336,.T.);
#336 = EDGE_LOOP('',(#337,#347,#356,#364,#373,#381,#390,#398));
#337 = ORIENTED_EDGE('',*,*,#338,.F.);
#338 = EDGE_CURVE('',#339,#341,#343,.T.);
#339 = VERTEX_POINT('',#340);
#340 = CARTESIAN_POINT('',(-22.,-24.61880215351,0.));
#341 = VERTEX_POINT('',#342);
#342 = CARTESIAN_POINT('',(22.,-24.61880215351,0.));
#343 = LINE('',#344,#345);
#344 = CARTESIAN_POINT('',(-22.,-24.61880215351,0.));
#345 = VECTOR('',#346,1.);
#346 = DIRECTION('',(1.,0.,0.));
#347 = ORIENTED_EDGE('',*,*,#348,.F.);
#348 = EDGE_CURVE('',#349,#339,#351,.T.);
#349 = VERTEX_POINT('',#350);
#350 = CARTESIAN_POINT('',(-42.61880215351,-4.,0.));
#351 = CIRCLE('',#352,20.618802153517);
#352 = AXIS2_PLACEMENT_3D('',#353,#354,#355);
#353 = CARTESIAN_POINT('',(-22.,-4.,0.));
#354 = DIRECTION('',(0.,0.,1.));
#355 = DIRECTION('',(-1.,-1.665334536938E-16,0.));
#356 = ORIENTED_EDGE('',*,*,#357,.F.);
#357 = EDGE_CURVE('',#358,#349,#360,.T.);
#358 = VERTEX_POINT('',#359);
#359 = CARTESIAN_POINT('',(-42.61880215351,12.,0.));
#360 = LINE('',#361,#362);
#361 = CARTESIAN_POINT('',(-42.61880215351,12.,0.));
#362 = VECTOR('',#363,1.);
#363 = DIRECTION('',(0.,-1.,0.));
#364 = ORIENTED_EDGE('',*,*,#365,.F.);
#365 = EDGE_CURVE('',#366,#358,#368,.T.);
#366 = VERTEX_POINT('',#367);
#367 = CARTESIAN_POINT('',(-22.,32.618802153517,0.));
#368 = CIRCLE('',#369,20.618802153517);
#369 = AXIS2_PLACEMENT_3D('',#370,#371,#372);
#370 = CARTESIAN_POINT('',(-22.,12.,0.));
#371 = DIRECTION('',(0.,-0.,1.));
#372 = DIRECTION('',(0.,1.,0.));
#373 = ORIENTED_EDGE('',*,*,#374,.F.);
#374 = EDGE_CURVE('',#375,#366,#377,.T.);
#375 = VERTEX_POINT('',#376);
#376 = CARTESIAN_POINT('',(22.,32.618802153517,0.));
#377 = LINE('',#378,#379);
#378 = CARTESIAN_POINT('',(22.,32.618802153517,0.));
#379 = VECTOR('',#380,1.);
#380 = DIRECTION('',(-1.,0.,0.));
#381 = ORIENTED_EDGE('',*,*,#382,.F.);
#382 = EDGE_CURVE('',#383,#375,#385,.T.);
#383 = VERTEX_POINT('',#384);
#384 = CARTESIAN_POINT('',(42.618802153517,12.,0.));
#385 = CIRCLE('',#386,20.618802153517);
#386 = AXIS2_PLACEMENT_3D('',#387,#388,#389);
#387 = CARTESIAN_POINT('',(22.,12.,0.));
#388 = DIRECTION('',(0.,-0.,1.));
#389 = DIRECTION('',(1.,1.110223024625E-16,0.));
#390 = ORIENTED_EDGE('',*,*,#391,.F.);
#391 = EDGE_CURVE('',#392,#383,#394,.T.);
#392 = VERTEX_POINT('',#393);
#393 = CARTESIAN_POINT('',(42.618802153517,-4.,0.));
#394 = LINE('',#395,#396);
#395 = CARTESIAN_POINT('',(42.618802153517,-4.,0.));
#396 = VECTOR('',#397,1.);
#397 = DIRECTION('',(0.,1.,0.));
#398 = ORIENTED_EDGE('',*,*,#399,.F.);
#399 = EDGE_CURVE('',#341,#392,#400,.T.);
#400 = CIRCLE('',#401,20.618802153517);
#401 = AXIS2_PLACEMENT_3D('',#402,#403,#404);
#402 = CARTESIAN_POINT('',(22.,-4.,0.));
#403 = DIRECTION('',(-0.,0.,1.));
#404 = DIRECTION('',(2.22044604925E-16,-1.,0.));
#405 = PLANE('',#406);
#406 = AXIS2_PLACEMENT_3D('',#407,#408,#409);
#407 = CARTESIAN_POINT('',(0.,0.,0.));
#408 = DIRECTION('',(0.,0.,1.));
#409 = DIRECTION('',(1.,0.,0.));
#410 = ADVANCED_FACE('',(#411,#447),#458,.T.);
#411 = FACE_BOUND('',#412,.T.);
#412 = EDGE_LOOP('',(#413,#414,#415,#424,#432,#440));
#413 = ORIENTED_EDGE('',*,*,#40,.F.);
#414 = ORIENTED_EDGE('',*,*,#187,.T.);
#415 = ORIENTED_EDGE('',*,*,#416,.T.);
#416 = EDGE_CURVE('',#179,#417,#419,.T.);
#417 = VERTEX_POINT('',#418);
#418 = CARTESIAN_POINT('',(31.,-32.,-10.));
#419 = CIRCLE('',#420,3.);
#420 = AXIS2_PLACEMENT_3D('',#421,#422,#423);
#421 = CARTESIAN_POINT('',(31.,-35.,-10.));
#422 = DIRECTION('',(0.,0.,1.));
#423 = DIRECTION('',(1.,0.,0.));
#424 = ORIENTED_EDGE('',*,*,#425,.T.);
#425 = EDGE_CURVE('',#417,#426,#428,.T.);
#426 = VERTEX_POINT('',#427);
#427 = CARTESIAN_POINT('',(28.,-32.,-10.));
#428 = LINE('',#429,#430);
#429 = CARTESIAN_POINT('',(31.,-32.,-10.));
#430 = VECTOR('',#431,1.);
#431 = DIRECTION('',(-1.,0.,0.));
#432 = ORIENTED_EDGE('',*,*,#433,.F.);
#433 = EDGE_CURVE('',#434,#426,#436,.T.);
#434 = VERTEX_POINT('',#435);
#435 = CARTESIAN_POINT('',(28.,-37.,-10.));
#436 = LINE('',#437,#438);
#437 = CARTESIAN_POINT('',(28.,-41.25,-10.));
#438 = VECTOR('',#439,1.);
#439 = DIRECTION('',(0.,1.,0.));
#440 = ORIENTED_EDGE('',*,*,#441,.F.);
#441 = EDGE_CURVE('',#41,#434,#442,.T.);
#442 = CIRCLE('',#443,3.);
#443 = AXIS2_PLACEMENT_3D('',#444,#445,#446);
#444 = CARTESIAN_POINT('',(31.,-37.,-10.));
#445 = DIRECTION('',(-0.,-2.22044604925E-16,-1.));
#446 = DIRECTION('',(0.,-1.,2.22044604925E-16));
#447 = FACE_BOUND('',#448,.T.);
#448 = EDGE_LOOP('',(#449));
#449 = ORIENTED_EDGE('',*,*,#450,.F.);
#450 = EDGE_CURVE('',#451,#451,#453,.T.);
#451 = VERTEX_POINT('',#452);
#452 = CARTESIAN_POINT('',(32.,-37.,-10.));
#453 = CIRCLE('',#454,1.);
#454 = AXIS2_PLACEMENT_3D('',#455,#456,#457);
#455 = CARTESIAN_POINT('',(31.,-37.,-10.));
#456 = DIRECTION('',(0.,0.,1.));
#457 = DIRECTION('',(1.,0.,0.));
#458 = PLANE('',#459);
#459 = AXIS2_PLACEMENT_3D('',#460,#461,#462);
#460 = CARTESIAN_POINT('',(-3.110045111914E-15,-42.5,-10.));
#461 = DIRECTION('',(0.,0.,1.));
#462 = DIRECTION('',(1.,0.,0.));
#463 = ADVANCED_FACE('',(#464),#483,.T.);
#464 = FACE_BOUND('',#465,.T.);
#465 = EDGE_LOOP('',(#466,#467,#476,#482));
#466 = ORIENTED_EDGE('',*,*,#89,.T.);
#467 = ORIENTED_EDGE('',*,*,#468,.F.);
#468 = EDGE_CURVE('',#469,#82,#471,.T.);
#469 = VERTEX_POINT('',#470);
#470 = CARTESIAN_POINT('',(50.,-34.,-2.));
#471 = CIRCLE('',#472,6.);
#472 = AXIS2_PLACEMENT_3D('',#473,#474,#475);
#473 = CARTESIAN_POINT('',(44.,-34.,-2.));
#474 = DIRECTION('',(0.,0.,-1.));
#475 = DIRECTION('',(0.,1.,0.));
#476 = ORIENTED_EDGE('',*,*,#477,.F.);
#477 = EDGE_CURVE('',#203,#469,#478,.T.);
#478 = LINE('',#479,#480);
#479 = CARTESIAN_POINT('',(50.,-34.,0.));
#480 = VECTOR('',#481,1.);
#481 = DIRECTION('',(-0.,-0.,-1.));
#482 = ORIENTED_EDGE('',*,*,#202,.T.);
#483 = CYLINDRICAL_SURFACE('',#484,6.);
#484 = AXIS2_PLACEMENT_3D('',#485,#486,#487);
#485 = CARTESIAN_POINT('',(44.,-34.,0.));
#486 = DIRECTION('',(-0.,-0.,-1.));
#487 = DIRECTION('',(1.,0.,0.));
#488 = ADVANCED_FACE('',(#489),#508,.T.);
#489 = FACE_BOUND('',#490,.F.);
#490 = EDGE_LOOP('',(#491,#500,#506,#507));
#491 = ORIENTED_EDGE('',*,*,#492,.T.);
#492 = EDGE_CURVE('',#49,#493,#495,.T.);
#493 = VERTEX_POINT('',#494);
#494 = CARTESIAN_POINT('',(28.,-37.,-12.));
#495 = CIRCLE('',#496,3.);
#496 = AXIS2_PLACEMENT_3D('',#497,#498,#499);
#497 = CARTESIAN_POINT('',(31.,-37.,-12.));
#498 = DIRECTION('',(-0.,-2.22044604925E-16,-1.));
#499 = DIRECTION('',(0.,-1.,2.22044604925E-16));
#500 = ORIENTED_EDGE('',*,*,#501,.T.);
#501 = EDGE_CURVE('',#493,#434,#502,.T.);
#502 = LINE('',#503,#504);
#503 = CARTESIAN_POINT('',(28.,-37.,-12.));
#504 = VECTOR('',#505,1.);
#505 = DIRECTION('',(0.,2.22044604925E-16,1.));
#506 = ORIENTED_EDGE('',*,*,#441,.F.);
#507 = ORIENTED_EDGE('',*,*,#48,.F.);
#508 = CYLINDRICAL_SURFACE('',#509,3.);
#509 = AXIS2_PLACEMENT_3D('',#510,#511,#512);
#510 = CARTESIAN_POINT('',(31.,-37.,-12.));
#511 = DIRECTION('',(0.,2.22044604925E-16,1.));
#512 = DIRECTION('',(0.,-1.,2.22044604925E-16));
#513 = ADVANCED_FACE('',(#514,#650),#720,.F.);
#514 = FACE_BOUND('',#515,.F.);
#515 = EDGE_LOOP('',(#516,#527,#535,#543,#552,#560,#568,#577,#585,#594,
    #602,#610,#619,#627,#636,#642,#643,#644));
#516 = ORIENTED_EDGE('',*,*,#517,.F.);
#517 = EDGE_CURVE('',#518,#520,#522,.T.);
#518 = VERTEX_POINT('',#519);
#519 = CARTESIAN_POINT('',(44.,40.,-2.));
#520 = VERTEX_POINT('',#521);
#521 = CARTESIAN_POINT('',(50.,34.,-2.));
#522 = CIRCLE('',#523,6.);
#523 = AXIS2_PLACEMENT_3D('',#524,#525,#526);
#524 = CARTESIAN_POINT('',(44.,34.,-2.));
#525 = DIRECTION('',(0.,0.,-1.));
#526 = DIRECTION('',(0.,1.,0.));
#527 = ORIENTED_EDGE('',*,*,#528,.T.);
#528 = EDGE_CURVE('',#518,#529,#531,.T.);
#529 = VERTEX_POINT('',#530);
#530 = CARTESIAN_POINT('',(2.5,40.,-2.));
#531 = LINE('',#532,#533);
#532 = CARTESIAN_POINT('',(50.,40.,-2.));
#533 = VECTOR('',#534,1.);
#534 = DIRECTION('',(-1.,0.,0.));
#535 = ORIENTED_EDGE('',*,*,#536,.T.);
#536 = EDGE_CURVE('',#529,#537,#539,.T.);
#537 = VERTEX_POINT('',#538);
#538 = CARTESIAN_POINT('',(2.5,36.5,-2.));
#539 = LINE('',#540,#541);
#540 = CARTESIAN_POINT('',(2.5,25.75,-2.));
#541 = VECTOR('',#542,1.);
#542 = DIRECTION('',(0.,-1.,0.));
#543 = ORIENTED_EDGE('',*,*,#544,.F.);
#544 = EDGE_CURVE('',#545,#537,#547,.T.);
#545 = VERTEX_POINT('',#546);
#546 = CARTESIAN_POINT('',(-2.5,36.5,-2.));
#547 = CIRCLE('',#548,2.5);
#548 = AXIS2_PLACEMENT_3D('',#549,#550,#551);
#549 = CARTESIAN_POINT('',(2.034560516981E-16,36.5,-2.));
#550 = DIRECTION('',(0.,0.,1.));
#551 = DIRECTION('',(1.,0.,0.));
#552 = ORIENTED_EDGE('',*,*,#553,.F.);
#553 = EDGE_CURVE('',#554,#545,#556,.T.);
#554 = VERTEX_POINT('',#555);
#555 = CARTESIAN_POINT('',(-2.5,40.,-2.));
#556 = LINE('',#557,#558);
#557 = CARTESIAN_POINT('',(-2.5,25.75,-2.));
#558 = VECTOR('',#559,1.);
#559 = DIRECTION('',(0.,-1.,0.));
#560 = ORIENTED_EDGE('',*,*,#561,.T.);
#561 = EDGE_CURVE('',#554,#562,#564,.T.);
#562 = VERTEX_POINT('',#563);
#563 = CARTESIAN_POINT('',(-44.,40.,-2.));
#564 = LINE('',#565,#566);
#565 = CARTESIAN_POINT('',(50.,40.,-2.));
#566 = VECTOR('',#567,1.);
#567 = DIRECTION('',(-1.,0.,0.));
#568 = ORIENTED_EDGE('',*,*,#569,.T.);
#569 = EDGE_CURVE('',#562,#570,#572,.T.);
#570 = VERTEX_POINT('',#571);
#571 = CARTESIAN_POINT('',(-50.,34.,-2.));
#572 = CIRCLE('',#573,6.);
#573 = AXIS2_PLACEMENT_3D('',#574,#575,#576);
#574 = CARTESIAN_POINT('',(-44.,34.,-2.));
#575 = DIRECTION('',(0.,-0.,1.));
#576 = DIRECTION('',(0.,1.,0.));
#577 = ORIENTED_EDGE('',*,*,#578,.T.);
#578 = EDGE_CURVE('',#570,#579,#581,.T.);
#579 = VERTEX_POINT('',#580);
#580 = CARTESIAN_POINT('',(-50.,-34.,-2.));
#581 = LINE('',#582,#583);
#582 = CARTESIAN_POINT('',(-50.,40.,-2.));
#583 = VECTOR('',#584,1.);
#584 = DIRECTION('',(0.,-1.,0.));
#585 = ORIENTED_EDGE('',*,*,#586,.F.);
#586 = EDGE_CURVE('',#587,#579,#589,.T.);
#587 = VERTEX_POINT('',#588);
#588 = CARTESIAN_POINT('',(-44.,-40.,-2.));
#589 = CIRCLE('',#590,6.);
#590 = AXIS2_PLACEMENT_3D('',#591,#592,#593);
#591 = CARTESIAN_POINT('',(-44.,-34.,-2.));
#592 = DIRECTION('',(0.,0.,-1.));
#593 = DIRECTION('',(0.,1.,0.));
#594 = ORIENTED_EDGE('',*,*,#595,.T.);
#595 = EDGE_CURVE('',#587,#596,#598,.T.);
#596 = VERTEX_POINT('',#597);
#597 = CARTESIAN_POINT('',(-38.,-40.,-2.));
#598 = LINE('',#599,#600);
#599 = CARTESIAN_POINT('',(-50.,-40.,-2.));
#600 = VECTOR('',#601,1.);
#601 = DIRECTION('',(1.,0.,0.));
#602 = ORIENTED_EDGE('',*,*,#603,.F.);
#603 = EDGE_CURVE('',#604,#596,#606,.T.);
#604 = VERTEX_POINT('',#605);
#605 = CARTESIAN_POINT('',(-38.,-35.,-2.));
#606 = LINE('',#607,#608);
#607 = CARTESIAN_POINT('',(-38.,-17.5,-2.));
#608 = VECTOR('',#609,1.);
#609 = DIRECTION('',(0.,-1.,0.));
#610 = ORIENTED_EDGE('',*,*,#611,.F.);
#611 = EDGE_CURVE('',#612,#604,#614,.T.);
#612 = VERTEX_POINT('',#613);
#613 = CARTESIAN_POINT('',(-31.,-28.,-2.));
#614 = CIRCLE('',#615,7.);
#615 = AXIS2_PLACEMENT_3D('',#616,#617,#618);
#616 = CARTESIAN_POINT('',(-31.,-35.,-2.));
#617 = DIRECTION('',(0.,0.,1.));
#618 = DIRECTION('',(1.,0.,0.));
#619 = ORIENTED_EDGE('',*,*,#620,.F.);
#620 = EDGE_CURVE('',#621,#612,#623,.T.);
#621 = VERTEX_POINT('',#622);
#622 = CARTESIAN_POINT('',(31.,-28.,-2.));
#623 = LINE('',#624,#625);
#624 = CARTESIAN_POINT('',(15.5,-28.,-2.));
#625 = VECTOR('',#626,1.);
#626 = DIRECTION('',(-1.,0.,0.));
#627 = ORIENTED_EDGE('',*,*,#628,.F.);
#628 = EDGE_CURVE('',#629,#621,#631,.T.);
#629 = VERTEX_POINT('',#630);
#630 = CARTESIAN_POINT('',(38.,-35.,-2.));
#631 = CIRCLE('',#632,7.);
#632 = AXIS2_PLACEMENT_3D('',#633,#634,#635);
#633 = CARTESIAN_POINT('',(31.,-35.,-2.));
#634 = DIRECTION('',(0.,0.,1.));
#635 = DIRECTION('',(1.,0.,0.));
#636 = ORIENTED_EDGE('',*,*,#637,.F.);
#637 = EDGE_CURVE('',#74,#629,#638,.T.);
#638 = LINE('',#639,#640);
#639 = CARTESIAN_POINT('',(38.,-25.,-2.));
#640 = VECTOR('',#641,1.);
#641 = DIRECTION('',(0.,1.,0.));
#642 = ORIENTED_EDGE('',*,*,#81,.T.);
#643 = ORIENTED_EDGE('',*,*,#468,.F.);
#644 = ORIENTED_EDGE('',*,*,#645,.T.);
#645 = EDGE_CURVE('',#469,#520,#646,.T.);
#646 = LINE('',#647,#648);
#647 = CARTESIAN_POINT('',(50.,-40.,-2.));
#648 = VECTOR('',#649,1.);
#649 = DIRECTION('',(0.,1.,0.));
#650 = FACE_BOUND('',#651,.F.);
#651 = EDGE_LOOP('',(#652,#663,#671,#680,#688,#697,#705,#714));
#652 = ORIENTED_EDGE('',*,*,#653,.F.);
#653 = EDGE_CURVE('',#654,#656,#658,.T.);
#654 = VERTEX_POINT('',#655);
#655 = CARTESIAN_POINT('',(-42.61880215351,-4.,-2.));
#656 = VERTEX_POINT('',#657);
#657 = CARTESIAN_POINT('',(-22.,-24.61880215351,-2.));
#658 = CIRCLE('',#659,20.618802153517);
#659 = AXIS2_PLACEMENT_3D('',#660,#661,#662);
#660 = CARTESIAN_POINT('',(-22.,-4.,-2.));
#661 = DIRECTION('',(0.,0.,1.));
#662 = DIRECTION('',(-1.,-1.665334536938E-16,0.));
#663 = ORIENTED_EDGE('',*,*,#664,.F.);
#664 = EDGE_CURVE('',#665,#654,#667,.T.);
#665 = VERTEX_POINT('',#666);
#666 = CARTESIAN_POINT('',(-42.61880215351,12.,-2.));
#667 = LINE('',#668,#669);
#668 = CARTESIAN_POINT('',(-42.61880215351,12.,-2.));
#669 = VECTOR('',#670,1.);
#670 = DIRECTION('',(0.,-1.,0.));
#671 = ORIENTED_EDGE('',*,*,#672,.F.);
#672 = EDGE_CURVE('',#673,#665,#675,.T.);
#673 = VERTEX_POINT('',#674);
#674 = CARTESIAN_POINT('',(-22.,32.618802153517,-2.));
#675 = CIRCLE('',#676,20.618802153517);
#676 = AXIS2_PLACEMENT_3D('',#677,#678,#679);
#677 = CARTESIAN_POINT('',(-22.,12.,-2.));
#678 = DIRECTION('',(0.,-0.,1.));
#679 = DIRECTION('',(0.,1.,0.));
#680 = ORIENTED_EDGE('',*,*,#681,.F.);
#681 = EDGE_CURVE('',#682,#673,#684,.T.);
#682 = VERTEX_POINT('',#683);
#683 = CARTESIAN_POINT('',(22.,32.618802153517,-2.));
#684 = LINE('',#685,#686);
#685 = CARTESIAN_POINT('',(22.,32.618802153517,-2.));
#686 = VECTOR('',#687,1.);
#687 = DIRECTION('',(-1.,0.,0.));
#688 = ORIENTED_EDGE('',*,*,#689,.F.);
#689 = EDGE_CURVE('',#690,#682,#692,.T.);
#690 = VERTEX_POINT('',#691);
#691 = CARTESIAN_POINT('',(42.618802153517,12.,-2.));
#692 = CIRCLE('',#693,20.618802153517);
#693 = AXIS2_PLACEMENT_3D('',#694,#695,#696);
#694 = CARTESIAN_POINT('',(22.,12.,-2.));
#695 = DIRECTION('',(0.,-0.,1.));
#696 = DIRECTION('',(1.,1.110223024625E-16,0.));
#697 = ORIENTED_EDGE('',*,*,#698,.F.);
#698 = EDGE_CURVE('',#699,#690,#701,.T.);
#699 = VERTEX_POINT('',#700);
#700 = CARTESIAN_POINT('',(42.618802153517,-4.,-2.));
#701 = LINE('',#702,#703);
#702 = CARTESIAN_POINT('',(42.618802153517,-4.,-2.));
#703 = VECTOR('',#704,1.);
#704 = DIRECTION('',(0.,1.,0.));
#705 = ORIENTED_EDGE('',*,*,#706,.F.);
#706 = EDGE_CURVE('',#707,#699,#709,.T.);
#707 = VERTEX_POINT('',#708);
#708 = CARTESIAN_POINT('',(22.,-24.61880215351,-2.));
#709 = CIRCLE('',#710,20.618802153517);
#710 = AXIS2_PLACEMENT_3D('',#711,#712,#713);
#711 = CARTESIAN_POINT('',(22.,-4.,-2.));
#712 = DIRECTION('',(-0.,0.,1.));
#713 = DIRECTION('',(2.22044604925E-16,-1.,0.));
#714 = ORIENTED_EDGE('',*,*,#715,.F.);
#715 = EDGE_CURVE('',#656,#707,#716,.T.);
#716 = LINE('',#717,#718);
#717 = CARTESIAN_POINT('',(-22.,-24.61880215351,-2.));
#718 = VECTOR('',#719,1.);
#719 = DIRECTION('',(1.,0.,0.));
#720 = PLANE('',#721);
#721 = AXIS2_PLACEMENT_3D('',#722,#723,#724);
#722 = CARTESIAN_POINT('',(0.,0.,-2.));
#723 = DIRECTION('',(0.,0.,1.));
#724 = DIRECTION('',(1.,0.,0.));
#725 = ADVANCED_FACE('',(#726,#761),#772,.F.);
#726 = FACE_BOUND('',#727,.F.);
#727 = EDGE_LOOP('',(#728,#729,#737,#746,#754,#760));
#728 = ORIENTED_EDGE('',*,*,#56,.F.);
#729 = ORIENTED_EDGE('',*,*,#730,.T.);
#730 = EDGE_CURVE('',#57,#731,#733,.T.);
#731 = VERTEX_POINT('',#732);
#732 = CARTESIAN_POINT('',(36.,-35.,-12.));
#733 = LINE('',#734,#735);
#734 = CARTESIAN_POINT('',(36.,-50.,-12.));
#735 = VECTOR('',#736,1.);
#736 = DIRECTION('',(0.,1.,0.));
#737 = ORIENTED_EDGE('',*,*,#738,.T.);
#738 = EDGE_CURVE('',#731,#739,#741,.T.);
#739 = VERTEX_POINT('',#740);
#740 = CARTESIAN_POINT('',(31.,-30.,-12.));
#741 = CIRCLE('',#742,5.);
#742 = AXIS2_PLACEMENT_3D('',#743,#744,#745);
#743 = CARTESIAN_POINT('',(31.,-35.,-12.));
#744 = DIRECTION('',(0.,0.,1.));
#745 = DIRECTION('',(1.,0.,0.));
#746 = ORIENTED_EDGE('',*,*,#747,.T.);
#747 = EDGE_CURVE('',#739,#748,#750,.T.);
#748 = VERTEX_POINT('',#749);
#749 = CARTESIAN_POINT('',(28.,-30.,-12.));
#750 = LINE('',#751,#752);
#751 = CARTESIAN_POINT('',(31.,-30.,-12.));
#752 = VECTOR('',#753,1.);
#753 = DIRECTION('',(-1.,0.,0.));
#754 = ORIENTED_EDGE('',*,*,#755,.F.);
#755 = EDGE_CURVE('',#493,#748,#756,.T.);
#756 = LINE('',#757,#758);
#757 = CARTESIAN_POINT('',(28.,-41.25,-12.));
#758 = VECTOR('',#759,1.);
#759 = DIRECTION('',(0.,1.,0.));
#760 = ORIENTED_EDGE('',*,*,#492,.F.);
#761 = FACE_BOUND('',#762,.F.);
#762 = EDGE_LOOP('',(#763));
#763 = ORIENTED_EDGE('',*,*,#764,.F.);
#764 = EDGE_CURVE('',#765,#765,#767,.T.);
#765 = VERTEX_POINT('',#766);
#766 = CARTESIAN_POINT('',(32.,-37.,-12.));
#767 = CIRCLE('',#768,1.);
#768 = AXIS2_PLACEMENT_3D('',#769,#770,#771);
#769 = CARTESIAN_POINT('',(31.,-37.,-12.));
#770 = DIRECTION('',(0.,0.,1.));
#771 = DIRECTION('',(1.,0.,0.));
#772 = PLANE('',#773);
#773 = AXIS2_PLACEMENT_3D('',#774,#775,#776);
#774 = CARTESIAN_POINT('',(-3.110045111914E-15,-42.5,-12.));
#775 = DIRECTION('',(0.,0.,1.));
#776 = DIRECTION('',(1.,0.,0.));
#777 = ADVANCED_FACE('',(#778),#796,.T.);
#778 = FACE_BOUND('',#779,.T.);
#779 = EDGE_LOOP('',(#780,#788,#789,#790));
#780 = ORIENTED_EDGE('',*,*,#781,.F.);
#781 = EDGE_CURVE('',#629,#782,#784,.T.);
#782 = VERTEX_POINT('',#783);
#783 = CARTESIAN_POINT('',(38.,-35.,-10.));
#784 = LINE('',#785,#786);
#785 = CARTESIAN_POINT('',(38.,-35.,0.));
#786 = VECTOR('',#787,1.);
#787 = DIRECTION('',(-0.,-0.,-1.));
#788 = ORIENTED_EDGE('',*,*,#637,.F.);
#789 = ORIENTED_EDGE('',*,*,#73,.F.);
#790 = ORIENTED_EDGE('',*,*,#791,.T.);
#791 = EDGE_CURVE('',#65,#782,#792,.T.);
#792 = LINE('',#793,#794);
#793 = CARTESIAN_POINT('',(38.,-50.,-10.));
#794 = VECTOR('',#795,1.);
#795 = DIRECTION('',(0.,1.,0.));
#796 = PLANE('',#797);
#797 = AXIS2_PLACEMENT_3D('',#798,#799,#800);
#798 = CARTESIAN_POINT('',(38.,-50.,0.));
#799 = DIRECTION('',(1.,0.,0.));
#800 = DIRECTION('',(0.,1.,0.));
#801 = ADVANCED_FACE('',(#802),#814,.T.);
#802 = FACE_BOUND('',#803,.T.);
#803 = EDGE_LOOP('',(#804,#805,#806,#807));
#804 = ORIENTED_EDGE('',*,*,#791,.F.);
#805 = ORIENTED_EDGE('',*,*,#64,.T.);
#806 = ORIENTED_EDGE('',*,*,#730,.T.);
#807 = ORIENTED_EDGE('',*,*,#808,.F.);
#808 = EDGE_CURVE('',#782,#731,#809,.T.);
#809 = CIRCLE('',#810,2.);
#810 = AXIS2_PLACEMENT_3D('',#811,#812,#813);
#811 = CARTESIAN_POINT('',(36.,-35.,-10.));
#812 = DIRECTION('',(-0.,1.,0.));
#813 = DIRECTION('',(1.110223024625E-16,0.,1.));
#814 = CYLINDRICAL_SURFACE('',#815,2.);
#815 = AXIS2_PLACEMENT_3D('',#816,#817,#818);
#816 = CARTESIAN_POINT('',(36.,-50.,-10.));
#817 = DIRECTION('',(0.,1.,0.));
#818 = DIRECTION('',(1.110223024625E-16,0.,1.));
#819 = ADVANCED_FACE('',(#820),#847,.F.);
#820 = FACE_BOUND('',#821,.F.);
#821 = EDGE_LOOP('',(#822,#823,#832,#840));
#822 = ORIENTED_EDGE('',*,*,#120,.T.);
#823 = ORIENTED_EDGE('',*,*,#824,.T.);
#824 = EDGE_CURVE('',#123,#825,#827,.T.);
#825 = VERTEX_POINT('',#826);
#826 = CARTESIAN_POINT('',(31.,-30.,-8.));
#827 = CIRCLE('',#828,5.);
#828 = AXIS2_PLACEMENT_3D('',#829,#830,#831);
#829 = CARTESIAN_POINT('',(31.,-35.,-8.));
#830 = DIRECTION('',(0.,0.,1.));
#831 = DIRECTION('',(1.,0.,0.));
#832 = ORIENTED_EDGE('',*,*,#833,.F.);
#833 = EDGE_CURVE('',#834,#825,#836,.T.);
#834 = VERTEX_POINT('',#835);
#835 = CARTESIAN_POINT('',(31.,-30.,-2.));
#836 = LINE('',#837,#838);
#837 = CARTESIAN_POINT('',(31.,-30.,0.));
#838 = VECTOR('',#839,1.);
#839 = DIRECTION('',(-0.,-0.,-1.));
#840 = ORIENTED_EDGE('',*,*,#841,.F.);
#841 = EDGE_CURVE('',#121,#834,#842,.T.);
#842 = CIRCLE('',#843,5.);
#843 = AXIS2_PLACEMENT_3D('',#844,#845,#846);
#844 = CARTESIAN_POINT('',(31.,-35.,-2.));
#845 = DIRECTION('',(0.,0.,1.));
#846 = DIRECTION('',(1.,0.,0.));
#847 = CYLINDRICAL_SURFACE('',#848,5.);
#848 = AXIS2_PLACEMENT_3D('',#849,#850,#851);
#849 = CARTESIAN_POINT('',(31.,-35.,0.));
#850 = DIRECTION('',(0.,0.,1.));
#851 = DIRECTION('',(1.,0.,0.));
#852 = ADVANCED_FACE('',(#853),#865,.T.);
#853 = FACE_BOUND('',#854,.T.);
#854 = EDGE_LOOP('',(#855,#856,#857,#864));
#855 = ORIENTED_EDGE('',*,*,#153,.F.);
#856 = ORIENTED_EDGE('',*,*,#328,.T.);
#857 = ORIENTED_EDGE('',*,*,#858,.T.);
#858 = EDGE_CURVE('',#321,#834,#859,.T.);
#859 = CIRCLE('',#860,2.);
#860 = AXIS2_PLACEMENT_3D('',#861,#862,#863);
#861 = CARTESIAN_POINT('',(31.,-28.,-2.));
#862 = DIRECTION('',(1.,-7.273661547325E-16,0.));
#863 = DIRECTION('',(7.273661547325E-16,1.,0.));
#864 = ORIENTED_EDGE('',*,*,#841,.F.);
#865 = TOROIDAL_SURFACE('',#866,7.,2.);
#866 = AXIS2_PLACEMENT_3D('',#867,#868,#869);
#867 = CARTESIAN_POINT('',(31.,-35.,-2.));
#868 = DIRECTION('',(0.,0.,1.));
#869 = DIRECTION('',(1.,0.,0.));
#870 = ADVANCED_FACE('',(#871),#883,.F.);
#871 = FACE_BOUND('',#872,.F.);
#872 = EDGE_LOOP('',(#873,#874,#875,#882));
#873 = ORIENTED_EDGE('',*,*,#178,.F.);
#874 = ORIENTED_EDGE('',*,*,#416,.T.);
#875 = ORIENTED_EDGE('',*,*,#876,.T.);
#876 = EDGE_CURVE('',#417,#825,#877,.T.);
#877 = CIRCLE('',#878,2.);
#878 = AXIS2_PLACEMENT_3D('',#879,#880,#881);
#879 = CARTESIAN_POINT('',(31.,-32.,-8.));
#880 = DIRECTION('',(1.,-7.273661547325E-16,0.));
#881 = DIRECTION('',(7.273661547325E-16,1.,0.));
#882 = ORIENTED_EDGE('',*,*,#824,.F.);
#883 = TOROIDAL_SURFACE('',#884,3.,2.);
#884 = AXIS2_PLACEMENT_3D('',#885,#886,#887);
#885 = CARTESIAN_POINT('',(31.,-35.,-8.));
#886 = DIRECTION('',(0.,0.,1.));
#887 = DIRECTION('',(1.,0.,0.));
#888 = ADVANCED_FACE('',(#889),#900,.T.);
#889 = FACE_BOUND('',#890,.T.);
#890 = EDGE_LOOP('',(#891,#892,#893,#899));
#891 = ORIENTED_EDGE('',*,*,#477,.T.);
#892 = ORIENTED_EDGE('',*,*,#645,.T.);
#893 = ORIENTED_EDGE('',*,*,#894,.F.);
#894 = EDGE_CURVE('',#212,#520,#895,.T.);
#895 = LINE('',#896,#897);
#896 = CARTESIAN_POINT('',(50.,34.,0.));
#897 = VECTOR('',#898,1.);
#898 = DIRECTION('',(-0.,-0.,-1.));
#899 = ORIENTED_EDGE('',*,*,#211,.F.);
#900 = PLANE('',#901);
#901 = AXIS2_PLACEMENT_3D('',#902,#903,#904);
#902 = CARTESIAN_POINT('',(50.,-40.,0.));
#903 = DIRECTION('',(1.,0.,0.));
#904 = DIRECTION('',(0.,1.,0.));
#905 = ADVANCED_FACE('',(#906),#925,.T.);
#906 = FACE_BOUND('',#907,.F.);
#907 = EDGE_LOOP('',(#908,#909,#917,#924));
#908 = ORIENTED_EDGE('',*,*,#858,.T.);
#909 = ORIENTED_EDGE('',*,*,#910,.T.);
#910 = EDGE_CURVE('',#834,#911,#913,.T.);
#911 = VERTEX_POINT('',#912);
#912 = CARTESIAN_POINT('',(-31.,-30.,-2.));
#913 = LINE('',#914,#915);
#914 = CARTESIAN_POINT('',(31.,-30.,-2.));
#915 = VECTOR('',#916,1.);
#916 = DIRECTION('',(-1.,0.,0.));
#917 = ORIENTED_EDGE('',*,*,#918,.F.);
#918 = EDGE_CURVE('',#312,#911,#919,.T.);
#919 = CIRCLE('',#920,2.);
#920 = AXIS2_PLACEMENT_3D('',#921,#922,#923);
#921 = CARTESIAN_POINT('',(-31.,-28.,-2.));
#922 = DIRECTION('',(1.,0.,-0.));
#923 = DIRECTION('',(0.,0.,1.));
#924 = ORIENTED_EDGE('',*,*,#320,.F.);
#925 = CYLINDRICAL_SURFACE('',#926,2.);
#926 = AXIS2_PLACEMENT_3D('',#927,#928,#929);
#927 = CARTESIAN_POINT('',(31.,-28.,-2.));
#928 = DIRECTION('',(-1.,0.,0.));
#929 = DIRECTION('',(0.,0.,1.));
#930 = ADVANCED_FACE('',(#931),#942,.T.);
#931 = FACE_BOUND('',#932,.T.);
#932 = EDGE_LOOP('',(#933,#934,#935,#936));
#933 = ORIENTED_EDGE('',*,*,#219,.T.);
#934 = ORIENTED_EDGE('',*,*,#894,.T.);
#935 = ORIENTED_EDGE('',*,*,#517,.F.);
#936 = ORIENTED_EDGE('',*,*,#937,.F.);
#937 = EDGE_CURVE('',#220,#518,#938,.T.);
#938 = LINE('',#939,#940);
#939 = CARTESIAN_POINT('',(44.,40.,0.));
#940 = VECTOR('',#941,1.);
#941 = DIRECTION('',(-0.,-0.,-1.));
#942 = CYLINDRICAL_SURFACE('',#943,6.);
#943 = AXIS2_PLACEMENT_3D('',#944,#945,#946);
#944 = CARTESIAN_POINT('',(44.,34.,0.));
#945 = DIRECTION('',(-0.,-0.,-1.));
#946 = DIRECTION('',(0.,1.,0.));
#947 = ADVANCED_FACE('',(#948),#968,.T.);
#948 = FACE_BOUND('',#949,.T.);
#949 = EDGE_LOOP('',(#950,#951,#952,#961));
#950 = ORIENTED_EDGE('',*,*,#918,.F.);
#951 = ORIENTED_EDGE('',*,*,#311,.T.);
#952 = ORIENTED_EDGE('',*,*,#953,.T.);
#953 = EDGE_CURVE('',#304,#954,#956,.T.);
#954 = VERTEX_POINT('',#955);
#955 = CARTESIAN_POINT('',(-36.,-35.,-2.));
#956 = CIRCLE('',#957,2.);
#957 = AXIS2_PLACEMENT_3D('',#958,#959,#960);
#958 = CARTESIAN_POINT('',(-38.,-35.,-2.));
#959 = DIRECTION('',(6.123233995737E-17,1.,-0.));
#960 = DIRECTION('',(-1.,6.123233995737E-17,0.));
#961 = ORIENTED_EDGE('',*,*,#962,.F.);
#962 = EDGE_CURVE('',#911,#954,#963,.T.);
#963 = CIRCLE('',#964,5.);
#964 = AXIS2_PLACEMENT_3D('',#965,#966,#967);
#965 = CARTESIAN_POINT('',(-31.,-35.,-2.));
#966 = DIRECTION('',(0.,-0.,1.));
#967 = DIRECTION('',(0.,1.,0.));
#968 = TOROIDAL_SURFACE('',#969,7.,2.);
#969 = AXIS2_PLACEMENT_3D('',#970,#971,#972);
#970 = CARTESIAN_POINT('',(-31.,-35.,-2.));
#971 = DIRECTION('',(0.,0.,1.));
#972 = DIRECTION('',(0.,1.,0.));
#973 = ADVANCED_FACE('',(#974),#985,.T.);
#974 = FACE_BOUND('',#975,.T.);
#975 = EDGE_LOOP('',(#976,#977,#978,#979));
#976 = ORIENTED_EDGE('',*,*,#228,.F.);
#977 = ORIENTED_EDGE('',*,*,#937,.T.);
#978 = ORIENTED_EDGE('',*,*,#528,.T.);
#979 = ORIENTED_EDGE('',*,*,#980,.T.);
#980 = EDGE_CURVE('',#529,#229,#981,.T.);
#981 = LINE('',#982,#983);
#982 = CARTESIAN_POINT('',(2.5,40.,0.));
#983 = VECTOR('',#984,1.);
#984 = DIRECTION('',(0.,0.,1.));
#985 = PLANE('',#986);
#986 = AXIS2_PLACEMENT_3D('',#987,#988,#989);
#987 = CARTESIAN_POINT('',(50.,40.,0.));
#988 = DIRECTION('',(0.,1.,0.));
#989 = DIRECTION('',(-1.,0.,0.));
#990 = ADVANCED_FACE('',(#991),#1010,.T.);
#991 = FACE_BOUND('',#992,.F.);
#992 = EDGE_LOOP('',(#993,#994,#1002,#1009));
#993 = ORIENTED_EDGE('',*,*,#953,.T.);
#994 = ORIENTED_EDGE('',*,*,#995,.T.);
#995 = EDGE_CURVE('',#954,#996,#998,.T.);
#996 = VERTEX_POINT('',#997);
#997 = CARTESIAN_POINT('',(-36.,-40.,-2.));
#998 = LINE('',#999,#1000);
#999 = CARTESIAN_POINT('',(-36.,-35.,-2.));
#1000 = VECTOR('',#1001,1.);
#1001 = DIRECTION('',(0.,-1.,0.));
#1002 = ORIENTED_EDGE('',*,*,#1003,.F.);
#1003 = EDGE_CURVE('',#296,#996,#1004,.T.);
#1004 = CIRCLE('',#1005,2.);
#1005 = AXIS2_PLACEMENT_3D('',#1006,#1007,#1008);
#1006 = CARTESIAN_POINT('',(-38.,-40.,-2.));
#1007 = DIRECTION('',(-0.,1.,0.));
#1008 = DIRECTION('',(0.,0.,-1.));
#1009 = ORIENTED_EDGE('',*,*,#303,.F.);
#1010 = CYLINDRICAL_SURFACE('',#1011,2.);
#1011 = AXIS2_PLACEMENT_3D('',#1012,#1013,#1014);
#1012 = CARTESIAN_POINT('',(-38.,-35.,-2.));
#1013 = DIRECTION('',(0.,-1.,0.));
#1014 = DIRECTION('',(0.,0.,1.));
#1015 = ADVANCED_FACE('',(#1016),#1027,.T.);
#1016 = FACE_BOUND('',#1017,.T.);
#1017 = EDGE_LOOP('',(#1018,#1019,#1020,#1021));
#1018 = ORIENTED_EDGE('',*,*,#236,.F.);
#1019 = ORIENTED_EDGE('',*,*,#980,.F.);
#1020 = ORIENTED_EDGE('',*,*,#536,.T.);
#1021 = ORIENTED_EDGE('',*,*,#1022,.F.);
#1022 = EDGE_CURVE('',#237,#537,#1023,.T.);
#1023 = LINE('',#1024,#1025);
#1024 = CARTESIAN_POINT('',(2.5,36.5,0.));
#1025 = VECTOR('',#1026,1.);
#1026 = DIRECTION('',(-0.,-0.,-1.));
#1027 = PLANE('',#1028);
#1028 = AXIS2_PLACEMENT_3D('',#1029,#1030,#1031);
#1029 = CARTESIAN_POINT('',(2.5,51.5,0.));
#1030 = DIRECTION('',(-1.,0.,0.));
#1031 = DIRECTION('',(0.,-1.,0.));
#1032 = ADVANCED_FACE('',(#1033),#1100,.T.);
#1033 = FACE_BOUND('',#1034,.T.);
#1034 = EDGE_LOOP('',(#1035,#1043,#1044,#1045,#1051,#1052,#1060,#1069,
    #1077,#1085,#1093));
#1035 = ORIENTED_EDGE('',*,*,#1036,.F.);
#1036 = EDGE_CURVE('',#996,#1037,#1039,.T.);
#1037 = VERTEX_POINT('',#1038);
#1038 = CARTESIAN_POINT('',(-36.,-40.,-8.));
#1039 = LINE('',#1040,#1041);
#1040 = CARTESIAN_POINT('',(-36.,-40.,0.));
#1041 = VECTOR('',#1042,1.);
#1042 = DIRECTION('',(-0.,-0.,-1.));
#1043 = ORIENTED_EDGE('',*,*,#1003,.F.);
#1044 = ORIENTED_EDGE('',*,*,#295,.F.);
#1045 = ORIENTED_EDGE('',*,*,#1046,.T.);
#1046 = EDGE_CURVE('',#287,#587,#1047,.T.);
#1047 = LINE('',#1048,#1049);
#1048 = CARTESIAN_POINT('',(-44.,-40.,0.));
#1049 = VECTOR('',#1050,1.);
#1050 = DIRECTION('',(-0.,-0.,-1.));
#1051 = ORIENTED_EDGE('',*,*,#595,.T.);
#1052 = ORIENTED_EDGE('',*,*,#1053,.T.);
#1053 = EDGE_CURVE('',#596,#1054,#1056,.T.);
#1054 = VERTEX_POINT('',#1055);
#1055 = CARTESIAN_POINT('',(-38.,-40.,-10.));
#1056 = LINE('',#1057,#1058);
#1057 = CARTESIAN_POINT('',(-38.,-40.,0.));
#1058 = VECTOR('',#1059,1.);
#1059 = DIRECTION('',(0.,0.,-1.));
#1060 = ORIENTED_EDGE('',*,*,#1061,.T.);
#1061 = EDGE_CURVE('',#1054,#1062,#1064,.T.);
#1062 = VERTEX_POINT('',#1063);
#1063 = CARTESIAN_POINT('',(-36.,-40.,-12.));
#1064 = CIRCLE('',#1065,2.);
#1065 = AXIS2_PLACEMENT_3D('',#1066,#1067,#1068);
#1066 = CARTESIAN_POINT('',(-36.,-40.,-10.));
#1067 = DIRECTION('',(0.,-1.,0.));
#1068 = DIRECTION('',(-1.110223024625E-16,0.,1.));
#1069 = ORIENTED_EDGE('',*,*,#1070,.F.);
#1070 = EDGE_CURVE('',#1071,#1062,#1073,.T.);
#1071 = VERTEX_POINT('',#1072);
#1072 = CARTESIAN_POINT('',(-31.,-40.,-12.));
#1073 = LINE('',#1074,#1075);
#1074 = CARTESIAN_POINT('',(-25.,-40.,-12.));
#1075 = VECTOR('',#1076,1.);
#1076 = DIRECTION('',(-1.,0.,0.));
#1077 = ORIENTED_EDGE('',*,*,#1078,.F.);
#1078 = EDGE_CURVE('',#1079,#1071,#1081,.T.);
#1079 = VERTEX_POINT('',#1080);
#1080 = CARTESIAN_POINT('',(-31.,-40.,-10.));
#1081 = LINE('',#1082,#1083);
#1082 = CARTESIAN_POINT('',(-31.,-40.,-10.));
#1083 = VECTOR('',#1084,1.);
#1084 = DIRECTION('',(0.,-2.22044604925E-16,-1.));
#1085 = ORIENTED_EDGE('',*,*,#1086,.T.);
#1086 = EDGE_CURVE('',#1079,#1087,#1089,.T.);
#1087 = VERTEX_POINT('',#1088);
#1088 = CARTESIAN_POINT('',(-34.,-40.,-10.));
#1089 = LINE('',#1090,#1091);
#1090 = CARTESIAN_POINT('',(-25.,-40.,-10.));
#1091 = VECTOR('',#1092,1.);
#1092 = DIRECTION('',(-1.,0.,0.));
#1093 = ORIENTED_EDGE('',*,*,#1094,.F.);
#1094 = EDGE_CURVE('',#1037,#1087,#1095,.T.);
#1095 = CIRCLE('',#1096,2.);
#1096 = AXIS2_PLACEMENT_3D('',#1097,#1098,#1099);
#1097 = CARTESIAN_POINT('',(-34.,-40.,-8.));
#1098 = DIRECTION('',(0.,-1.,0.));
#1099 = DIRECTION('',(0.,0.,-1.));
#1100 = PLANE('',#1101);
#1101 = AXIS2_PLACEMENT_3D('',#1102,#1103,#1104);
#1102 = CARTESIAN_POINT('',(-50.,-40.,0.));
#1103 = DIRECTION('',(0.,-1.,0.));
#1104 = DIRECTION('',(1.,0.,0.));
#1105 = ADVANCED_FACE('',(#1106),#1117,.F.);
#1106 = FACE_BOUND('',#1107,.F.);
#1107 = EDGE_LOOP('',(#1108,#1109,#1115,#1116));
#1108 = ORIENTED_EDGE('',*,*,#244,.F.);
#1109 = ORIENTED_EDGE('',*,*,#1110,.T.);
#1110 = EDGE_CURVE('',#245,#545,#1111,.T.);
#1111 = LINE('',#1112,#1113);
#1112 = CARTESIAN_POINT('',(-2.5,36.5,0.));
#1113 = VECTOR('',#1114,1.);
#1114 = DIRECTION('',(-0.,-0.,-1.));
#1115 = ORIENTED_EDGE('',*,*,#544,.T.);
#1116 = ORIENTED_EDGE('',*,*,#1022,.F.);
#1117 = CYLINDRICAL_SURFACE('',#1118,2.5);
#1118 = AXIS2_PLACEMENT_3D('',#1119,#1120,#1121);
#1119 = CARTESIAN_POINT('',(2.034560516981E-16,36.5,0.));
#1120 = DIRECTION('',(0.,0.,1.));
#1121 = DIRECTION('',(1.,0.,0.));
#1122 = ADVANCED_FACE('',(#1123),#1134,.T.);
#1123 = FACE_BOUND('',#1124,.T.);
#1124 = EDGE_LOOP('',(#1125,#1126,#1127,#1133));
#1125 = ORIENTED_EDGE('',*,*,#1046,.F.);
#1126 = ORIENTED_EDGE('',*,*,#286,.T.);
#1127 = ORIENTED_EDGE('',*,*,#1128,.T.);
#1128 = EDGE_CURVE('',#279,#579,#1129,.T.);
#1129 = LINE('',#1130,#1131);
#1130 = CARTESIAN_POINT('',(-50.,-34.,0.));
#1131 = VECTOR('',#1132,1.);
#1132 = DIRECTION('',(-0.,-0.,-1.));
#1133 = ORIENTED_EDGE('',*,*,#586,.F.);
#1134 = CYLINDRICAL_SURFACE('',#1135,6.);
#1135 = AXIS2_PLACEMENT_3D('',#1136,#1137,#1138);
#1136 = CARTESIAN_POINT('',(-44.,-34.,0.));
#1137 = DIRECTION('',(-0.,-0.,-1.));
#1138 = DIRECTION('',(0.,-1.,0.));
#1139 = ADVANCED_FACE('',(#1140),#1151,.F.);
#1140 = FACE_BOUND('',#1141,.F.);
#1141 = EDGE_LOOP('',(#1142,#1143,#1149,#1150));
#1142 = ORIENTED_EDGE('',*,*,#253,.F.);
#1143 = ORIENTED_EDGE('',*,*,#1144,.F.);
#1144 = EDGE_CURVE('',#554,#254,#1145,.T.);
#1145 = LINE('',#1146,#1147);
#1146 = CARTESIAN_POINT('',(-2.5,40.,0.));
#1147 = VECTOR('',#1148,1.);
#1148 = DIRECTION('',(0.,0.,1.));
#1149 = ORIENTED_EDGE('',*,*,#553,.T.);
#1150 = ORIENTED_EDGE('',*,*,#1110,.F.);
#1151 = PLANE('',#1152);
#1152 = AXIS2_PLACEMENT_3D('',#1153,#1154,#1155);
#1153 = CARTESIAN_POINT('',(-2.5,51.5,0.));
#1154 = DIRECTION('',(-1.,0.,0.));
#1155 = DIRECTION('',(0.,-1.,0.));
#1156 = ADVANCED_FACE('',(#1157),#1168,.T.);
#1157 = FACE_BOUND('',#1158,.T.);
#1158 = EDGE_LOOP('',(#1159,#1160,#1166,#1167));
#1159 = ORIENTED_EDGE('',*,*,#278,.F.);
#1160 = ORIENTED_EDGE('',*,*,#1161,.T.);
#1161 = EDGE_CURVE('',#270,#570,#1162,.T.);
#1162 = LINE('',#1163,#1164);
#1163 = CARTESIAN_POINT('',(-50.,34.,0.));
#1164 = VECTOR('',#1165,1.);
#1165 = DIRECTION('',(-0.,-0.,-1.));
#1166 = ORIENTED_EDGE('',*,*,#578,.T.);
#1167 = ORIENTED_EDGE('',*,*,#1128,.F.);
#1168 = PLANE('',#1169);
#1169 = AXIS2_PLACEMENT_3D('',#1170,#1171,#1172);
#1170 = CARTESIAN_POINT('',(-50.,40.,0.));
#1171 = DIRECTION('',(-1.,0.,0.));
#1172 = DIRECTION('',(0.,-1.,0.));
#1173 = ADVANCED_FACE('',(#1174),#1185,.T.);
#1174 = FACE_BOUND('',#1175,.T.);
#1175 = EDGE_LOOP('',(#1176,#1177,#1178,#1179));
#1176 = ORIENTED_EDGE('',*,*,#261,.F.);
#1177 = ORIENTED_EDGE('',*,*,#1144,.F.);
#1178 = ORIENTED_EDGE('',*,*,#561,.T.);
#1179 = ORIENTED_EDGE('',*,*,#1180,.F.);
#1180 = EDGE_CURVE('',#262,#562,#1181,.T.);
#1181 = LINE('',#1182,#1183);
#1182 = CARTESIAN_POINT('',(-44.,40.,0.));
#1183 = VECTOR('',#1184,1.);
#1184 = DIRECTION('',(-0.,-0.,-1.));
#1185 = PLANE('',#1186);
#1186 = AXIS2_PLACEMENT_3D('',#1187,#1188,#1189);
#1187 = CARTESIAN_POINT('',(50.,40.,0.));
#1188 = DIRECTION('',(0.,1.,0.));
#1189 = DIRECTION('',(-1.,0.,0.));
#1190 = ADVANCED_FACE('',(#1191),#1197,.T.);
#1191 = FACE_BOUND('',#1192,.F.);
#1192 = EDGE_LOOP('',(#1193,#1194,#1195,#1196));
#1193 = ORIENTED_EDGE('',*,*,#1161,.T.);
#1194 = ORIENTED_EDGE('',*,*,#569,.F.);
#1195 = ORIENTED_EDGE('',*,*,#1180,.F.);
#1196 = ORIENTED_EDGE('',*,*,#269,.T.);
#1197 = CYLINDRICAL_SURFACE('',#1198,6.);
#1198 = AXIS2_PLACEMENT_3D('',#1199,#1200,#1201);
#1199 = CARTESIAN_POINT('',(-44.,34.,0.));
#1200 = DIRECTION('',(-0.,-0.,-1.));
#1201 = DIRECTION('',(0.,1.,0.));
#1202 = ADVANCED_FACE('',(#1203),#1230,.T.);
#1203 = FACE_BOUND('',#1204,.F.);
#1204 = EDGE_LOOP('',(#1205,#1214,#1222,#1229));
#1205 = ORIENTED_EDGE('',*,*,#1206,.T.);
#1206 = EDGE_CURVE('',#339,#1207,#1209,.T.);
#1207 = VERTEX_POINT('',#1208);
#1208 = CARTESIAN_POINT('',(-22.,-17.69059892324,-4.));
#1209 = CIRCLE('',#1210,8.);
#1210 = AXIS2_PLACEMENT_3D('',#1211,#1212,#1213);
#1211 = CARTESIAN_POINT('',(-22.,-24.61880215351,-8.));
#1212 = DIRECTION('',(-1.,0.,0.));
#1213 = DIRECTION('',(0.,0.,1.));
#1214 = ORIENTED_EDGE('',*,*,#1215,.T.);
#1215 = EDGE_CURVE('',#1207,#1216,#1218,.T.);
#1216 = VERTEX_POINT('',#1217);
#1217 = CARTESIAN_POINT('',(22.,-17.69059892324,-4.));
#1218 = LINE('',#1219,#1220);
#1219 = CARTESIAN_POINT('',(-22.,-17.69059892324,-4.));
#1220 = VECTOR('',#1221,1.);
#1221 = DIRECTION('',(1.,0.,0.));
#1222 = ORIENTED_EDGE('',*,*,#1223,.F.);
#1223 = EDGE_CURVE('',#341,#1216,#1224,.T.);
#1224 = CIRCLE('',#1225,8.);
#1225 = AXIS2_PLACEMENT_3D('',#1226,#1227,#1228);
#1226 = CARTESIAN_POINT('',(22.,-24.61880215351,-8.));
#1227 = DIRECTION('',(-1.,0.,0.));
#1228 = DIRECTION('',(0.,0.,1.));
#1229 = ORIENTED_EDGE('',*,*,#338,.F.);
#1230 = CYLINDRICAL_SURFACE('',#1231,8.);
#1231 = AXIS2_PLACEMENT_3D('',#1232,#1233,#1234);
#1232 = CARTESIAN_POINT('',(-22.,-24.61880215351,-8.));
#1233 = DIRECTION('',(1.,0.,0.));
#1234 = DIRECTION('',(0.,0.,1.));
#1235 = ADVANCED_FACE('',(#1236),#1256,.T.);
#1236 = FACE_BOUND('',#1237,.T.);
#1237 = EDGE_LOOP('',(#1238,#1247,#1248,#1249));
#1238 = ORIENTED_EDGE('',*,*,#1239,.F.);
#1239 = EDGE_CURVE('',#349,#1240,#1242,.T.);
#1240 = VERTEX_POINT('',#1241);
#1241 = CARTESIAN_POINT('',(-35.69059892324,-4.,-4.));
#1242 = CIRCLE('',#1243,8.);
#1243 = AXIS2_PLACEMENT_3D('',#1244,#1245,#1246);
#1244 = CARTESIAN_POINT('',(-42.61880215351,-4.,-8.));
#1245 = DIRECTION('',(0.,1.,0.));
#1246 = DIRECTION('',(0.,0.,1.));
#1247 = ORIENTED_EDGE('',*,*,#348,.T.);
#1248 = ORIENTED_EDGE('',*,*,#1206,.T.);
#1249 = ORIENTED_EDGE('',*,*,#1250,.F.);
#1250 = EDGE_CURVE('',#1240,#1207,#1251,.T.);
#1251 = CIRCLE('',#1252,13.690598923241);
#1252 = AXIS2_PLACEMENT_3D('',#1253,#1254,#1255);
#1253 = CARTESIAN_POINT('',(-22.,-4.,-4.));
#1254 = DIRECTION('',(0.,0.,1.));
#1255 = DIRECTION('',(-1.,-1.665334536938E-16,0.));
#1256 = TOROIDAL_SURFACE('',#1257,20.618802153517,8.);
#1257 = AXIS2_PLACEMENT_3D('',#1258,#1259,#1260);
#1258 = CARTESIAN_POINT('',(-22.,-4.,-8.));
#1259 = DIRECTION('',(0.,0.,1.));
#1260 = DIRECTION('',(-1.,-1.665334536938E-16,0.));
#1261 = ADVANCED_FACE('',(#1262),#1282,.T.);
#1262 = FACE_BOUND('',#1263,.T.);
#1263 = EDGE_LOOP('',(#1264,#1265,#1266,#1275));
#1264 = ORIENTED_EDGE('',*,*,#1223,.F.);
#1265 = ORIENTED_EDGE('',*,*,#399,.T.);
#1266 = ORIENTED_EDGE('',*,*,#1267,.T.);
#1267 = EDGE_CURVE('',#392,#1268,#1270,.T.);
#1268 = VERTEX_POINT('',#1269);
#1269 = CARTESIAN_POINT('',(35.690598923242,-4.,-4.));
#1270 = CIRCLE('',#1271,8.);
#1271 = AXIS2_PLACEMENT_3D('',#1272,#1273,#1274);
#1272 = CARTESIAN_POINT('',(42.618802153517,-4.,-8.));
#1273 = DIRECTION('',(-6.123233995737E-17,-1.,0.));
#1274 = DIRECTION('',(1.,-6.123233995737E-17,0.));
#1275 = ORIENTED_EDGE('',*,*,#1276,.F.);
#1276 = EDGE_CURVE('',#1216,#1268,#1277,.T.);
#1277 = CIRCLE('',#1278,13.690598923241);
#1278 = AXIS2_PLACEMENT_3D('',#1279,#1280,#1281);
#1279 = CARTESIAN_POINT('',(22.,-4.,-4.));
#1280 = DIRECTION('',(-0.,0.,1.));
#1281 = DIRECTION('',(2.22044604925E-16,-1.,0.));
#1282 = TOROIDAL_SURFACE('',#1283,20.618802153517,8.);
#1283 = AXIS2_PLACEMENT_3D('',#1284,#1285,#1286);
#1284 = CARTESIAN_POINT('',(22.,-4.,-8.));
#1285 = DIRECTION('',(0.,0.,1.));
#1286 = DIRECTION('',(2.22044604925E-16,-1.,0.));
#1287 = ADVANCED_FACE('',(#1288),#1307,.T.);
#1288 = FACE_BOUND('',#1289,.F.);
#1289 = EDGE_LOOP('',(#1290,#1299,#1305,#1306));
#1290 = ORIENTED_EDGE('',*,*,#1291,.T.);
#1291 = EDGE_CURVE('',#358,#1292,#1294,.T.);
#1292 = VERTEX_POINT('',#1293);
#1293 = CARTESIAN_POINT('',(-35.69059892324,12.,-4.));
#1294 = CIRCLE('',#1295,8.);
#1295 = AXIS2_PLACEMENT_3D('',#1296,#1297,#1298);
#1296 = CARTESIAN_POINT('',(-42.61880215351,12.,-8.));
#1297 = DIRECTION('',(6.123233995737E-17,1.,-0.));
#1298 = DIRECTION('',(-1.,6.123233995737E-17,0.));
#1299 = ORIENTED_EDGE('',*,*,#1300,.T.);
#1300 = EDGE_CURVE('',#1292,#1240,#1301,.T.);
#1301 = LINE('',#1302,#1303);
#1302 = CARTESIAN_POINT('',(-35.69059892324,12.,-4.));
#1303 = VECTOR('',#1304,1.);
#1304 = DIRECTION('',(0.,-1.,0.));
#1305 = ORIENTED_EDGE('',*,*,#1239,.F.);
#1306 = ORIENTED_EDGE('',*,*,#357,.F.);
#1307 = CYLINDRICAL_SURFACE('',#1308,8.);
#1308 = AXIS2_PLACEMENT_3D('',#1309,#1310,#1311);
#1309 = CARTESIAN_POINT('',(-42.61880215351,12.,-8.));
#1310 = DIRECTION('',(0.,-1.,0.));
#1311 = DIRECTION('',(0.,0.,1.));
#1312 = ADVANCED_FACE('',(#1313),#1332,.T.);
#1313 = FACE_BOUND('',#1314,.F.);
#1314 = EDGE_LOOP('',(#1315,#1316,#1324,#1331));
#1315 = ORIENTED_EDGE('',*,*,#1267,.T.);
#1316 = ORIENTED_EDGE('',*,*,#1317,.T.);
#1317 = EDGE_CURVE('',#1268,#1318,#1320,.T.);
#1318 = VERTEX_POINT('',#1319);
#1319 = CARTESIAN_POINT('',(35.690598923242,12.,-4.));
#1320 = LINE('',#1321,#1322);
#1321 = CARTESIAN_POINT('',(35.690598923242,-4.,-4.));
#1322 = VECTOR('',#1323,1.);
#1323 = DIRECTION('',(0.,1.,0.));
#1324 = ORIENTED_EDGE('',*,*,#1325,.F.);
#1325 = EDGE_CURVE('',#383,#1318,#1326,.T.);
#1326 = CIRCLE('',#1327,8.);
#1327 = AXIS2_PLACEMENT_3D('',#1328,#1329,#1330);
#1328 = CARTESIAN_POINT('',(42.618802153517,12.,-8.));
#1329 = DIRECTION('',(0.,-1.,0.));
#1330 = DIRECTION('',(0.,0.,1.));
#1331 = ORIENTED_EDGE('',*,*,#391,.F.);
#1332 = CYLINDRICAL_SURFACE('',#1333,8.);
#1333 = AXIS2_PLACEMENT_3D('',#1334,#1335,#1336);
#1334 = CARTESIAN_POINT('',(42.618802153517,-4.,-8.));
#1335 = DIRECTION('',(0.,1.,0.));
#1336 = DIRECTION('',(0.,0.,1.));
#1337 = ADVANCED_FACE('',(#1338),#1358,.T.);
#1338 = FACE_BOUND('',#1339,.T.);
#1339 = EDGE_LOOP('',(#1340,#1349,#1350,#1351));
#1340 = ORIENTED_EDGE('',*,*,#1341,.F.);
#1341 = EDGE_CURVE('',#366,#1342,#1344,.T.);
#1342 = VERTEX_POINT('',#1343);
#1343 = CARTESIAN_POINT('',(-22.,25.690598923241,-4.));
#1344 = CIRCLE('',#1345,8.);
#1345 = AXIS2_PLACEMENT_3D('',#1346,#1347,#1348);
#1346 = CARTESIAN_POINT('',(-22.,32.618802153517,-8.));
#1347 = DIRECTION('',(1.,0.,-0.));
#1348 = DIRECTION('',(0.,0.,1.));
#1349 = ORIENTED_EDGE('',*,*,#365,.T.);
#1350 = ORIENTED_EDGE('',*,*,#1291,.T.);
#1351 = ORIENTED_EDGE('',*,*,#1352,.F.);
#1352 = EDGE_CURVE('',#1342,#1292,#1353,.T.);
#1353 = CIRCLE('',#1354,13.690598923241);
#1354 = AXIS2_PLACEMENT_3D('',#1355,#1356,#1357);
#1355 = CARTESIAN_POINT('',(-22.,12.,-4.));
#1356 = DIRECTION('',(0.,-0.,1.));
#1357 = DIRECTION('',(0.,1.,0.));
#1358 = TOROIDAL_SURFACE('',#1359,20.618802153517,8.);
#1359 = AXIS2_PLACEMENT_3D('',#1360,#1361,#1362);
#1360 = CARTESIAN_POINT('',(-22.,12.,-8.));
#1361 = DIRECTION('',(0.,0.,1.));
#1362 = DIRECTION('',(0.,1.,0.));
#1363 = ADVANCED_FACE('',(#1364),#1384,.T.);
#1364 = FACE_BOUND('',#1365,.T.);
#1365 = EDGE_LOOP('',(#1366,#1367,#1368,#1377));
#1366 = ORIENTED_EDGE('',*,*,#1325,.F.);
#1367 = ORIENTED_EDGE('',*,*,#382,.T.);
#1368 = ORIENTED_EDGE('',*,*,#1369,.T.);
#1369 = EDGE_CURVE('',#375,#1370,#1372,.T.);
#1370 = VERTEX_POINT('',#1371);
#1371 = CARTESIAN_POINT('',(22.,25.690598923241,-4.));
#1372 = CIRCLE('',#1373,8.);
#1373 = AXIS2_PLACEMENT_3D('',#1374,#1375,#1376);
#1374 = CARTESIAN_POINT('',(22.,32.618802153517,-8.));
#1375 = DIRECTION('',(1.,-1.722546424199E-16,0.));
#1376 = DIRECTION('',(1.722546424199E-16,1.,0.));
#1377 = ORIENTED_EDGE('',*,*,#1378,.F.);
#1378 = EDGE_CURVE('',#1318,#1370,#1379,.T.);
#1379 = CIRCLE('',#1380,13.690598923241);
#1380 = AXIS2_PLACEMENT_3D('',#1381,#1382,#1383);
#1381 = CARTESIAN_POINT('',(22.,12.,-4.));
#1382 = DIRECTION('',(0.,-0.,1.));
#1383 = DIRECTION('',(1.,1.110223024625E-16,0.));
#1384 = TOROIDAL_SURFACE('',#1385,20.618802153517,8.);
#1385 = AXIS2_PLACEMENT_3D('',#1386,#1387,#1388);
#1386 = CARTESIAN_POINT('',(22.,12.,-8.));
#1387 = DIRECTION('',(0.,0.,1.));
#1388 = DIRECTION('',(1.,1.110223024625E-16,0.));
#1389 = ADVANCED_FACE('',(#1390),#1401,.T.);
#1390 = FACE_BOUND('',#1391,.F.);
#1391 = EDGE_LOOP('',(#1392,#1393,#1399,#1400));
#1392 = ORIENTED_EDGE('',*,*,#1369,.T.);
#1393 = ORIENTED_EDGE('',*,*,#1394,.T.);
#1394 = EDGE_CURVE('',#1370,#1342,#1395,.T.);
#1395 = LINE('',#1396,#1397);
#1396 = CARTESIAN_POINT('',(22.,25.690598923241,-4.));
#1397 = VECTOR('',#1398,1.);
#1398 = DIRECTION('',(-1.,0.,0.));
#1399 = ORIENTED_EDGE('',*,*,#1341,.F.);
#1400 = ORIENTED_EDGE('',*,*,#374,.F.);
#1401 = CYLINDRICAL_SURFACE('',#1402,8.);
#1402 = AXIS2_PLACEMENT_3D('',#1403,#1404,#1405);
#1403 = CARTESIAN_POINT('',(22.,32.618802153517,-8.));
#1404 = DIRECTION('',(-1.,0.,0.));
#1405 = DIRECTION('',(0.,0.,1.));
#1406 = ADVANCED_FACE('',(#1407),#1452,.F.);
#1407 = FACE_BOUND('',#1408,.F.);
#1408 = EDGE_LOOP('',(#1409,#1410,#1411,#1412,#1421,#1429,#1437,#1445));
#1409 = ORIENTED_EDGE('',*,*,#433,.F.);
#1410 = ORIENTED_EDGE('',*,*,#501,.F.);
#1411 = ORIENTED_EDGE('',*,*,#755,.T.);
#1412 = ORIENTED_EDGE('',*,*,#1413,.F.);
#1413 = EDGE_CURVE('',#1414,#748,#1416,.T.);
#1414 = VERTEX_POINT('',#1415);
#1415 = CARTESIAN_POINT('',(28.,-28.,-10.));
#1416 = CIRCLE('',#1417,2.);
#1417 = AXIS2_PLACEMENT_3D('',#1418,#1419,#1420);
#1418 = CARTESIAN_POINT('',(28.,-30.,-10.));
#1419 = DIRECTION('',(-1.,0.,0.));
#1420 = DIRECTION('',(0.,1.110223024625E-16,1.));
#1421 = ORIENTED_EDGE('',*,*,#1422,.T.);
#1422 = EDGE_CURVE('',#1414,#1423,#1425,.T.);
#1423 = VERTEX_POINT('',#1424);
#1424 = CARTESIAN_POINT('',(28.,-28.,-6.));
#1425 = LINE('',#1426,#1427);
#1426 = CARTESIAN_POINT('',(28.,-28.,-10.5));
#1427 = VECTOR('',#1428,1.);
#1428 = DIRECTION('',(0.,0.,1.));
#1429 = ORIENTED_EDGE('',*,*,#1430,.F.);
#1430 = EDGE_CURVE('',#1431,#1423,#1433,.T.);
#1431 = VERTEX_POINT('',#1432);
#1432 = CARTESIAN_POINT('',(28.,-30.,-6.));
#1433 = LINE('',#1434,#1435);
#1434 = CARTESIAN_POINT('',(28.,-40.,-6.));
#1435 = VECTOR('',#1436,1.);
#1436 = DIRECTION('',(0.,1.,-2.22044604925E-16));
#1437 = ORIENTED_EDGE('',*,*,#1438,.T.);
#1438 = EDGE_CURVE('',#1431,#1439,#1441,.T.);
#1439 = VERTEX_POINT('',#1440);
#1440 = CARTESIAN_POINT('',(28.,-30.,-8.));
#1441 = LINE('',#1442,#1443);
#1442 = CARTESIAN_POINT('',(28.,-30.,-10.5));
#1443 = VECTOR('',#1444,1.);
#1444 = DIRECTION('',(0.,0.,-1.));
#1445 = ORIENTED_EDGE('',*,*,#1446,.F.);
#1446 = EDGE_CURVE('',#426,#1439,#1447,.T.);
#1447 = CIRCLE('',#1448,2.);
#1448 = AXIS2_PLACEMENT_3D('',#1449,#1450,#1451);
#1449 = CARTESIAN_POINT('',(28.,-32.,-8.));
#1450 = DIRECTION('',(1.,-0.,0.));
#1451 = DIRECTION('',(0.,0.,-1.));
#1452 = PLANE('',#1453);
#1453 = AXIS2_PLACEMENT_3D('',#1454,#1455,#1456);
#1454 = CARTESIAN_POINT('',(28.,-40.,-21.));
#1455 = DIRECTION('',(1.,0.,0.));
#1456 = DIRECTION('',(0.,2.22044604925E-16,1.));
#1457 = ADVANCED_FACE('',(#1458),#1469,.F.);
#1458 = FACE_BOUND('',#1459,.T.);
#1459 = EDGE_LOOP('',(#1460,#1461,#1467,#1468));
#1460 = ORIENTED_EDGE('',*,*,#876,.T.);
#1461 = ORIENTED_EDGE('',*,*,#1462,.T.);
#1462 = EDGE_CURVE('',#825,#1439,#1463,.T.);
#1463 = LINE('',#1464,#1465);
#1464 = CARTESIAN_POINT('',(31.,-30.,-8.));
#1465 = VECTOR('',#1466,1.);
#1466 = DIRECTION('',(-1.,0.,0.));
#1467 = ORIENTED_EDGE('',*,*,#1446,.F.);
#1468 = ORIENTED_EDGE('',*,*,#425,.F.);
#1469 = CYLINDRICAL_SURFACE('',#1470,2.);
#1470 = AXIS2_PLACEMENT_3D('',#1471,#1472,#1473);
#1471 = CARTESIAN_POINT('',(31.,-32.,-8.));
#1472 = DIRECTION('',(-1.,0.,0.));
#1473 = DIRECTION('',(0.,0.,-1.));
#1474 = ADVANCED_FACE('',(#1475),#1486,.F.);
#1475 = FACE_BOUND('',#1476,.F.);
#1476 = EDGE_LOOP('',(#1477,#1478,#1484,#1485));
#1477 = ORIENTED_EDGE('',*,*,#450,.F.);
#1478 = ORIENTED_EDGE('',*,*,#1479,.T.);
#1479 = EDGE_CURVE('',#451,#765,#1480,.T.);
#1480 = LINE('',#1481,#1482);
#1481 = CARTESIAN_POINT('',(32.,-37.,-10.));
#1482 = VECTOR('',#1483,1.);
#1483 = DIRECTION('',(-0.,-0.,-1.));
#1484 = ORIENTED_EDGE('',*,*,#764,.T.);
#1485 = ORIENTED_EDGE('',*,*,#1479,.F.);
#1486 = CYLINDRICAL_SURFACE('',#1487,1.);
#1487 = AXIS2_PLACEMENT_3D('',#1488,#1489,#1490);
#1488 = CARTESIAN_POINT('',(31.,-37.,-10.));
#1489 = DIRECTION('',(0.,0.,1.));
#1490 = DIRECTION('',(1.,0.,0.));
#1491 = ADVANCED_FACE('',(#1492),#1511,.T.);
#1492 = FACE_BOUND('',#1493,.T.);
#1493 = EDGE_LOOP('',(#1494,#1502,#1503,#1504));
#1494 = ORIENTED_EDGE('',*,*,#1495,.F.);
#1495 = EDGE_CURVE('',#621,#1496,#1498,.T.);
#1496 = VERTEX_POINT('',#1497);
#1497 = CARTESIAN_POINT('',(31.,-28.,-10.));
#1498 = LINE('',#1499,#1500);
#1499 = CARTESIAN_POINT('',(31.,-28.,0.));
#1500 = VECTOR('',#1501,1.);
#1501 = DIRECTION('',(-0.,-0.,-1.));
#1502 = ORIENTED_EDGE('',*,*,#628,.F.);
#1503 = ORIENTED_EDGE('',*,*,#781,.T.);
#1504 = ORIENTED_EDGE('',*,*,#1505,.T.);
#1505 = EDGE_CURVE('',#782,#1496,#1506,.T.);
#1506 = CIRCLE('',#1507,7.);
#1507 = AXIS2_PLACEMENT_3D('',#1508,#1509,#1510);
#1508 = CARTESIAN_POINT('',(31.,-35.,-10.));
#1509 = DIRECTION('',(0.,0.,1.));
#1510 = DIRECTION('',(1.,0.,0.));
#1511 = CYLINDRICAL_SURFACE('',#1512,7.);
#1512 = AXIS2_PLACEMENT_3D('',#1513,#1514,#1515);
#1513 = CARTESIAN_POINT('',(31.,-35.,0.));
#1514 = DIRECTION('',(0.,0.,1.));
#1515 = DIRECTION('',(1.,0.,0.));
#1516 = ADVANCED_FACE('',(#1517),#1576,.T.);
#1517 = FACE_BOUND('',#1518,.T.);
#1518 = EDGE_LOOP('',(#1519,#1520,#1526,#1527,#1536,#1544,#1553,#1561,
    #1569,#1575));
#1519 = ORIENTED_EDGE('',*,*,#1495,.T.);
#1520 = ORIENTED_EDGE('',*,*,#1521,.T.);
#1521 = EDGE_CURVE('',#1496,#1414,#1522,.T.);
#1522 = LINE('',#1523,#1524);
#1523 = CARTESIAN_POINT('',(31.,-28.,-10.));
#1524 = VECTOR('',#1525,1.);
#1525 = DIRECTION('',(-1.,0.,0.));
#1526 = ORIENTED_EDGE('',*,*,#1422,.T.);
#1527 = ORIENTED_EDGE('',*,*,#1528,.T.);
#1528 = EDGE_CURVE('',#1423,#1529,#1531,.T.);
#1529 = VERTEX_POINT('',#1530);
#1530 = CARTESIAN_POINT('',(25.,-28.,-3.));
#1531 = CIRCLE('',#1532,3.);
#1532 = AXIS2_PLACEMENT_3D('',#1533,#1534,#1535);
#1533 = CARTESIAN_POINT('',(25.,-28.,-6.));
#1534 = DIRECTION('',(0.,-1.,2.22044604925E-16));
#1535 = DIRECTION('',(1.,0.,0.));
#1536 = ORIENTED_EDGE('',*,*,#1537,.T.);
#1537 = EDGE_CURVE('',#1529,#1538,#1540,.T.);
#1538 = VERTEX_POINT('',#1539);
#1539 = CARTESIAN_POINT('',(-25.,-28.,-3.));
#1540 = LINE('',#1541,#1542);
#1541 = CARTESIAN_POINT('',(28.,-28.,-3.));
#1542 = VECTOR('',#1543,1.);
#1543 = DIRECTION('',(-1.,0.,0.));
#1544 = ORIENTED_EDGE('',*,*,#1545,.T.);
#1545 = EDGE_CURVE('',#1538,#1546,#1548,.T.);
#1546 = VERTEX_POINT('',#1547);
#1547 = CARTESIAN_POINT('',(-28.,-28.,-6.));
#1548 = CIRCLE('',#1549,3.);
#1549 = AXIS2_PLACEMENT_3D('',#1550,#1551,#1552);
#1550 = CARTESIAN_POINT('',(-25.,-28.,-6.));
#1551 = DIRECTION('',(0.,-1.,2.22044604925E-16));
#1552 = DIRECTION('',(1.,0.,0.));
#1553 = ORIENTED_EDGE('',*,*,#1554,.T.);
#1554 = EDGE_CURVE('',#1546,#1555,#1557,.T.);
#1555 = VERTEX_POINT('',#1556);
#1556 = CARTESIAN_POINT('',(-28.,-28.,-10.));
#1557 = LINE('',#1558,#1559);
#1558 = CARTESIAN_POINT('',(-28.,-28.,-3.));
#1559 = VECTOR('',#1560,1.);
#1560 = DIRECTION('',(0.,0.,-1.));
#1561 = ORIENTED_EDGE('',*,*,#1562,.T.);
#1562 = EDGE_CURVE('',#1555,#1563,#1565,.T.);
#1563 = VERTEX_POINT('',#1564);
#1564 = CARTESIAN_POINT('',(-31.,-28.,-10.));
#1565 = LINE('',#1566,#1567);
#1566 = CARTESIAN_POINT('',(31.,-28.,-10.));
#1567 = VECTOR('',#1568,1.);
#1568 = DIRECTION('',(-1.,0.,0.));
#1569 = ORIENTED_EDGE('',*,*,#1570,.F.);
#1570 = EDGE_CURVE('',#612,#1563,#1571,.T.);
#1571 = LINE('',#1572,#1573);
#1572 = CARTESIAN_POINT('',(-31.,-28.,0.));
#1573 = VECTOR('',#1574,1.);
#1574 = DIRECTION('',(-0.,-0.,-1.));
#1575 = ORIENTED_EDGE('',*,*,#620,.F.);
#1576 = PLANE('',#1577);
#1577 = AXIS2_PLACEMENT_3D('',#1578,#1579,#1580);
#1578 = CARTESIAN_POINT('',(31.,-28.,0.));
#1579 = DIRECTION('',(0.,1.,0.));
#1580 = DIRECTION('',(-1.,0.,0.));
#1581 = ADVANCED_FACE('',(#1582),#1601,.T.);
#1582 = FACE_BOUND('',#1583,.T.);
#1583 = EDGE_LOOP('',(#1584,#1585,#1594,#1600));
#1584 = ORIENTED_EDGE('',*,*,#1570,.T.);
#1585 = ORIENTED_EDGE('',*,*,#1586,.T.);
#1586 = EDGE_CURVE('',#1563,#1587,#1589,.T.);
#1587 = VERTEX_POINT('',#1588);
#1588 = CARTESIAN_POINT('',(-38.,-35.,-10.));
#1589 = CIRCLE('',#1590,7.);
#1590 = AXIS2_PLACEMENT_3D('',#1591,#1592,#1593);
#1591 = CARTESIAN_POINT('',(-31.,-35.,-10.));
#1592 = DIRECTION('',(0.,0.,1.));
#1593 = DIRECTION('',(1.,0.,0.));
#1594 = ORIENTED_EDGE('',*,*,#1595,.F.);
#1595 = EDGE_CURVE('',#604,#1587,#1596,.T.);
#1596 = LINE('',#1597,#1598);
#1597 = CARTESIAN_POINT('',(-38.,-35.,0.));
#1598 = VECTOR('',#1599,1.);
#1599 = DIRECTION('',(-0.,-0.,-1.));
#1600 = ORIENTED_EDGE('',*,*,#611,.F.);
#1601 = CYLINDRICAL_SURFACE('',#1602,7.);
#1602 = AXIS2_PLACEMENT_3D('',#1603,#1604,#1605);
#1603 = CARTESIAN_POINT('',(-31.,-35.,0.));
#1604 = DIRECTION('',(0.,0.,1.));
#1605 = DIRECTION('',(1.,0.,0.));
#1606 = ADVANCED_FACE('',(#1607),#1618,.T.);
#1607 = FACE_BOUND('',#1608,.T.);
#1608 = EDGE_LOOP('',(#1609,#1610,#1611,#1612));
#1609 = ORIENTED_EDGE('',*,*,#1053,.F.);
#1610 = ORIENTED_EDGE('',*,*,#603,.F.);
#1611 = ORIENTED_EDGE('',*,*,#1595,.T.);
#1612 = ORIENTED_EDGE('',*,*,#1613,.T.);
#1613 = EDGE_CURVE('',#1587,#1054,#1614,.T.);
#1614 = LINE('',#1615,#1616);
#1615 = CARTESIAN_POINT('',(-38.,-35.,-10.));
#1616 = VECTOR('',#1617,1.);
#1617 = DIRECTION('',(0.,-1.,0.));
#1618 = PLANE('',#1619);
#1619 = AXIS2_PLACEMENT_3D('',#1620,#1621,#1622);
#1620 = CARTESIAN_POINT('',(-38.,-35.,0.));
#1621 = DIRECTION('',(-1.,0.,0.));
#1622 = DIRECTION('',(0.,-1.,0.));
#1623 = ADVANCED_FACE('',(#1624),#1652,.F.);
#1624 = FACE_BOUND('',#1625,.F.);
#1625 = EDGE_LOOP('',(#1626,#1635,#1636,#1645));
#1626 = ORIENTED_EDGE('',*,*,#1627,.F.);
#1627 = EDGE_CURVE('',#654,#1628,#1630,.T.);
#1628 = VERTEX_POINT('',#1629);
#1629 = CARTESIAN_POINT('',(-37.42264973081,-4.,-5.));
#1630 = CIRCLE('',#1631,6.);
#1631 = AXIS2_PLACEMENT_3D('',#1632,#1633,#1634);
#1632 = CARTESIAN_POINT('',(-42.61880215351,-4.,-8.));
#1633 = DIRECTION('',(2.809172479838E-17,1.,-2.894887629819E-33));
#1634 = DIRECTION('',(-5.551115123126E-16,1.848892746612E-32,1.));
#1635 = ORIENTED_EDGE('',*,*,#653,.T.);
#1636 = ORIENTED_EDGE('',*,*,#1637,.T.);
#1637 = EDGE_CURVE('',#656,#1638,#1640,.T.);
#1638 = VERTEX_POINT('',#1639);
#1639 = CARTESIAN_POINT('',(-22.,-19.42264973081,-5.));
#1640 = CIRCLE('',#1641,6.);
#1641 = AXIS2_PLACEMENT_3D('',#1642,#1643,#1644);
#1642 = CARTESIAN_POINT('',(-22.,-24.61880215351,-8.));
#1643 = DIRECTION('',(-1.,1.167434911886E-16,-9.150053918102E-33));
#1644 = DIRECTION('',(-7.395570986447E-32,-5.551115123126E-16,1.));
#1645 = ORIENTED_EDGE('',*,*,#1646,.F.);
#1646 = EDGE_CURVE('',#1628,#1638,#1647,.T.);
#1647 = CIRCLE('',#1648,15.42264973081);
#1648 = AXIS2_PLACEMENT_3D('',#1649,#1650,#1651);
#1649 = CARTESIAN_POINT('',(-22.,-4.,-5.));
#1650 = DIRECTION('',(0.,0.,1.));
#1651 = DIRECTION('',(-1.,-1.665334536938E-16,0.));
#1652 = TOROIDAL_SURFACE('',#1653,20.618802153517,6.);
#1653 = AXIS2_PLACEMENT_3D('',#1654,#1655,#1656);
#1654 = CARTESIAN_POINT('',(-22.,-4.,-8.));
#1655 = DIRECTION('',(0.,0.,1.));
#1656 = DIRECTION('',(-1.,-1.665334536938E-16,0.));
#1657 = ADVANCED_FACE('',(#1658),#1677,.F.);
#1658 = FACE_BOUND('',#1659,.T.);
#1659 = EDGE_LOOP('',(#1660,#1669,#1675,#1676));
#1660 = ORIENTED_EDGE('',*,*,#1661,.T.);
#1661 = EDGE_CURVE('',#665,#1662,#1664,.T.);
#1662 = VERTEX_POINT('',#1663);
#1663 = CARTESIAN_POINT('',(-37.42264973081,12.,-5.));
#1664 = CIRCLE('',#1665,6.);
#1665 = AXIS2_PLACEMENT_3D('',#1666,#1667,#1668);
#1666 = CARTESIAN_POINT('',(-42.61880215351,12.,-8.));
#1667 = DIRECTION('',(6.123233995737E-17,1.,-0.));
#1668 = DIRECTION('',(-1.,6.123233995737E-17,0.));
#1669 = ORIENTED_EDGE('',*,*,#1670,.T.);
#1670 = EDGE_CURVE('',#1662,#1628,#1671,.T.);
#1671 = LINE('',#1672,#1673);
#1672 = CARTESIAN_POINT('',(-37.42264973081,12.,-5.));
#1673 = VECTOR('',#1674,1.);
#1674 = DIRECTION('',(0.,-1.,0.));
#1675 = ORIENTED_EDGE('',*,*,#1627,.F.);
#1676 = ORIENTED_EDGE('',*,*,#664,.F.);
#1677 = CYLINDRICAL_SURFACE('',#1678,6.);
#1678 = AXIS2_PLACEMENT_3D('',#1679,#1680,#1681);
#1679 = CARTESIAN_POINT('',(-42.61880215351,12.,-8.));
#1680 = DIRECTION('',(0.,-1.,0.));
#1681 = DIRECTION('',(0.,0.,1.));
#1682 = ADVANCED_FACE('',(#1683),#1702,.F.);
#1683 = FACE_BOUND('',#1684,.T.);
#1684 = EDGE_LOOP('',(#1685,#1686,#1694,#1701));
#1685 = ORIENTED_EDGE('',*,*,#1637,.T.);
#1686 = ORIENTED_EDGE('',*,*,#1687,.T.);
#1687 = EDGE_CURVE('',#1638,#1688,#1690,.T.);
#1688 = VERTEX_POINT('',#1689);
#1689 = CARTESIAN_POINT('',(22.,-19.42264973081,-5.));
#1690 = LINE('',#1691,#1692);
#1691 = CARTESIAN_POINT('',(-22.,-19.42264973081,-5.));
#1692 = VECTOR('',#1693,1.);
#1693 = DIRECTION('',(1.,0.,0.));
#1694 = ORIENTED_EDGE('',*,*,#1695,.F.);
#1695 = EDGE_CURVE('',#707,#1688,#1696,.T.);
#1696 = CIRCLE('',#1697,6.);
#1697 = AXIS2_PLACEMENT_3D('',#1698,#1699,#1700);
#1698 = CARTESIAN_POINT('',(22.,-24.61880215351,-8.));
#1699 = DIRECTION('',(-1.,3.745563306451E-17,-2.004565199026E-33));
#1700 = DIRECTION('',(-6.162975822039E-33,-1.110223024625E-16,1.));
#1701 = ORIENTED_EDGE('',*,*,#715,.F.);
#1702 = CYLINDRICAL_SURFACE('',#1703,6.);
#1703 = AXIS2_PLACEMENT_3D('',#1704,#1705,#1706);
#1704 = CARTESIAN_POINT('',(-22.,-24.61880215351,-8.));
#1705 = DIRECTION('',(1.,0.,0.));
#1706 = DIRECTION('',(0.,0.,1.));
#1707 = ADVANCED_FACE('',(#1708),#1728,.F.);
#1708 = FACE_BOUND('',#1709,.F.);
#1709 = EDGE_LOOP('',(#1710,#1719,#1720,#1721));
#1710 = ORIENTED_EDGE('',*,*,#1711,.F.);
#1711 = EDGE_CURVE('',#673,#1712,#1714,.T.);
#1712 = VERTEX_POINT('',#1713);
#1713 = CARTESIAN_POINT('',(-22.,27.42264973081,-5.));
#1714 = CIRCLE('',#1715,6.);
#1715 = AXIS2_PLACEMENT_3D('',#1716,#1717,#1718);
#1716 = CARTESIAN_POINT('',(-22.,32.618802153517,-8.));
#1717 = DIRECTION('',(1.,0.,0.));
#1718 = DIRECTION('',(0.,-4.440892098501E-16,1.));
#1719 = ORIENTED_EDGE('',*,*,#672,.T.);
#1720 = ORIENTED_EDGE('',*,*,#1661,.T.);
#1721 = ORIENTED_EDGE('',*,*,#1722,.F.);
#1722 = EDGE_CURVE('',#1712,#1662,#1723,.T.);
#1723 = CIRCLE('',#1724,15.42264973081);
#1724 = AXIS2_PLACEMENT_3D('',#1725,#1726,#1727);
#1725 = CARTESIAN_POINT('',(-22.,12.,-5.));
#1726 = DIRECTION('',(0.,-0.,1.));
#1727 = DIRECTION('',(0.,1.,0.));
#1728 = TOROIDAL_SURFACE('',#1729,20.618802153517,6.);
#1729 = AXIS2_PLACEMENT_3D('',#1730,#1731,#1732);
#1730 = CARTESIAN_POINT('',(-22.,12.,-8.));
#1731 = DIRECTION('',(0.,0.,1.));
#1732 = DIRECTION('',(0.,1.,0.));
#1733 = ADVANCED_FACE('',(#1734),#1754,.F.);
#1734 = FACE_BOUND('',#1735,.F.);
#1735 = EDGE_LOOP('',(#1736,#1737,#1738,#1747));
#1736 = ORIENTED_EDGE('',*,*,#1695,.F.);
#1737 = ORIENTED_EDGE('',*,*,#706,.T.);
#1738 = ORIENTED_EDGE('',*,*,#1739,.T.);
#1739 = EDGE_CURVE('',#699,#1740,#1742,.T.);
#1740 = VERTEX_POINT('',#1741);
#1741 = CARTESIAN_POINT('',(37.42264973081,-4.,-5.));
#1742 = CIRCLE('',#1743,6.);
#1743 = AXIS2_PLACEMENT_3D('',#1744,#1745,#1746);
#1744 = CARTESIAN_POINT('',(42.618802153517,-4.,-8.));
#1745 = DIRECTION('',(-6.123233995737E-17,-1.,0.));
#1746 = DIRECTION('',(1.,-6.123233995737E-17,0.));
#1747 = ORIENTED_EDGE('',*,*,#1748,.F.);
#1748 = EDGE_CURVE('',#1688,#1740,#1749,.T.);
#1749 = CIRCLE('',#1750,15.42264973081);
#1750 = AXIS2_PLACEMENT_3D('',#1751,#1752,#1753);
#1751 = CARTESIAN_POINT('',(22.,-4.,-5.));
#1752 = DIRECTION('',(-0.,0.,1.));
#1753 = DIRECTION('',(2.22044604925E-16,-1.,0.));
#1754 = TOROIDAL_SURFACE('',#1755,20.618802153517,6.);
#1755 = AXIS2_PLACEMENT_3D('',#1756,#1757,#1758);
#1756 = CARTESIAN_POINT('',(22.,-4.,-8.));
#1757 = DIRECTION('',(0.,0.,1.));
#1758 = DIRECTION('',(2.22044604925E-16,-1.,0.));
#1759 = ADVANCED_FACE('',(#1760),#1779,.F.);
#1760 = FACE_BOUND('',#1761,.T.);
#1761 = EDGE_LOOP('',(#1762,#1771,#1777,#1778));
#1762 = ORIENTED_EDGE('',*,*,#1763,.T.);
#1763 = EDGE_CURVE('',#682,#1764,#1766,.T.);
#1764 = VERTEX_POINT('',#1765);
#1765 = CARTESIAN_POINT('',(22.,27.42264973081,-5.));
#1766 = CIRCLE('',#1767,6.);
#1767 = AXIS2_PLACEMENT_3D('',#1768,#1769,#1770);
#1768 = CARTESIAN_POINT('',(22.,32.618802153517,-8.));
#1769 = DIRECTION('',(1.,-1.722546424199E-16,0.));
#1770 = DIRECTION('',(1.722546424199E-16,1.,0.));
#1771 = ORIENTED_EDGE('',*,*,#1772,.T.);
#1772 = EDGE_CURVE('',#1764,#1712,#1773,.T.);
#1773 = LINE('',#1774,#1775);
#1774 = CARTESIAN_POINT('',(22.,27.42264973081,-5.));
#1775 = VECTOR('',#1776,1.);
#1776 = DIRECTION('',(-1.,0.,0.));
#1777 = ORIENTED_EDGE('',*,*,#1711,.F.);
#1778 = ORIENTED_EDGE('',*,*,#681,.F.);
#1779 = CYLINDRICAL_SURFACE('',#1780,6.);
#1780 = AXIS2_PLACEMENT_3D('',#1781,#1782,#1783);
#1781 = CARTESIAN_POINT('',(22.,32.618802153517,-8.));
#1782 = DIRECTION('',(-1.,0.,0.));
#1783 = DIRECTION('',(0.,0.,1.));
#1784 = ADVANCED_FACE('',(#1785),#1804,.F.);
#1785 = FACE_BOUND('',#1786,.T.);
#1786 = EDGE_LOOP('',(#1787,#1788,#1796,#1803));
#1787 = ORIENTED_EDGE('',*,*,#1739,.T.);
#1788 = ORIENTED_EDGE('',*,*,#1789,.T.);
#1789 = EDGE_CURVE('',#1740,#1790,#1792,.T.);
#1790 = VERTEX_POINT('',#1791);
#1791 = CARTESIAN_POINT('',(37.42264973081,12.,-5.));
#1792 = LINE('',#1793,#1794);
#1793 = CARTESIAN_POINT('',(37.42264973081,-4.,-5.));
#1794 = VECTOR('',#1795,1.);
#1795 = DIRECTION('',(0.,1.,0.));
#1796 = ORIENTED_EDGE('',*,*,#1797,.F.);
#1797 = EDGE_CURVE('',#690,#1790,#1798,.T.);
#1798 = CIRCLE('',#1799,6.);
#1799 = AXIS2_PLACEMENT_3D('',#1800,#1801,#1802);
#1800 = CARTESIAN_POINT('',(42.618802153517,12.,-8.));
#1801 = DIRECTION('',(-1.872781653225E-17,-1.,1.151562824473E-33));
#1802 = DIRECTION('',(5.551115123126E-16,-9.244463733059E-33,1.));
#1803 = ORIENTED_EDGE('',*,*,#698,.F.);
#1804 = CYLINDRICAL_SURFACE('',#1805,6.);
#1805 = AXIS2_PLACEMENT_3D('',#1806,#1807,#1808);
#1806 = CARTESIAN_POINT('',(42.618802153517,-4.,-8.));
#1807 = DIRECTION('',(0.,1.,0.));
#1808 = DIRECTION('',(0.,0.,1.));
#1809 = ADVANCED_FACE('',(#1810),#1822,.F.);
#1810 = FACE_BOUND('',#1811,.F.);
#1811 = EDGE_LOOP('',(#1812,#1813,#1814,#1815));
#1812 = ORIENTED_EDGE('',*,*,#1797,.F.);
#1813 = ORIENTED_EDGE('',*,*,#689,.T.);
#1814 = ORIENTED_EDGE('',*,*,#1763,.T.);
#1815 = ORIENTED_EDGE('',*,*,#1816,.F.);
#1816 = EDGE_CURVE('',#1790,#1764,#1817,.T.);
#1817 = CIRCLE('',#1818,15.42264973081);
#1818 = AXIS2_PLACEMENT_3D('',#1819,#1820,#1821);
#1819 = CARTESIAN_POINT('',(22.,12.,-5.));
#1820 = DIRECTION('',(0.,-0.,1.));
#1821 = DIRECTION('',(1.,1.110223024625E-16,0.));
#1822 = TOROIDAL_SURFACE('',#1823,20.618802153517,6.);
#1823 = AXIS2_PLACEMENT_3D('',#1824,#1825,#1826);
#1824 = CARTESIAN_POINT('',(22.,12.,-8.));
#1825 = DIRECTION('',(0.,0.,1.));
#1826 = DIRECTION('',(1.,1.110223024625E-16,0.));
#1827 = ADVANCED_FACE('',(#1828),#1840,.T.);
#1828 = FACE_BOUND('',#1829,.T.);
#1829 = EDGE_LOOP('',(#1830,#1831,#1832,#1833));
#1830 = ORIENTED_EDGE('',*,*,#1505,.F.);
#1831 = ORIENTED_EDGE('',*,*,#808,.T.);
#1832 = ORIENTED_EDGE('',*,*,#738,.T.);
#1833 = ORIENTED_EDGE('',*,*,#1834,.F.);
#1834 = EDGE_CURVE('',#1496,#739,#1835,.T.);
#1835 = CIRCLE('',#1836,2.);
#1836 = AXIS2_PLACEMENT_3D('',#1837,#1838,#1839);
#1837 = CARTESIAN_POINT('',(31.,-30.,-10.));
#1838 = DIRECTION('',(-1.,6.123233995737E-17,0.));
#1839 = DIRECTION('',(6.123233995737E-17,1.,0.));
#1840 = TOROIDAL_SURFACE('',#1841,5.,2.);
#1841 = AXIS2_PLACEMENT_3D('',#1842,#1843,#1844);
#1842 = CARTESIAN_POINT('',(31.,-35.,-10.));
#1843 = DIRECTION('',(-0.,-0.,-1.));
#1844 = DIRECTION('',(1.,0.,0.));
#1845 = ADVANCED_FACE('',(#1846),#1852,.T.);
#1846 = FACE_BOUND('',#1847,.T.);
#1847 = EDGE_LOOP('',(#1848,#1849,#1850,#1851));
#1848 = ORIENTED_EDGE('',*,*,#1521,.F.);
#1849 = ORIENTED_EDGE('',*,*,#1834,.T.);
#1850 = ORIENTED_EDGE('',*,*,#747,.T.);
#1851 = ORIENTED_EDGE('',*,*,#1413,.F.);
#1852 = CYLINDRICAL_SURFACE('',#1853,2.);
#1853 = AXIS2_PLACEMENT_3D('',#1854,#1855,#1856);
#1854 = CARTESIAN_POINT('',(31.,-30.,-10.));
#1855 = DIRECTION('',(-1.,0.,0.));
#1856 = DIRECTION('',(0.,1.110223024625E-16,1.));
#1857 = ADVANCED_FACE('',(#1858),#1912,.F.);
#1858 = FACE_BOUND('',#1859,.F.);
#1859 = EDGE_LOOP('',(#1860,#1868,#1869,#1870,#1871,#1872,#1881,#1889,
    #1898,#1906));
#1860 = ORIENTED_EDGE('',*,*,#1861,.F.);
#1861 = EDGE_CURVE('',#911,#1862,#1864,.T.);
#1862 = VERTEX_POINT('',#1863);
#1863 = CARTESIAN_POINT('',(-31.,-30.,-8.));
#1864 = LINE('',#1865,#1866);
#1865 = CARTESIAN_POINT('',(-31.,-30.,0.));
#1866 = VECTOR('',#1867,1.);
#1867 = DIRECTION('',(-0.,-0.,-1.));
#1868 = ORIENTED_EDGE('',*,*,#910,.F.);
#1869 = ORIENTED_EDGE('',*,*,#833,.T.);
#1870 = ORIENTED_EDGE('',*,*,#1462,.T.);
#1871 = ORIENTED_EDGE('',*,*,#1438,.F.);
#1872 = ORIENTED_EDGE('',*,*,#1873,.T.);
#1873 = EDGE_CURVE('',#1431,#1874,#1876,.T.);
#1874 = VERTEX_POINT('',#1875);
#1875 = CARTESIAN_POINT('',(25.,-30.,-3.));
#1876 = CIRCLE('',#1877,3.);
#1877 = AXIS2_PLACEMENT_3D('',#1878,#1879,#1880);
#1878 = CARTESIAN_POINT('',(25.,-30.,-6.));
#1879 = DIRECTION('',(0.,-1.,2.22044604925E-16));
#1880 = DIRECTION('',(1.,0.,0.));
#1881 = ORIENTED_EDGE('',*,*,#1882,.F.);
#1882 = EDGE_CURVE('',#1883,#1874,#1885,.T.);
#1883 = VERTEX_POINT('',#1884);
#1884 = CARTESIAN_POINT('',(-25.,-30.,-3.));
#1885 = LINE('',#1886,#1887);
#1886 = CARTESIAN_POINT('',(28.,-30.,-3.));
#1887 = VECTOR('',#1888,1.);
#1888 = DIRECTION('',(1.,0.,0.));
#1889 = ORIENTED_EDGE('',*,*,#1890,.T.);
#1890 = EDGE_CURVE('',#1883,#1891,#1893,.T.);
#1891 = VERTEX_POINT('',#1892);
#1892 = CARTESIAN_POINT('',(-28.,-30.,-6.));
#1893 = CIRCLE('',#1894,3.);
#1894 = AXIS2_PLACEMENT_3D('',#1895,#1896,#1897);
#1895 = CARTESIAN_POINT('',(-25.,-30.,-6.));
#1896 = DIRECTION('',(0.,-1.,2.22044604925E-16));
#1897 = DIRECTION('',(1.,0.,0.));
#1898 = ORIENTED_EDGE('',*,*,#1899,.F.);
#1899 = EDGE_CURVE('',#1900,#1891,#1902,.T.);
#1900 = VERTEX_POINT('',#1901);
#1901 = CARTESIAN_POINT('',(-28.,-30.,-8.));
#1902 = LINE('',#1903,#1904);
#1903 = CARTESIAN_POINT('',(-28.,-30.,-3.));
#1904 = VECTOR('',#1905,1.);
#1905 = DIRECTION('',(0.,0.,1.));
#1906 = ORIENTED_EDGE('',*,*,#1907,.T.);
#1907 = EDGE_CURVE('',#1900,#1862,#1908,.T.);
#1908 = LINE('',#1909,#1910);
#1909 = CARTESIAN_POINT('',(-28.,-30.,-8.));
#1910 = VECTOR('',#1911,1.);
#1911 = DIRECTION('',(-1.,0.,0.));
#1912 = PLANE('',#1913);
#1913 = AXIS2_PLACEMENT_3D('',#1914,#1915,#1916);
#1914 = CARTESIAN_POINT('',(31.,-30.,0.));
#1915 = DIRECTION('',(0.,1.,0.));
#1916 = DIRECTION('',(-1.,0.,0.));
#1917 = ADVANCED_FACE('',(#1918),#1937,.F.);
#1918 = FACE_BOUND('',#1919,.F.);
#1919 = EDGE_LOOP('',(#1920,#1921,#1930,#1936));
#1920 = ORIENTED_EDGE('',*,*,#1861,.T.);
#1921 = ORIENTED_EDGE('',*,*,#1922,.T.);
#1922 = EDGE_CURVE('',#1862,#1923,#1925,.T.);
#1923 = VERTEX_POINT('',#1924);
#1924 = CARTESIAN_POINT('',(-36.,-35.,-8.));
#1925 = CIRCLE('',#1926,5.);
#1926 = AXIS2_PLACEMENT_3D('',#1927,#1928,#1929);
#1927 = CARTESIAN_POINT('',(-31.,-35.,-8.));
#1928 = DIRECTION('',(0.,-0.,1.));
#1929 = DIRECTION('',(0.,1.,0.));
#1930 = ORIENTED_EDGE('',*,*,#1931,.F.);
#1931 = EDGE_CURVE('',#954,#1923,#1932,.T.);
#1932 = LINE('',#1933,#1934);
#1933 = CARTESIAN_POINT('',(-36.,-35.,0.));
#1934 = VECTOR('',#1935,1.);
#1935 = DIRECTION('',(-0.,-0.,-1.));
#1936 = ORIENTED_EDGE('',*,*,#962,.F.);
#1937 = CYLINDRICAL_SURFACE('',#1938,5.);
#1938 = AXIS2_PLACEMENT_3D('',#1939,#1940,#1941);
#1939 = CARTESIAN_POINT('',(-31.,-35.,0.));
#1940 = DIRECTION('',(0.,0.,1.));
#1941 = DIRECTION('',(1.,0.,0.));
#1942 = ADVANCED_FACE('',(#1943),#1954,.F.);
#1943 = FACE_BOUND('',#1944,.F.);
#1944 = EDGE_LOOP('',(#1945,#1946,#1947,#1948));
#1945 = ORIENTED_EDGE('',*,*,#1036,.F.);
#1946 = ORIENTED_EDGE('',*,*,#995,.F.);
#1947 = ORIENTED_EDGE('',*,*,#1931,.T.);
#1948 = ORIENTED_EDGE('',*,*,#1949,.T.);
#1949 = EDGE_CURVE('',#1923,#1037,#1950,.T.);
#1950 = LINE('',#1951,#1952);
#1951 = CARTESIAN_POINT('',(-36.,-35.,-8.));
#1952 = VECTOR('',#1953,1.);
#1953 = DIRECTION('',(0.,-1.,0.));
#1954 = PLANE('',#1955);
#1955 = AXIS2_PLACEMENT_3D('',#1956,#1957,#1958);
#1956 = CARTESIAN_POINT('',(-36.,-35.,0.));
#1957 = DIRECTION('',(-1.,0.,0.));
#1958 = DIRECTION('',(0.,-1.,0.));
#1959 = ADVANCED_FACE('',(#1960),#1979,.F.);
#1960 = FACE_BOUND('',#1961,.F.);
#1961 = EDGE_LOOP('',(#1962,#1971,#1977,#1978));
#1962 = ORIENTED_EDGE('',*,*,#1963,.T.);
#1963 = EDGE_CURVE('',#1923,#1964,#1966,.T.);
#1964 = VERTEX_POINT('',#1965);
#1965 = CARTESIAN_POINT('',(-34.,-35.,-10.));
#1966 = CIRCLE('',#1967,2.);
#1967 = AXIS2_PLACEMENT_3D('',#1968,#1969,#1970);
#1968 = CARTESIAN_POINT('',(-34.,-35.,-8.));
#1969 = DIRECTION('',(-6.123233995737E-17,-1.,-0.));
#1970 = DIRECTION('',(-1.,6.123233995737E-17,0.));
#1971 = ORIENTED_EDGE('',*,*,#1972,.T.);
#1972 = EDGE_CURVE('',#1964,#1087,#1973,.T.);
#1973 = LINE('',#1974,#1975);
#1974 = CARTESIAN_POINT('',(-34.,-35.,-10.));
#1975 = VECTOR('',#1976,1.);
#1976 = DIRECTION('',(0.,-1.,0.));
#1977 = ORIENTED_EDGE('',*,*,#1094,.F.);
#1978 = ORIENTED_EDGE('',*,*,#1949,.F.);
#1979 = CYLINDRICAL_SURFACE('',#1980,2.);
#1980 = AXIS2_PLACEMENT_3D('',#1981,#1982,#1983);
#1981 = CARTESIAN_POINT('',(-34.,-35.,-8.));
#1982 = DIRECTION('',(0.,-1.,0.));
#1983 = DIRECTION('',(-1.,0.,0.));
#1984 = ADVANCED_FACE('',(#1985,#2021),#2032,.T.);
#1985 = FACE_BOUND('',#1986,.T.);
#1986 = EDGE_LOOP('',(#1987,#1997,#2005,#2012,#2013,#2014));
#1987 = ORIENTED_EDGE('',*,*,#1988,.F.);
#1988 = EDGE_CURVE('',#1989,#1991,#1993,.T.);
#1989 = VERTEX_POINT('',#1990);
#1990 = CARTESIAN_POINT('',(-28.,-32.,-10.));
#1991 = VERTEX_POINT('',#1992);
#1992 = CARTESIAN_POINT('',(-28.,-37.,-10.));
#1993 = LINE('',#1994,#1995);
#1994 = CARTESIAN_POINT('',(-28.,-41.25,-10.));
#1995 = VECTOR('',#1996,1.);
#1996 = DIRECTION('',(0.,-1.,0.));
#1997 = ORIENTED_EDGE('',*,*,#1998,.T.);
#1998 = EDGE_CURVE('',#1989,#1999,#2001,.T.);
#1999 = VERTEX_POINT('',#2000);
#2000 = CARTESIAN_POINT('',(-31.,-32.,-10.));
#2001 = LINE('',#2002,#2003);
#2002 = CARTESIAN_POINT('',(-28.,-32.,-10.));
#2003 = VECTOR('',#2004,1.);
#2004 = DIRECTION('',(-1.,0.,0.));
#2005 = ORIENTED_EDGE('',*,*,#2006,.T.);
#2006 = EDGE_CURVE('',#1999,#1964,#2007,.T.);
#2007 = CIRCLE('',#2008,3.);
#2008 = AXIS2_PLACEMENT_3D('',#2009,#2010,#2011);
#2009 = CARTESIAN_POINT('',(-31.,-35.,-10.));
#2010 = DIRECTION('',(0.,-0.,1.));
#2011 = DIRECTION('',(0.,1.,0.));
#2012 = ORIENTED_EDGE('',*,*,#1972,.T.);
#2013 = ORIENTED_EDGE('',*,*,#1086,.F.);
#2014 = ORIENTED_EDGE('',*,*,#2015,.T.);
#2015 = EDGE_CURVE('',#1079,#1991,#2016,.T.);
#2016 = CIRCLE('',#2017,3.);
#2017 = AXIS2_PLACEMENT_3D('',#2018,#2019,#2020);
#2018 = CARTESIAN_POINT('',(-31.,-37.,-10.));
#2019 = DIRECTION('',(0.,2.22044604925E-16,1.));
#2020 = DIRECTION('',(0.,1.,-2.22044604925E-16));
#2021 = FACE_BOUND('',#2022,.T.);
#2022 = EDGE_LOOP('',(#2023));
#2023 = ORIENTED_EDGE('',*,*,#2024,.F.);
#2024 = EDGE_CURVE('',#2025,#2025,#2027,.T.);
#2025 = VERTEX_POINT('',#2026);
#2026 = CARTESIAN_POINT('',(-30.,-37.,-10.));
#2027 = CIRCLE('',#2028,1.);
#2028 = AXIS2_PLACEMENT_3D('',#2029,#2030,#2031);
#2029 = CARTESIAN_POINT('',(-31.,-37.,-10.));
#2030 = DIRECTION('',(0.,0.,1.));
#2031 = DIRECTION('',(1.,0.,0.));
#2032 = PLANE('',#2033);
#2033 = AXIS2_PLACEMENT_3D('',#2034,#2035,#2036);
#2034 = CARTESIAN_POINT('',(-3.110045111914E-15,-42.5,-10.));
#2035 = DIRECTION('',(0.,0.,1.));
#2036 = DIRECTION('',(1.,0.,0.));
#2037 = ADVANCED_FACE('',(#2038),#2057,.T.);
#2038 = FACE_BOUND('',#2039,.F.);
#2039 = EDGE_LOOP('',(#2040,#2041,#2049,#2056));
#2040 = ORIENTED_EDGE('',*,*,#2015,.T.);
#2041 = ORIENTED_EDGE('',*,*,#2042,.T.);
#2042 = EDGE_CURVE('',#1991,#2043,#2045,.T.);
#2043 = VERTEX_POINT('',#2044);
#2044 = CARTESIAN_POINT('',(-28.,-37.,-12.));
#2045 = LINE('',#2046,#2047);
#2046 = CARTESIAN_POINT('',(-28.,-37.,-10.));
#2047 = VECTOR('',#2048,1.);
#2048 = DIRECTION('',(0.,-2.22044604925E-16,-1.));
#2049 = ORIENTED_EDGE('',*,*,#2050,.F.);
#2050 = EDGE_CURVE('',#1071,#2043,#2051,.T.);
#2051 = CIRCLE('',#2052,3.);
#2052 = AXIS2_PLACEMENT_3D('',#2053,#2054,#2055);
#2053 = CARTESIAN_POINT('',(-31.,-37.,-12.));
#2054 = DIRECTION('',(0.,2.22044604925E-16,1.));
#2055 = DIRECTION('',(0.,1.,-2.22044604925E-16));
#2056 = ORIENTED_EDGE('',*,*,#1078,.F.);
#2057 = CYLINDRICAL_SURFACE('',#2058,3.);
#2058 = AXIS2_PLACEMENT_3D('',#2059,#2060,#2061);
#2059 = CARTESIAN_POINT('',(-31.,-37.,-10.));
#2060 = DIRECTION('',(0.,-2.22044604925E-16,-1.));
#2061 = DIRECTION('',(0.,-1.,2.22044604925E-16));
#2062 = ADVANCED_FACE('',(#2063,#2098),#2109,.F.);
#2063 = FACE_BOUND('',#2064,.F.);
#2064 = EDGE_LOOP('',(#2065,#2073,#2081,#2090,#2096,#2097));
#2065 = ORIENTED_EDGE('',*,*,#2066,.F.);
#2066 = EDGE_CURVE('',#2067,#2043,#2069,.T.);
#2067 = VERTEX_POINT('',#2068);
#2068 = CARTESIAN_POINT('',(-28.,-30.,-12.));
#2069 = LINE('',#2070,#2071);
#2070 = CARTESIAN_POINT('',(-28.,-41.25,-12.));
#2071 = VECTOR('',#2072,1.);
#2072 = DIRECTION('',(0.,-1.,0.));
#2073 = ORIENTED_EDGE('',*,*,#2074,.T.);
#2074 = EDGE_CURVE('',#2067,#2075,#2077,.T.);
#2075 = VERTEX_POINT('',#2076);
#2076 = CARTESIAN_POINT('',(-31.,-30.,-12.));
#2077 = LINE('',#2078,#2079);
#2078 = CARTESIAN_POINT('',(31.,-30.,-12.));
#2079 = VECTOR('',#2080,1.);
#2080 = DIRECTION('',(-1.,0.,0.));
#2081 = ORIENTED_EDGE('',*,*,#2082,.T.);
#2082 = EDGE_CURVE('',#2075,#2083,#2085,.T.);
#2083 = VERTEX_POINT('',#2084);
#2084 = CARTESIAN_POINT('',(-36.,-35.,-12.));
#2085 = CIRCLE('',#2086,5.);
#2086 = AXIS2_PLACEMENT_3D('',#2087,#2088,#2089);
#2087 = CARTESIAN_POINT('',(-31.,-35.,-12.));
#2088 = DIRECTION('',(0.,0.,1.));
#2089 = DIRECTION('',(1.,0.,0.));
#2090 = ORIENTED_EDGE('',*,*,#2091,.T.);
#2091 = EDGE_CURVE('',#2083,#1062,#2092,.T.);
#2092 = LINE('',#2093,#2094);
#2093 = CARTESIAN_POINT('',(-36.,-35.,-12.));
#2094 = VECTOR('',#2095,1.);
#2095 = DIRECTION('',(0.,-1.,0.));
#2096 = ORIENTED_EDGE('',*,*,#1070,.F.);
#2097 = ORIENTED_EDGE('',*,*,#2050,.T.);
#2098 = FACE_BOUND('',#2099,.F.);
#2099 = EDGE_LOOP('',(#2100));
#2100 = ORIENTED_EDGE('',*,*,#2101,.F.);
#2101 = EDGE_CURVE('',#2102,#2102,#2104,.T.);
#2102 = VERTEX_POINT('',#2103);
#2103 = CARTESIAN_POINT('',(-30.,-37.,-12.));
#2104 = CIRCLE('',#2105,1.);
#2105 = AXIS2_PLACEMENT_3D('',#2106,#2107,#2108);
#2106 = CARTESIAN_POINT('',(-31.,-37.,-12.));
#2107 = DIRECTION('',(0.,0.,1.));
#2108 = DIRECTION('',(1.,0.,0.));
#2109 = PLANE('',#2110);
#2110 = AXIS2_PLACEMENT_3D('',#2111,#2112,#2113);
#2111 = CARTESIAN_POINT('',(-3.110045111914E-15,-42.5,-12.));
#2112 = DIRECTION('',(0.,0.,1.));
#2113 = DIRECTION('',(1.,0.,0.));
#2114 = ADVANCED_FACE('',(#2115),#2127,.T.);
#2115 = FACE_BOUND('',#2116,.T.);
#2116 = EDGE_LOOP('',(#2117,#2118,#2119,#2120));
#2117 = ORIENTED_EDGE('',*,*,#2091,.T.);
#2118 = ORIENTED_EDGE('',*,*,#1061,.F.);
#2119 = ORIENTED_EDGE('',*,*,#1613,.F.);
#2120 = ORIENTED_EDGE('',*,*,#2121,.T.);
#2121 = EDGE_CURVE('',#1587,#2083,#2122,.T.);
#2122 = CIRCLE('',#2123,2.);
#2123 = AXIS2_PLACEMENT_3D('',#2124,#2125,#2126);
#2124 = CARTESIAN_POINT('',(-36.,-35.,-10.));
#2125 = DIRECTION('',(0.,-1.,0.));
#2126 = DIRECTION('',(-1.110223024625E-16,0.,1.));
#2127 = CYLINDRICAL_SURFACE('',#2128,2.);
#2128 = AXIS2_PLACEMENT_3D('',#2129,#2130,#2131);
#2129 = CARTESIAN_POINT('',(-36.,-35.,-10.));
#2130 = DIRECTION('',(0.,-1.,0.));
#2131 = DIRECTION('',(-1.110223024625E-16,0.,1.));
#2132 = ADVANCED_FACE('',(#2133),#2158,.F.);
#2133 = FACE_BOUND('',#2134,.F.);
#2134 = EDGE_LOOP('',(#2135,#2143,#2151,#2157));
#2135 = ORIENTED_EDGE('',*,*,#2136,.T.);
#2136 = EDGE_CURVE('',#1207,#2137,#2139,.T.);
#2137 = VERTEX_POINT('',#2138);
#2138 = CARTESIAN_POINT('',(-22.,-13.07179676972,-12.));
#2139 = LINE('',#2140,#2141);
#2140 = CARTESIAN_POINT('',(-22.,-20.,0.));
#2141 = VECTOR('',#2142,1.);
#2142 = DIRECTION('',(3.061616997868E-17,0.5,-0.866025403784));
#2143 = ORIENTED_EDGE('',*,*,#2144,.T.);
#2144 = EDGE_CURVE('',#2137,#2145,#2147,.T.);
#2145 = VERTEX_POINT('',#2146);
#2146 = CARTESIAN_POINT('',(22.,-13.07179676972,-12.));
#2147 = LINE('',#2148,#2149);
#2148 = CARTESIAN_POINT('',(-22.,-13.07179676972,-12.));
#2149 = VECTOR('',#2150,1.);
#2150 = DIRECTION('',(1.,0.,0.));
#2151 = ORIENTED_EDGE('',*,*,#2152,.F.);
#2152 = EDGE_CURVE('',#1216,#2145,#2153,.T.);
#2153 = LINE('',#2154,#2155);
#2154 = CARTESIAN_POINT('',(22.,-20.,-1.7763568394E-15));
#2155 = VECTOR('',#2156,1.);
#2156 = DIRECTION('',(0.,0.5,-0.866025403784));
#2157 = ORIENTED_EDGE('',*,*,#1215,.F.);
#2158 = PLANE('',#2159);
#2159 = AXIS2_PLACEMENT_3D('',#2160,#2161,#2162);
#2160 = CARTESIAN_POINT('',(-38.,-20.,0.));
#2161 = DIRECTION('',(0.,-0.866025403784,-0.5));
#2162 = DIRECTION('',(1.,0.,0.));
#2163 = ADVANCED_FACE('',(#2164),#2183,.F.);
#2164 = FACE_BOUND('',#2165,.T.);
#2165 = EDGE_LOOP('',(#2166,#2174,#2175,#2176));
#2166 = ORIENTED_EDGE('',*,*,#2167,.F.);
#2167 = EDGE_CURVE('',#1240,#2168,#2170,.T.);
#2168 = VERTEX_POINT('',#2169);
#2169 = CARTESIAN_POINT('',(-31.07179676972,-4.,-12.));
#2170 = LINE('',#2171,#2172);
#2171 = CARTESIAN_POINT('',(-38.,-4.,0.));
#2172 = VECTOR('',#2173,1.);
#2173 = DIRECTION('',(0.5,0.,-0.866025403784));
#2174 = ORIENTED_EDGE('',*,*,#1250,.T.);
#2175 = ORIENTED_EDGE('',*,*,#2136,.T.);
#2176 = ORIENTED_EDGE('',*,*,#2177,.F.);
#2177 = EDGE_CURVE('',#2168,#2137,#2178,.T.);
#2178 = CIRCLE('',#2179,9.071796769724);
#2179 = AXIS2_PLACEMENT_3D('',#2180,#2181,#2182);
#2180 = CARTESIAN_POINT('',(-22.,-4.,-12.));
#2181 = DIRECTION('',(0.,0.,1.));
#2182 = DIRECTION('',(-1.,-1.313407940065E-16,0.));
#2183 = CONICAL_SURFACE('',#2184,16.,0.523598775598);
#2184 = AXIS2_PLACEMENT_3D('',#2185,#2186,#2187);
#2185 = CARTESIAN_POINT('',(-22.,-4.,0.));
#2186 = DIRECTION('',(0.,0.,1.));
#2187 = DIRECTION('',(-1.,0.,0.));
#2188 = ADVANCED_FACE('',(#2189),#2208,.F.);
#2189 = FACE_BOUND('',#2190,.T.);
#2190 = EDGE_LOOP('',(#2191,#2192,#2193,#2201));
#2191 = ORIENTED_EDGE('',*,*,#2152,.F.);
#2192 = ORIENTED_EDGE('',*,*,#1276,.T.);
#2193 = ORIENTED_EDGE('',*,*,#2194,.T.);
#2194 = EDGE_CURVE('',#1268,#2195,#2197,.T.);
#2195 = VERTEX_POINT('',#2196);
#2196 = CARTESIAN_POINT('',(31.071796769724,-4.,-12.));
#2197 = LINE('',#2198,#2199);
#2198 = CARTESIAN_POINT('',(38.,-4.,0.));
#2199 = VECTOR('',#2200,1.);
#2200 = DIRECTION('',(-0.5,3.061616997868E-17,-0.866025403784));
#2201 = ORIENTED_EDGE('',*,*,#2202,.F.);
#2202 = EDGE_CURVE('',#2145,#2195,#2203,.T.);
#2203 = CIRCLE('',#2204,9.071796769724);
#2204 = AXIS2_PLACEMENT_3D('',#2205,#2206,#2207);
#2205 = CARTESIAN_POINT('',(22.,-4.,-12.));
#2206 = DIRECTION('',(-0.,0.,1.));
#2207 = DIRECTION('',(0.,-1.,0.));
#2208 = CONICAL_SURFACE('',#2209,16.,0.523598775598);
#2209 = AXIS2_PLACEMENT_3D('',#2210,#2211,#2212);
#2210 = CARTESIAN_POINT('',(22.,-4.,0.));
#2211 = DIRECTION('',(0.,0.,1.));
#2212 = DIRECTION('',(0.,-1.,0.));
#2213 = ADVANCED_FACE('',(#2214),#2232,.F.);
#2214 = FACE_BOUND('',#2215,.F.);
#2215 = EDGE_LOOP('',(#2216,#2224,#2230,#2231));
#2216 = ORIENTED_EDGE('',*,*,#2217,.T.);
#2217 = EDGE_CURVE('',#1292,#2218,#2220,.T.);
#2218 = VERTEX_POINT('',#2219);
#2219 = CARTESIAN_POINT('',(-31.07179676972,12.,-12.));
#2220 = LINE('',#2221,#2222);
#2221 = CARTESIAN_POINT('',(-38.,12.,0.));
#2222 = VECTOR('',#2223,1.);
#2223 = DIRECTION('',(0.5,0.,-0.866025403784));
#2224 = ORIENTED_EDGE('',*,*,#2225,.T.);
#2225 = EDGE_CURVE('',#2218,#2168,#2226,.T.);
#2226 = LINE('',#2227,#2228);
#2227 = CARTESIAN_POINT('',(-31.07179676972,12.,-12.));
#2228 = VECTOR('',#2229,1.);
#2229 = DIRECTION('',(0.,-1.,0.));
#2230 = ORIENTED_EDGE('',*,*,#2167,.F.);
#2231 = ORIENTED_EDGE('',*,*,#1300,.F.);
#2232 = PLANE('',#2233);
#2233 = AXIS2_PLACEMENT_3D('',#2234,#2235,#2236);
#2234 = CARTESIAN_POINT('',(-38.,28.,0.));
#2235 = DIRECTION('',(-0.866025403784,0.,-0.5));
#2236 = DIRECTION('',(0.,-1.,0.));
#2237 = ADVANCED_FACE('',(#2238),#2256,.F.);
#2238 = FACE_BOUND('',#2239,.F.);
#2239 = EDGE_LOOP('',(#2240,#2241,#2249,#2255));
#2240 = ORIENTED_EDGE('',*,*,#2194,.T.);
#2241 = ORIENTED_EDGE('',*,*,#2242,.T.);
#2242 = EDGE_CURVE('',#2195,#2243,#2245,.T.);
#2243 = VERTEX_POINT('',#2244);
#2244 = CARTESIAN_POINT('',(31.071796769724,12.,-12.));
#2245 = LINE('',#2246,#2247);
#2246 = CARTESIAN_POINT('',(31.071796769724,-4.,-12.));
#2247 = VECTOR('',#2248,1.);
#2248 = DIRECTION('',(0.,1.,0.));
#2249 = ORIENTED_EDGE('',*,*,#2250,.F.);
#2250 = EDGE_CURVE('',#1318,#2243,#2251,.T.);
#2251 = LINE('',#2252,#2253);
#2252 = CARTESIAN_POINT('',(38.,12.,0.));
#2253 = VECTOR('',#2254,1.);
#2254 = DIRECTION('',(-0.5,-0.,-0.866025403784));
#2255 = ORIENTED_EDGE('',*,*,#1317,.F.);
#2256 = PLANE('',#2257);
#2257 = AXIS2_PLACEMENT_3D('',#2258,#2259,#2260);
#2258 = CARTESIAN_POINT('',(38.,-20.,0.));
#2259 = DIRECTION('',(0.866025403784,0.,-0.5));
#2260 = DIRECTION('',(0.,1.,0.));
#2261 = ADVANCED_FACE('',(#2262),#2281,.F.);
#2262 = FACE_BOUND('',#2263,.F.);
#2263 = EDGE_LOOP('',(#2264,#2265,#2266,#2274));
#2264 = ORIENTED_EDGE('',*,*,#2217,.F.);
#2265 = ORIENTED_EDGE('',*,*,#1352,.F.);
#2266 = ORIENTED_EDGE('',*,*,#2267,.T.);
#2267 = EDGE_CURVE('',#1342,#2268,#2270,.T.);
#2268 = VERTEX_POINT('',#2269);
#2269 = CARTESIAN_POINT('',(-22.,21.071796769724,-12.));
#2270 = LINE('',#2271,#2272);
#2271 = CARTESIAN_POINT('',(-22.,28.,-1.7763568394E-15));
#2272 = VECTOR('',#2273,1.);
#2273 = DIRECTION('',(-0.,-0.5,-0.866025403784));
#2274 = ORIENTED_EDGE('',*,*,#2275,.T.);
#2275 = EDGE_CURVE('',#2268,#2218,#2276,.T.);
#2276 = CIRCLE('',#2277,9.071796769724);
#2277 = AXIS2_PLACEMENT_3D('',#2278,#2279,#2280);
#2278 = CARTESIAN_POINT('',(-22.,12.,-12.));
#2279 = DIRECTION('',(0.,-0.,1.));
#2280 = DIRECTION('',(0.,1.,0.));
#2281 = CONICAL_SURFACE('',#2282,16.,0.523598775598);
#2282 = AXIS2_PLACEMENT_3D('',#2283,#2284,#2285);
#2283 = CARTESIAN_POINT('',(-22.,12.,0.));
#2284 = DIRECTION('',(0.,0.,1.));
#2285 = DIRECTION('',(-1.,0.,0.));
#2286 = ADVANCED_FACE('',(#2287),#2306,.F.);
#2287 = FACE_BOUND('',#2288,.T.);
#2288 = EDGE_LOOP('',(#2289,#2290,#2291,#2299));
#2289 = ORIENTED_EDGE('',*,*,#2250,.F.);
#2290 = ORIENTED_EDGE('',*,*,#1378,.T.);
#2291 = ORIENTED_EDGE('',*,*,#2292,.T.);
#2292 = EDGE_CURVE('',#1370,#2293,#2295,.T.);
#2293 = VERTEX_POINT('',#2294);
#2294 = CARTESIAN_POINT('',(22.,21.071796769724,-12.));
#2295 = LINE('',#2296,#2297);
#2296 = CARTESIAN_POINT('',(22.,28.,0.));
#2297 = VECTOR('',#2298,1.);
#2298 = DIRECTION('',(-3.061616997868E-17,-0.5,-0.866025403784));
#2299 = ORIENTED_EDGE('',*,*,#2300,.F.);
#2300 = EDGE_CURVE('',#2243,#2293,#2301,.T.);
#2301 = CIRCLE('',#2302,9.071796769724);
#2302 = AXIS2_PLACEMENT_3D('',#2303,#2304,#2305);
#2303 = CARTESIAN_POINT('',(22.,12.,-12.));
#2304 = DIRECTION('',(0.,0.,1.));
#2305 = DIRECTION('',(1.,0.,0.));
#2306 = CONICAL_SURFACE('',#2307,16.,0.523598775598);
#2307 = AXIS2_PLACEMENT_3D('',#2308,#2309,#2310);
#2308 = CARTESIAN_POINT('',(22.,12.,0.));
#2309 = DIRECTION('',(0.,0.,1.));
#2310 = DIRECTION('',(1.,0.,0.));
#2311 = ADVANCED_FACE('',(#2312),#2323,.F.);
#2312 = FACE_BOUND('',#2313,.F.);
#2313 = EDGE_LOOP('',(#2314,#2315,#2321,#2322));
#2314 = ORIENTED_EDGE('',*,*,#2292,.T.);
#2315 = ORIENTED_EDGE('',*,*,#2316,.T.);
#2316 = EDGE_CURVE('',#2293,#2268,#2317,.T.);
#2317 = LINE('',#2318,#2319);
#2318 = CARTESIAN_POINT('',(22.,21.071796769724,-12.));
#2319 = VECTOR('',#2320,1.);
#2320 = DIRECTION('',(-1.,0.,0.));
#2321 = ORIENTED_EDGE('',*,*,#2267,.F.);
#2322 = ORIENTED_EDGE('',*,*,#1394,.F.);
#2323 = PLANE('',#2324);
#2324 = AXIS2_PLACEMENT_3D('',#2325,#2326,#2327);
#2325 = CARTESIAN_POINT('',(38.,28.,0.));
#2326 = DIRECTION('',(0.,0.866025403784,-0.5));
#2327 = DIRECTION('',(-1.,0.,0.));
#2328 = ADVANCED_FACE('',(#2329),#2340,.F.);
#2329 = FACE_BOUND('',#2330,.F.);
#2330 = EDGE_LOOP('',(#2331,#2332,#2333,#2334));
#2331 = ORIENTED_EDGE('',*,*,#1873,.F.);
#2332 = ORIENTED_EDGE('',*,*,#1430,.T.);
#2333 = ORIENTED_EDGE('',*,*,#1528,.T.);
#2334 = ORIENTED_EDGE('',*,*,#2335,.F.);
#2335 = EDGE_CURVE('',#1874,#1529,#2336,.T.);
#2336 = LINE('',#2337,#2338);
#2337 = CARTESIAN_POINT('',(25.,-40.,-3.));
#2338 = VECTOR('',#2339,1.);
#2339 = DIRECTION('',(0.,1.,-2.22044604925E-16));
#2340 = CYLINDRICAL_SURFACE('',#2341,3.);
#2341 = AXIS2_PLACEMENT_3D('',#2342,#2343,#2344);
#2342 = CARTESIAN_POINT('',(25.,-40.,-6.));
#2343 = DIRECTION('',(0.,-1.,2.22044604925E-16));
#2344 = DIRECTION('',(1.,0.,0.));
#2345 = ADVANCED_FACE('',(#2346),#2364,.T.);
#2346 = FACE_BOUND('',#2347,.T.);
#2347 = EDGE_LOOP('',(#2348,#2349,#2356,#2357));
#2348 = ORIENTED_EDGE('',*,*,#1562,.F.);
#2349 = ORIENTED_EDGE('',*,*,#2350,.T.);
#2350 = EDGE_CURVE('',#1555,#2067,#2351,.T.);
#2351 = CIRCLE('',#2352,2.);
#2352 = AXIS2_PLACEMENT_3D('',#2353,#2354,#2355);
#2353 = CARTESIAN_POINT('',(-28.,-30.,-10.));
#2354 = DIRECTION('',(-1.,0.,0.));
#2355 = DIRECTION('',(0.,1.110223024625E-16,1.));
#2356 = ORIENTED_EDGE('',*,*,#2074,.T.);
#2357 = ORIENTED_EDGE('',*,*,#2358,.F.);
#2358 = EDGE_CURVE('',#1563,#2075,#2359,.T.);
#2359 = CIRCLE('',#2360,2.);
#2360 = AXIS2_PLACEMENT_3D('',#2361,#2362,#2363);
#2361 = CARTESIAN_POINT('',(-31.,-30.,-10.));
#2362 = DIRECTION('',(-1.,2.832769448824E-16,0.));
#2363 = DIRECTION('',(2.832769448824E-16,1.,0.));
#2364 = CYLINDRICAL_SURFACE('',#2365,2.);
#2365 = AXIS2_PLACEMENT_3D('',#2366,#2367,#2368);
#2366 = CARTESIAN_POINT('',(31.,-30.,-10.));
#2367 = DIRECTION('',(-1.,0.,0.));
#2368 = DIRECTION('',(0.,1.110223024625E-16,1.));
#2369 = ADVANCED_FACE('',(#2370),#2391,.F.);
#2370 = FACE_BOUND('',#2371,.F.);
#2371 = EDGE_LOOP('',(#2372,#2373,#2380,#2381,#2387,#2388,#2389,#2390));
#2372 = ORIENTED_EDGE('',*,*,#1988,.F.);
#2373 = ORIENTED_EDGE('',*,*,#2374,.F.);
#2374 = EDGE_CURVE('',#1900,#1989,#2375,.T.);
#2375 = CIRCLE('',#2376,2.);
#2376 = AXIS2_PLACEMENT_3D('',#2377,#2378,#2379);
#2377 = CARTESIAN_POINT('',(-28.,-32.,-8.));
#2378 = DIRECTION('',(-1.,0.,0.));
#2379 = DIRECTION('',(0.,0.,-1.));
#2380 = ORIENTED_EDGE('',*,*,#1899,.T.);
#2381 = ORIENTED_EDGE('',*,*,#2382,.T.);
#2382 = EDGE_CURVE('',#1891,#1546,#2383,.T.);
#2383 = LINE('',#2384,#2385);
#2384 = CARTESIAN_POINT('',(-28.,-40.,-6.));
#2385 = VECTOR('',#2386,1.);
#2386 = DIRECTION('',(0.,1.,-2.22044604925E-16));
#2387 = ORIENTED_EDGE('',*,*,#1554,.T.);
#2388 = ORIENTED_EDGE('',*,*,#2350,.T.);
#2389 = ORIENTED_EDGE('',*,*,#2066,.T.);
#2390 = ORIENTED_EDGE('',*,*,#2042,.F.);
#2391 = PLANE('',#2392);
#2392 = AXIS2_PLACEMENT_3D('',#2393,#2394,#2395);
#2393 = CARTESIAN_POINT('',(-28.,-40.,-6.));
#2394 = DIRECTION('',(-1.,0.,0.));
#2395 = DIRECTION('',(0.,-2.22044604925E-16,-1.));
#2396 = ADVANCED_FACE('',(#2397),#2408,.F.);
#2397 = FACE_BOUND('',#2398,.F.);
#2398 = EDGE_LOOP('',(#2399,#2400,#2406,#2407));
#2399 = ORIENTED_EDGE('',*,*,#1890,.F.);
#2400 = ORIENTED_EDGE('',*,*,#2401,.T.);
#2401 = EDGE_CURVE('',#1883,#1538,#2402,.T.);
#2402 = LINE('',#2403,#2404);
#2403 = CARTESIAN_POINT('',(-25.,-40.,-3.));
#2404 = VECTOR('',#2405,1.);
#2405 = DIRECTION('',(0.,1.,-2.22044604925E-16));
#2406 = ORIENTED_EDGE('',*,*,#1545,.T.);
#2407 = ORIENTED_EDGE('',*,*,#2382,.F.);
#2408 = CYLINDRICAL_SURFACE('',#2409,3.);
#2409 = AXIS2_PLACEMENT_3D('',#2410,#2411,#2412);
#2410 = CARTESIAN_POINT('',(-25.,-40.,-6.));
#2411 = DIRECTION('',(0.,-1.,2.22044604925E-16));
#2412 = DIRECTION('',(1.,0.,0.));
#2413 = ADVANCED_FACE('',(#2414),#2420,.F.);
#2414 = FACE_BOUND('',#2415,.F.);
#2415 = EDGE_LOOP('',(#2416,#2417,#2418,#2419));
#2416 = ORIENTED_EDGE('',*,*,#1882,.T.);
#2417 = ORIENTED_EDGE('',*,*,#2335,.T.);
#2418 = ORIENTED_EDGE('',*,*,#1537,.T.);
#2419 = ORIENTED_EDGE('',*,*,#2401,.F.);
#2420 = PLANE('',#2421);
#2421 = AXIS2_PLACEMENT_3D('',#2422,#2423,#2424);
#2422 = CARTESIAN_POINT('',(25.,-40.,-3.));
#2423 = DIRECTION('',(0.,2.22044604925E-16,1.));
#2424 = DIRECTION('',(-1.,0.,0.));
#2425 = ADVANCED_FACE('',(#2426),#2432,.T.);
#2426 = FACE_BOUND('',#2427,.T.);
#2427 = EDGE_LOOP('',(#2428,#2429,#2430,#2431));
#2428 = ORIENTED_EDGE('',*,*,#1586,.F.);
#2429 = ORIENTED_EDGE('',*,*,#2358,.T.);
#2430 = ORIENTED_EDGE('',*,*,#2082,.T.);
#2431 = ORIENTED_EDGE('',*,*,#2121,.F.);
#2432 = TOROIDAL_SURFACE('',#2433,5.,2.);
#2433 = AXIS2_PLACEMENT_3D('',#2434,#2435,#2436);
#2434 = CARTESIAN_POINT('',(-31.,-35.,-10.));
#2435 = DIRECTION('',(-0.,-0.,-1.));
#2436 = DIRECTION('',(1.,0.,0.));
#2437 = ADVANCED_FACE('',(#2438),#2464,.T.);
#2438 = FACE_BOUND('',#2439,.F.);
#2439 = EDGE_LOOP('',(#2440,#2448,#2449,#2457));
#2440 = ORIENTED_EDGE('',*,*,#2441,.F.);
#2441 = EDGE_CURVE('',#1628,#2442,#2444,.T.);
#2442 = VERTEX_POINT('',#2443);
#2443 = CARTESIAN_POINT('',(-32.80384757729,-4.,-13.));
#2444 = LINE('',#2445,#2446);
#2445 = CARTESIAN_POINT('',(-39.73205080756,-4.,-1.));
#2446 = VECTOR('',#2447,1.);
#2447 = DIRECTION('',(0.5,0.,-0.866025403784));
#2448 = ORIENTED_EDGE('',*,*,#1646,.T.);
#2449 = ORIENTED_EDGE('',*,*,#2450,.T.);
#2450 = EDGE_CURVE('',#1638,#2451,#2453,.T.);
#2451 = VERTEX_POINT('',#2452);
#2452 = CARTESIAN_POINT('',(-22.,-14.80384757729,-13.));
#2453 = LINE('',#2454,#2455);
#2454 = CARTESIAN_POINT('',(-22.,-21.73205080756,-1.));
#2455 = VECTOR('',#2456,1.);
#2456 = DIRECTION('',(3.061616997868E-17,0.5,-0.866025403784));
#2457 = ORIENTED_EDGE('',*,*,#2458,.F.);
#2458 = EDGE_CURVE('',#2442,#2451,#2459,.T.);
#2459 = CIRCLE('',#2460,10.803847577293);
#2460 = AXIS2_PLACEMENT_3D('',#2461,#2462,#2463);
#2461 = CARTESIAN_POINT('',(-22.,-4.,-13.));
#2462 = DIRECTION('',(0.,0.,1.));
#2463 = DIRECTION('',(-1.,-9.790545822899E-17,0.));
#2464 = CONICAL_SURFACE('',#2465,17.732050807569,0.523598775598);
#2465 = AXIS2_PLACEMENT_3D('',#2466,#2467,#2468);
#2466 = CARTESIAN_POINT('',(-22.,-4.,-1.));
#2467 = DIRECTION('',(0.,0.,1.));
#2468 = DIRECTION('',(-1.,0.,0.));
#2469 = ADVANCED_FACE('',(#2470),#2488,.T.);
#2470 = FACE_BOUND('',#2471,.T.);
#2471 = EDGE_LOOP('',(#2472,#2480,#2486,#2487));
#2472 = ORIENTED_EDGE('',*,*,#2473,.T.);
#2473 = EDGE_CURVE('',#1662,#2474,#2476,.T.);
#2474 = VERTEX_POINT('',#2475);
#2475 = CARTESIAN_POINT('',(-32.80384757729,12.,-13.));
#2476 = LINE('',#2477,#2478);
#2477 = CARTESIAN_POINT('',(-39.73205080756,12.,-1.));
#2478 = VECTOR('',#2479,1.);
#2479 = DIRECTION('',(0.5,0.,-0.866025403784));
#2480 = ORIENTED_EDGE('',*,*,#2481,.T.);
#2481 = EDGE_CURVE('',#2474,#2442,#2482,.T.);
#2482 = LINE('',#2483,#2484);
#2483 = CARTESIAN_POINT('',(-32.80384757729,12.,-13.));
#2484 = VECTOR('',#2485,1.);
#2485 = DIRECTION('',(0.,-1.,0.));
#2486 = ORIENTED_EDGE('',*,*,#2441,.F.);
#2487 = ORIENTED_EDGE('',*,*,#1670,.F.);
#2488 = PLANE('',#2489);
#2489 = AXIS2_PLACEMENT_3D('',#2490,#2491,#2492);
#2490 = CARTESIAN_POINT('',(-39.73205080756,28.,-1.));
#2491 = DIRECTION('',(-0.866025403784,0.,-0.5));
#2492 = DIRECTION('',(0.,-1.,0.));
#2493 = ADVANCED_FACE('',(#2494),#2512,.T.);
#2494 = FACE_BOUND('',#2495,.T.);
#2495 = EDGE_LOOP('',(#2496,#2497,#2505,#2511));
#2496 = ORIENTED_EDGE('',*,*,#2450,.T.);
#2497 = ORIENTED_EDGE('',*,*,#2498,.T.);
#2498 = EDGE_CURVE('',#2451,#2499,#2501,.T.);
#2499 = VERTEX_POINT('',#2500);
#2500 = CARTESIAN_POINT('',(22.,-14.80384757729,-13.));
#2501 = LINE('',#2502,#2503);
#2502 = CARTESIAN_POINT('',(-22.,-14.80384757729,-13.));
#2503 = VECTOR('',#2504,1.);
#2504 = DIRECTION('',(1.,0.,0.));
#2505 = ORIENTED_EDGE('',*,*,#2506,.F.);
#2506 = EDGE_CURVE('',#1688,#2499,#2507,.T.);
#2507 = LINE('',#2508,#2509);
#2508 = CARTESIAN_POINT('',(22.,-21.73205080756,-1.));
#2509 = VECTOR('',#2510,1.);
#2510 = DIRECTION('',(0.,0.5,-0.866025403784));
#2511 = ORIENTED_EDGE('',*,*,#1687,.F.);
#2512 = PLANE('',#2513);
#2513 = AXIS2_PLACEMENT_3D('',#2514,#2515,#2516);
#2514 = CARTESIAN_POINT('',(-38.,-21.73205080756,-1.));
#2515 = DIRECTION('',(0.,-0.866025403784,-0.5));
#2516 = DIRECTION('',(1.,0.,0.));
#2517 = ADVANCED_FACE('',(#2518),#2537,.T.);
#2518 = FACE_BOUND('',#2519,.T.);
#2519 = EDGE_LOOP('',(#2520,#2521,#2522,#2530));
#2520 = ORIENTED_EDGE('',*,*,#2473,.F.);
#2521 = ORIENTED_EDGE('',*,*,#1722,.F.);
#2522 = ORIENTED_EDGE('',*,*,#2523,.T.);
#2523 = EDGE_CURVE('',#1712,#2524,#2526,.T.);
#2524 = VERTEX_POINT('',#2525);
#2525 = CARTESIAN_POINT('',(-22.,22.803847577293,-13.));
#2526 = LINE('',#2527,#2528);
#2527 = CARTESIAN_POINT('',(-22.,29.732050807569,-1.));
#2528 = VECTOR('',#2529,1.);
#2529 = DIRECTION('',(3.061616997868E-17,-0.5,-0.866025403784));
#2530 = ORIENTED_EDGE('',*,*,#2531,.T.);
#2531 = EDGE_CURVE('',#2524,#2474,#2532,.T.);
#2532 = CIRCLE('',#2533,10.803847577293);
#2533 = AXIS2_PLACEMENT_3D('',#2534,#2535,#2536);
#2534 = CARTESIAN_POINT('',(-22.,12.,-13.));
#2535 = DIRECTION('',(0.,-0.,1.));
#2536 = DIRECTION('',(-1.110223024625E-16,1.,0.));
#2537 = CONICAL_SURFACE('',#2538,17.732050807569,0.523598775598);
#2538 = AXIS2_PLACEMENT_3D('',#2539,#2540,#2541);
#2539 = CARTESIAN_POINT('',(-22.,12.,-1.));
#2540 = DIRECTION('',(0.,0.,1.));
#2541 = DIRECTION('',(-1.,0.,0.));
#2542 = ADVANCED_FACE('',(#2543),#2562,.T.);
#2543 = FACE_BOUND('',#2544,.F.);
#2544 = EDGE_LOOP('',(#2545,#2546,#2547,#2555));
#2545 = ORIENTED_EDGE('',*,*,#2506,.F.);
#2546 = ORIENTED_EDGE('',*,*,#1748,.T.);
#2547 = ORIENTED_EDGE('',*,*,#2548,.T.);
#2548 = EDGE_CURVE('',#1740,#2549,#2551,.T.);
#2549 = VERTEX_POINT('',#2550);
#2550 = CARTESIAN_POINT('',(32.803847577293,-4.,-13.));
#2551 = LINE('',#2552,#2553);
#2552 = CARTESIAN_POINT('',(39.732050807569,-4.,-1.));
#2553 = VECTOR('',#2554,1.);
#2554 = DIRECTION('',(-0.5,3.061616997868E-17,-0.866025403784));
#2555 = ORIENTED_EDGE('',*,*,#2556,.F.);
#2556 = EDGE_CURVE('',#2499,#2549,#2557,.T.);
#2557 = CIRCLE('',#2558,10.803847577293);
#2558 = AXIS2_PLACEMENT_3D('',#2559,#2560,#2561);
#2559 = CARTESIAN_POINT('',(22.,-4.,-13.));
#2560 = DIRECTION('',(-0.,0.,1.));
#2561 = DIRECTION('',(0.,-1.,0.));
#2562 = CONICAL_SURFACE('',#2563,17.732050807569,0.523598775598);
#2563 = AXIS2_PLACEMENT_3D('',#2564,#2565,#2566);
#2564 = CARTESIAN_POINT('',(22.,-4.,-1.));
#2565 = DIRECTION('',(0.,0.,1.));
#2566 = DIRECTION('',(0.,-1.,0.));
#2567 = ADVANCED_FACE('',(#2568),#2586,.T.);
#2568 = FACE_BOUND('',#2569,.T.);
#2569 = EDGE_LOOP('',(#2570,#2578,#2584,#2585));
#2570 = ORIENTED_EDGE('',*,*,#2571,.T.);
#2571 = EDGE_CURVE('',#1764,#2572,#2574,.T.);
#2572 = VERTEX_POINT('',#2573);
#2573 = CARTESIAN_POINT('',(22.,22.803847577293,-13.));
#2574 = LINE('',#2575,#2576);
#2575 = CARTESIAN_POINT('',(22.,29.732050807569,-1.));
#2576 = VECTOR('',#2577,1.);
#2577 = DIRECTION('',(-3.061616997868E-17,-0.5,-0.866025403784));
#2578 = ORIENTED_EDGE('',*,*,#2579,.T.);
#2579 = EDGE_CURVE('',#2572,#2524,#2580,.T.);
#2580 = LINE('',#2581,#2582);
#2581 = CARTESIAN_POINT('',(22.,22.803847577293,-13.));
#2582 = VECTOR('',#2583,1.);
#2583 = DIRECTION('',(-1.,0.,0.));
#2584 = ORIENTED_EDGE('',*,*,#2523,.F.);
#2585 = ORIENTED_EDGE('',*,*,#1772,.F.);
#2586 = PLANE('',#2587);
#2587 = AXIS2_PLACEMENT_3D('',#2588,#2589,#2590);
#2588 = CARTESIAN_POINT('',(38.,29.732050807569,-1.));
#2589 = DIRECTION('',(0.,0.866025403784,-0.5));
#2590 = DIRECTION('',(-1.,0.,0.));
#2591 = ADVANCED_FACE('',(#2592),#2610,.T.);
#2592 = FACE_BOUND('',#2593,.T.);
#2593 = EDGE_LOOP('',(#2594,#2595,#2603,#2609));
#2594 = ORIENTED_EDGE('',*,*,#2548,.T.);
#2595 = ORIENTED_EDGE('',*,*,#2596,.T.);
#2596 = EDGE_CURVE('',#2549,#2597,#2599,.T.);
#2597 = VERTEX_POINT('',#2598);
#2598 = CARTESIAN_POINT('',(32.803847577293,12.,-13.));
#2599 = LINE('',#2600,#2601);
#2600 = CARTESIAN_POINT('',(32.803847577293,-4.,-13.));
#2601 = VECTOR('',#2602,1.);
#2602 = DIRECTION('',(0.,1.,0.));
#2603 = ORIENTED_EDGE('',*,*,#2604,.F.);
#2604 = EDGE_CURVE('',#1790,#2597,#2605,.T.);
#2605 = LINE('',#2606,#2607);
#2606 = CARTESIAN_POINT('',(39.732050807569,12.,-1.));
#2607 = VECTOR('',#2608,1.);
#2608 = DIRECTION('',(-0.5,-0.,-0.866025403784));
#2609 = ORIENTED_EDGE('',*,*,#1789,.F.);
#2610 = PLANE('',#2611);
#2611 = AXIS2_PLACEMENT_3D('',#2612,#2613,#2614);
#2612 = CARTESIAN_POINT('',(39.732050807569,-20.,-1.));
#2613 = DIRECTION('',(0.866025403784,0.,-0.5));
#2614 = DIRECTION('',(0.,1.,0.));
#2615 = ADVANCED_FACE('',(#2616),#2628,.T.);
#2616 = FACE_BOUND('',#2617,.F.);
#2617 = EDGE_LOOP('',(#2618,#2619,#2620,#2621));
#2618 = ORIENTED_EDGE('',*,*,#2604,.F.);
#2619 = ORIENTED_EDGE('',*,*,#1816,.T.);
#2620 = ORIENTED_EDGE('',*,*,#2571,.T.);
#2621 = ORIENTED_EDGE('',*,*,#2622,.F.);
#2622 = EDGE_CURVE('',#2597,#2572,#2623,.T.);
#2623 = CIRCLE('',#2624,10.803847577293);
#2624 = AXIS2_PLACEMENT_3D('',#2625,#2626,#2627);
#2625 = CARTESIAN_POINT('',(22.,12.,-13.));
#2626 = DIRECTION('',(0.,0.,1.));
#2627 = DIRECTION('',(1.,0.,0.));
#2628 = CONICAL_SURFACE('',#2629,17.732050807569,0.523598775598);
#2629 = AXIS2_PLACEMENT_3D('',#2630,#2631,#2632);
#2630 = CARTESIAN_POINT('',(22.,12.,-1.));
#2631 = DIRECTION('',(0.,0.,1.));
#2632 = DIRECTION('',(1.,0.,0.));
#2633 = ADVANCED_FACE('',(#2634),#2646,.F.);
#2634 = FACE_BOUND('',#2635,.F.);
#2635 = EDGE_LOOP('',(#2636,#2637,#2638,#2645));
#2636 = ORIENTED_EDGE('',*,*,#2374,.T.);
#2637 = ORIENTED_EDGE('',*,*,#1998,.T.);
#2638 = ORIENTED_EDGE('',*,*,#2639,.F.);
#2639 = EDGE_CURVE('',#1862,#1999,#2640,.T.);
#2640 = CIRCLE('',#2641,2.);
#2641 = AXIS2_PLACEMENT_3D('',#2642,#2643,#2644);
#2642 = CARTESIAN_POINT('',(-31.,-32.,-8.));
#2643 = DIRECTION('',(-1.,0.,0.));
#2644 = DIRECTION('',(0.,1.,0.));
#2645 = ORIENTED_EDGE('',*,*,#1907,.F.);
#2646 = CYLINDRICAL_SURFACE('',#2647,2.);
#2647 = AXIS2_PLACEMENT_3D('',#2648,#2649,#2650);
#2648 = CARTESIAN_POINT('',(-28.,-32.,-8.));
#2649 = DIRECTION('',(-1.,0.,0.));
#2650 = DIRECTION('',(0.,1.,0.));
#2651 = ADVANCED_FACE('',(#2652),#2658,.F.);
#2652 = FACE_BOUND('',#2653,.T.);
#2653 = EDGE_LOOP('',(#2654,#2655,#2656,#2657));
#2654 = ORIENTED_EDGE('',*,*,#2639,.F.);
#2655 = ORIENTED_EDGE('',*,*,#1922,.T.);
#2656 = ORIENTED_EDGE('',*,*,#1963,.T.);
#2657 = ORIENTED_EDGE('',*,*,#2006,.F.);
#2658 = TOROIDAL_SURFACE('',#2659,3.,2.);
#2659 = AXIS2_PLACEMENT_3D('',#2660,#2661,#2662);
#2660 = CARTESIAN_POINT('',(-31.,-35.,-8.));
#2661 = DIRECTION('',(-0.,-0.,-1.));
#2662 = DIRECTION('',(0.,1.,0.));
#2663 = ADVANCED_FACE('',(#2664),#2675,.F.);
#2664 = FACE_BOUND('',#2665,.F.);
#2665 = EDGE_LOOP('',(#2666,#2667,#2673,#2674));
#2666 = ORIENTED_EDGE('',*,*,#2024,.F.);
#2667 = ORIENTED_EDGE('',*,*,#2668,.T.);
#2668 = EDGE_CURVE('',#2025,#2102,#2669,.T.);
#2669 = LINE('',#2670,#2671);
#2670 = CARTESIAN_POINT('',(-30.,-37.,-10.));
#2671 = VECTOR('',#2672,1.);
#2672 = DIRECTION('',(-0.,-0.,-1.));
#2673 = ORIENTED_EDGE('',*,*,#2101,.T.);
#2674 = ORIENTED_EDGE('',*,*,#2668,.F.);
#2675 = CYLINDRICAL_SURFACE('',#2676,1.);
#2676 = AXIS2_PLACEMENT_3D('',#2677,#2678,#2679);
#2677 = CARTESIAN_POINT('',(-31.,-37.,-10.));
#2678 = DIRECTION('',(0.,0.,1.));
#2679 = DIRECTION('',(1.,0.,0.));
#2680 = ADVANCED_FACE('',(#2681),#2708,.F.);
#2681 = FACE_BOUND('',#2682,.F.);
#2682 = EDGE_LOOP('',(#2683,#2692,#2700,#2707));
#2683 = ORIENTED_EDGE('',*,*,#2684,.T.);
#2684 = EDGE_CURVE('',#2137,#2685,#2687,.T.);
#2685 = VERTEX_POINT('',#2686);
#2686 = CARTESIAN_POINT('',(-22.,-6.143593539449,-16.));
#2687 = CIRCLE('',#2688,8.);
#2688 = AXIS2_PLACEMENT_3D('',#2689,#2690,#2691);
#2689 = CARTESIAN_POINT('',(-22.,-6.143593539449,-8.));
#2690 = DIRECTION('',(1.,7.010845404911E-17,0.));
#2691 = DIRECTION('',(7.010845404911E-17,-1.,0.));
#2692 = ORIENTED_EDGE('',*,*,#2693,.T.);
#2693 = EDGE_CURVE('',#2685,#2694,#2696,.T.);
#2694 = VERTEX_POINT('',#2695);
#2695 = CARTESIAN_POINT('',(22.,-6.143593539449,-16.));
#2696 = LINE('',#2697,#2698);
#2697 = CARTESIAN_POINT('',(-22.,-6.143593539449,-16.));
#2698 = VECTOR('',#2699,1.);
#2699 = DIRECTION('',(1.,0.,0.));
#2700 = ORIENTED_EDGE('',*,*,#2701,.F.);
#2701 = EDGE_CURVE('',#2145,#2694,#2702,.T.);
#2702 = CIRCLE('',#2703,8.);
#2703 = AXIS2_PLACEMENT_3D('',#2704,#2705,#2706);
#2704 = CARTESIAN_POINT('',(22.,-6.143593539449,-8.));
#2705 = DIRECTION('',(1.,0.,0.));
#2706 = DIRECTION('',(0.,-0.866025403784,-0.5));
#2707 = ORIENTED_EDGE('',*,*,#2144,.F.);
#2708 = CYLINDRICAL_SURFACE('',#2709,8.);
#2709 = AXIS2_PLACEMENT_3D('',#2710,#2711,#2712);
#2710 = CARTESIAN_POINT('',(-22.,-6.143593539449,-8.));
#2711 = DIRECTION('',(1.,0.,0.));
#2712 = DIRECTION('',(0.,-0.866025403784,-0.5));
#2713 = ADVANCED_FACE('',(#2714),#2734,.F.);
#2714 = FACE_BOUND('',#2715,.T.);
#2715 = EDGE_LOOP('',(#2716,#2725,#2726,#2727));
#2716 = ORIENTED_EDGE('',*,*,#2717,.F.);
#2717 = EDGE_CURVE('',#2168,#2718,#2720,.T.);
#2718 = VERTEX_POINT('',#2719);
#2719 = CARTESIAN_POINT('',(-24.14359353944,-4.,-16.));
#2720 = CIRCLE('',#2721,8.);
#2721 = AXIS2_PLACEMENT_3D('',#2722,#2723,#2724);
#2722 = CARTESIAN_POINT('',(-24.14359353944,-4.,-8.));
#2723 = DIRECTION('',(0.,-1.,0.));
#2724 = DIRECTION('',(-0.866025403784,-0.,-0.5));
#2725 = ORIENTED_EDGE('',*,*,#2177,.T.);
#2726 = ORIENTED_EDGE('',*,*,#2684,.T.);
#2727 = ORIENTED_EDGE('',*,*,#2728,.F.);
#2728 = EDGE_CURVE('',#2718,#2685,#2729,.T.);
#2729 = CIRCLE('',#2730,2.143593539449);
#2730 = AXIS2_PLACEMENT_3D('',#2731,#2732,#2733);
#2731 = CARTESIAN_POINT('',(-22.,-4.,-16.));
#2732 = DIRECTION('',(0.,0.,1.));
#2733 = DIRECTION('',(-1.,-1.313407940065E-16,0.));
#2734 = SURFACE_OF_REVOLUTION('',#2735,#2743);
#2735 = B_SPLINE_CURVE_WITH_KNOTS('',6,(#2736,#2737,#2738,#2739,#2740,
    #2741,#2742),.UNSPECIFIED.,.F.,.F.,(7,7),(0.523598775598,
    1.570796326795),.PIECEWISE_BEZIER_KNOTS.);
#2736 = CARTESIAN_POINT('',(-31.07179676972,-4.,-12.));
#2737 = CARTESIAN_POINT('',(-30.37366506892,-4.,-13.20919957615));
#2738 = CARTESIAN_POINT('',(-29.42229085877,-4.,-14.27217521932));
#2739 = CARTESIAN_POINT('',(-28.2558740688,-4.,-15.12267881181));
#2740 = CARTESIAN_POINT('',(-26.9361079567,-4.,-15.70757358708));
#2741 = CARTESIAN_POINT('',(-25.53985694104,-4.,-16.));
#2742 = CARTESIAN_POINT('',(-24.14359353944,-4.,-16.));
#2743 = AXIS1_PLACEMENT('',#2744,#2745);
#2744 = CARTESIAN_POINT('',(-22.,-4.,-8.));
#2745 = DIRECTION('',(-0.,-0.,-1.));
#2746 = ADVANCED_FACE('',(#2747),#2767,.F.);
#2747 = FACE_BOUND('',#2748,.T.);
#2748 = EDGE_LOOP('',(#2749,#2750,#2751,#2760));
#2749 = ORIENTED_EDGE('',*,*,#2701,.F.);
#2750 = ORIENTED_EDGE('',*,*,#2202,.T.);
#2751 = ORIENTED_EDGE('',*,*,#2752,.T.);
#2752 = EDGE_CURVE('',#2195,#2753,#2755,.T.);
#2753 = VERTEX_POINT('',#2754);
#2754 = CARTESIAN_POINT('',(24.143593539449,-4.,-16.));
#2755 = CIRCLE('',#2756,8.);
#2756 = AXIS2_PLACEMENT_3D('',#2757,#2758,#2759);
#2757 = CARTESIAN_POINT('',(24.143593539449,-4.,-8.));
#2758 = DIRECTION('',(6.123233995737E-17,1.,0.));
#2759 = DIRECTION('',(1.,-6.123233995737E-17,0.));
#2760 = ORIENTED_EDGE('',*,*,#2761,.F.);
#2761 = EDGE_CURVE('',#2694,#2753,#2762,.T.);
#2762 = CIRCLE('',#2763,2.143593539449);
#2763 = AXIS2_PLACEMENT_3D('',#2764,#2765,#2766);
#2764 = CARTESIAN_POINT('',(22.,-4.,-16.));
#2765 = DIRECTION('',(-0.,0.,1.));
#2766 = DIRECTION('',(0.,-1.,0.));
#2767 = SURFACE_OF_REVOLUTION('',#2768,#2776);
#2768 = B_SPLINE_CURVE_WITH_KNOTS('',6,(#2769,#2770,#2771,#2772,#2773,
    #2774,#2775),.UNSPECIFIED.,.F.,.F.,(7,7),(0.523598775598,
    1.570796326795),.PIECEWISE_BEZIER_KNOTS.);
#2769 = CARTESIAN_POINT('',(22.,-13.07179676972,-12.));
#2770 = CARTESIAN_POINT('',(22.,-12.37366506892,-13.20919957615));
#2771 = CARTESIAN_POINT('',(22.,-11.42229085877,-14.27217521932));
#2772 = CARTESIAN_POINT('',(22.,-10.2558740688,-15.12267881181));
#2773 = CARTESIAN_POINT('',(22.,-8.936107956709,-15.70757358708));
#2774 = CARTESIAN_POINT('',(22.,-7.539856941044,-16.));
#2775 = CARTESIAN_POINT('',(22.,-6.143593539449,-16.));
#2776 = AXIS1_PLACEMENT('',#2777,#2778);
#2777 = CARTESIAN_POINT('',(22.,-4.,-8.));
#2778 = DIRECTION('',(-0.,-0.,-1.));
#2779 = ADVANCED_FACE('',(#2780),#2799,.F.);
#2780 = FACE_BOUND('',#2781,.F.);
#2781 = EDGE_LOOP('',(#2782,#2791,#2797,#2798));
#2782 = ORIENTED_EDGE('',*,*,#2783,.T.);
#2783 = EDGE_CURVE('',#2218,#2784,#2786,.T.);
#2784 = VERTEX_POINT('',#2785);
#2785 = CARTESIAN_POINT('',(-24.14359353944,12.,-16.));
#2786 = CIRCLE('',#2787,8.);
#2787 = AXIS2_PLACEMENT_3D('',#2788,#2789,#2790);
#2788 = CARTESIAN_POINT('',(-24.14359353944,12.,-8.));
#2789 = DIRECTION('',(0.,-1.,0.));
#2790 = DIRECTION('',(-0.866025403784,-0.,-0.5));
#2791 = ORIENTED_EDGE('',*,*,#2792,.T.);
#2792 = EDGE_CURVE('',#2784,#2718,#2793,.T.);
#2793 = LINE('',#2794,#2795);
#2794 = CARTESIAN_POINT('',(-24.14359353944,12.,-16.));
#2795 = VECTOR('',#2796,1.);
#2796 = DIRECTION('',(0.,-1.,0.));
#2797 = ORIENTED_EDGE('',*,*,#2717,.F.);
#2798 = ORIENTED_EDGE('',*,*,#2225,.F.);
#2799 = CYLINDRICAL_SURFACE('',#2800,8.);
#2800 = AXIS2_PLACEMENT_3D('',#2801,#2802,#2803);
#2801 = CARTESIAN_POINT('',(-24.14359353944,12.,-8.));
#2802 = DIRECTION('',(0.,-1.,0.));
#2803 = DIRECTION('',(-0.866025403784,-0.,-0.5));
#2804 = ADVANCED_FACE('',(#2805),#2824,.F.);
#2805 = FACE_BOUND('',#2806,.F.);
#2806 = EDGE_LOOP('',(#2807,#2808,#2816,#2823));
#2807 = ORIENTED_EDGE('',*,*,#2752,.T.);
#2808 = ORIENTED_EDGE('',*,*,#2809,.T.);
#2809 = EDGE_CURVE('',#2753,#2810,#2812,.T.);
#2810 = VERTEX_POINT('',#2811);
#2811 = CARTESIAN_POINT('',(24.143593539449,12.,-16.));
#2812 = LINE('',#2813,#2814);
#2813 = CARTESIAN_POINT('',(24.143593539449,-4.,-16.));
#2814 = VECTOR('',#2815,1.);
#2815 = DIRECTION('',(0.,1.,0.));
#2816 = ORIENTED_EDGE('',*,*,#2817,.F.);
#2817 = EDGE_CURVE('',#2243,#2810,#2818,.T.);
#2818 = CIRCLE('',#2819,8.);
#2819 = AXIS2_PLACEMENT_3D('',#2820,#2821,#2822);
#2820 = CARTESIAN_POINT('',(24.143593539449,12.,-8.));
#2821 = DIRECTION('',(0.,1.,0.));
#2822 = DIRECTION('',(0.866025403784,0.,-0.5));
#2823 = ORIENTED_EDGE('',*,*,#2242,.F.);
#2824 = CYLINDRICAL_SURFACE('',#2825,8.);
#2825 = AXIS2_PLACEMENT_3D('',#2826,#2827,#2828);
#2826 = CARTESIAN_POINT('',(24.143593539449,-4.,-8.));
#2827 = DIRECTION('',(0.,1.,0.));
#2828 = DIRECTION('',(0.866025403784,0.,-0.5));
#2829 = ADVANCED_FACE('',(#2830),#2850,.F.);
#2830 = FACE_BOUND('',#2831,.T.);
#2831 = EDGE_LOOP('',(#2832,#2841,#2842,#2843));
#2832 = ORIENTED_EDGE('',*,*,#2833,.F.);
#2833 = EDGE_CURVE('',#2268,#2834,#2836,.T.);
#2834 = VERTEX_POINT('',#2835);
#2835 = CARTESIAN_POINT('',(-22.,14.143593539449,-16.));
#2836 = CIRCLE('',#2837,8.);
#2837 = AXIS2_PLACEMENT_3D('',#2838,#2839,#2840);
#2838 = CARTESIAN_POINT('',(-22.,14.143593539449,-8.));
#2839 = DIRECTION('',(-1.,0.,0.));
#2840 = DIRECTION('',(0.,0.866025403784,-0.5));
#2841 = ORIENTED_EDGE('',*,*,#2275,.T.);
#2842 = ORIENTED_EDGE('',*,*,#2783,.T.);
#2843 = ORIENTED_EDGE('',*,*,#2844,.F.);
#2844 = EDGE_CURVE('',#2834,#2784,#2845,.T.);
#2845 = CIRCLE('',#2846,2.143593539449);
#2846 = AXIS2_PLACEMENT_3D('',#2847,#2848,#2849);
#2847 = CARTESIAN_POINT('',(-22.,12.,-16.));
#2848 = DIRECTION('',(0.,-0.,1.));
#2849 = DIRECTION('',(0.,1.,0.));
#2850 = SURFACE_OF_REVOLUTION('',#2851,#2859);
#2851 = B_SPLINE_CURVE_WITH_KNOTS('',6,(#2852,#2853,#2854,#2855,#2856,
    #2857,#2858),.UNSPECIFIED.,.F.,.F.,(7,7),(0.523598775598,
    1.570796326795),.PIECEWISE_BEZIER_KNOTS.);
#2852 = CARTESIAN_POINT('',(-22.,21.071796769725,-12.));
#2853 = CARTESIAN_POINT('',(-22.,20.373665068927,-13.20919957615));
#2854 = CARTESIAN_POINT('',(-22.,19.422290858773,-14.27217521932));
#2855 = CARTESIAN_POINT('',(-22.,18.255874068801,-15.12267881181));
#2856 = CARTESIAN_POINT('',(-22.,16.936107956709,-15.70757358708));
#2857 = CARTESIAN_POINT('',(-22.,15.539856941044,-16.));
#2858 = CARTESIAN_POINT('',(-22.,14.143593539449,-16.));
#2859 = AXIS1_PLACEMENT('',#2860,#2861);
#2860 = CARTESIAN_POINT('',(-22.,12.,-8.));
#2861 = DIRECTION('',(-0.,-0.,-1.));
#2862 = ADVANCED_FACE('',(#2863),#2883,.F.);
#2863 = FACE_BOUND('',#2864,.T.);
#2864 = EDGE_LOOP('',(#2865,#2866,#2867,#2876));
#2865 = ORIENTED_EDGE('',*,*,#2817,.F.);
#2866 = ORIENTED_EDGE('',*,*,#2300,.T.);
#2867 = ORIENTED_EDGE('',*,*,#2868,.T.);
#2868 = EDGE_CURVE('',#2293,#2869,#2871,.T.);
#2869 = VERTEX_POINT('',#2870);
#2870 = CARTESIAN_POINT('',(22.,14.143593539449,-16.));
#2871 = CIRCLE('',#2872,8.);
#2872 = AXIS2_PLACEMENT_3D('',#2873,#2874,#2875);
#2873 = CARTESIAN_POINT('',(22.,14.143593539449,-8.));
#2874 = DIRECTION('',(-1.,6.123233995737E-17,0.));
#2875 = DIRECTION('',(6.123233995737E-17,1.,0.));
#2876 = ORIENTED_EDGE('',*,*,#2877,.F.);
#2877 = EDGE_CURVE('',#2810,#2869,#2878,.T.);
#2878 = CIRCLE('',#2879,2.143593539449);
#2879 = AXIS2_PLACEMENT_3D('',#2880,#2881,#2882);
#2880 = CARTESIAN_POINT('',(22.,12.,-16.));
#2881 = DIRECTION('',(0.,0.,1.));
#2882 = DIRECTION('',(1.,0.,0.));
#2883 = SURFACE_OF_REVOLUTION('',#2884,#2892);
#2884 = B_SPLINE_CURVE_WITH_KNOTS('',6,(#2885,#2886,#2887,#2888,#2889,
    #2890,#2891),.UNSPECIFIED.,.F.,.F.,(7,7),(0.523598775598,
    1.570796326795),.PIECEWISE_BEZIER_KNOTS.);
#2885 = CARTESIAN_POINT('',(31.071796769725,12.,-12.));
#2886 = CARTESIAN_POINT('',(30.373665068927,12.,-13.20919957615));
#2887 = CARTESIAN_POINT('',(29.422290858773,12.,-14.27217521932));
#2888 = CARTESIAN_POINT('',(28.255874068801,12.,-15.12267881181));
#2889 = CARTESIAN_POINT('',(26.936107956709,12.,-15.70757358708));
#2890 = CARTESIAN_POINT('',(25.539856941044,12.,-16.));
#2891 = CARTESIAN_POINT('',(24.143593539449,12.,-16.));
#2892 = AXIS1_PLACEMENT('',#2893,#2894);
#2893 = CARTESIAN_POINT('',(22.,12.,-8.));
#2894 = DIRECTION('',(-0.,-0.,-1.));
#2895 = ADVANCED_FACE('',(#2896),#2907,.F.);
#2896 = FACE_BOUND('',#2897,.F.);
#2897 = EDGE_LOOP('',(#2898,#2899,#2905,#2906));
#2898 = ORIENTED_EDGE('',*,*,#2868,.T.);
#2899 = ORIENTED_EDGE('',*,*,#2900,.T.);
#2900 = EDGE_CURVE('',#2869,#2834,#2901,.T.);
#2901 = LINE('',#2902,#2903);
#2902 = CARTESIAN_POINT('',(22.,14.143593539449,-16.));
#2903 = VECTOR('',#2904,1.);
#2904 = DIRECTION('',(-1.,0.,0.));
#2905 = ORIENTED_EDGE('',*,*,#2833,.F.);
#2906 = ORIENTED_EDGE('',*,*,#2316,.F.);
#2907 = CYLINDRICAL_SURFACE('',#2908,8.);
#2908 = AXIS2_PLACEMENT_3D('',#2909,#2910,#2911);
#2909 = CARTESIAN_POINT('',(22.,14.143593539449,-8.));
#2910 = DIRECTION('',(-1.,0.,0.));
#2911 = DIRECTION('',(0.,0.866025403784,-0.5));
#2912 = ADVANCED_FACE('',(#2913),#2941,.F.);
#2913 = FACE_BOUND('',#2914,.F.);
#2914 = EDGE_LOOP('',(#2915,#2924,#2925,#2934));
#2915 = ORIENTED_EDGE('',*,*,#2916,.F.);
#2916 = EDGE_CURVE('',#2442,#2917,#2919,.T.);
#2917 = VERTEX_POINT('',#2918);
#2918 = CARTESIAN_POINT('',(-24.14359353944,-4.,-18.));
#2919 = CIRCLE('',#2920,10.);
#2920 = AXIS2_PLACEMENT_3D('',#2921,#2922,#2923);
#2921 = CARTESIAN_POINT('',(-24.14359353944,-4.,-8.));
#2922 = DIRECTION('',(0.,-1.,0.));
#2923 = DIRECTION('',(-0.866025403784,-0.,-0.5));
#2924 = ORIENTED_EDGE('',*,*,#2458,.T.);
#2925 = ORIENTED_EDGE('',*,*,#2926,.T.);
#2926 = EDGE_CURVE('',#2451,#2927,#2929,.T.);
#2927 = VERTEX_POINT('',#2928);
#2928 = CARTESIAN_POINT('',(-22.,-6.143593539449,-18.));
#2929 = CIRCLE('',#2930,10.);
#2930 = AXIS2_PLACEMENT_3D('',#2931,#2932,#2933);
#2931 = CARTESIAN_POINT('',(-22.,-6.143593539449,-8.));
#2932 = DIRECTION('',(1.,0.,0.));
#2933 = DIRECTION('',(0.,-1.,-1.665334536938E-16));
#2934 = ORIENTED_EDGE('',*,*,#2935,.F.);
#2935 = EDGE_CURVE('',#2917,#2927,#2936,.T.);
#2936 = CIRCLE('',#2937,2.143593539449);
#2937 = AXIS2_PLACEMENT_3D('',#2938,#2939,#2940);
#2938 = CARTESIAN_POINT('',(-22.,-4.,-18.));
#2939 = DIRECTION('',(0.,0.,1.));
#2940 = DIRECTION('',(-1.,0.,0.));
#2941 = OFFSET_SURFACE('',#2942,-2.,.F.);
#2942 = SURFACE_OF_REVOLUTION('',#2943,#2951);
#2943 = B_SPLINE_CURVE_WITH_KNOTS('',6,(#2944,#2945,#2946,#2947,#2948,
    #2949,#2950),.UNSPECIFIED.,.F.,.F.,(7,7),(0.523598775598,
    1.570796326795),.PIECEWISE_BEZIER_KNOTS.);
#2944 = CARTESIAN_POINT('',(-31.07179676972,-4.,-12.));
#2945 = CARTESIAN_POINT('',(-30.37366506892,-4.,-13.20919957615));
#2946 = CARTESIAN_POINT('',(-29.42229085877,-4.,-14.27217521932));
#2947 = CARTESIAN_POINT('',(-28.2558740688,-4.,-15.12267881181));
#2948 = CARTESIAN_POINT('',(-26.9361079567,-4.,-15.70757358708));
#2949 = CARTESIAN_POINT('',(-25.53985694104,-4.,-16.));
#2950 = CARTESIAN_POINT('',(-24.14359353944,-4.,-16.));
#2951 = AXIS1_PLACEMENT('',#2952,#2953);
#2952 = CARTESIAN_POINT('',(-22.,-4.,-8.));
#2953 = DIRECTION('',(0.,0.,1.));
#2954 = ADVANCED_FACE('',(#2955),#2974,.T.);
#2955 = FACE_BOUND('',#2956,.T.);
#2956 = EDGE_LOOP('',(#2957,#2966,#2972,#2973));
#2957 = ORIENTED_EDGE('',*,*,#2958,.T.);
#2958 = EDGE_CURVE('',#2474,#2959,#2961,.T.);
#2959 = VERTEX_POINT('',#2960);
#2960 = CARTESIAN_POINT('',(-24.14359353944,12.,-18.));
#2961 = CIRCLE('',#2962,10.);
#2962 = AXIS2_PLACEMENT_3D('',#2963,#2964,#2965);
#2963 = CARTESIAN_POINT('',(-24.14359353944,12.,-8.));
#2964 = DIRECTION('',(0.,-1.,0.));
#2965 = DIRECTION('',(-0.866025403784,-0.,-0.5));
#2966 = ORIENTED_EDGE('',*,*,#2967,.T.);
#2967 = EDGE_CURVE('',#2959,#2917,#2968,.T.);
#2968 = LINE('',#2969,#2970);
#2969 = CARTESIAN_POINT('',(-24.14359353944,12.,-18.));
#2970 = VECTOR('',#2971,1.);
#2971 = DIRECTION('',(0.,-1.,0.));
#2972 = ORIENTED_EDGE('',*,*,#2916,.F.);
#2973 = ORIENTED_EDGE('',*,*,#2481,.F.);
#2974 = CYLINDRICAL_SURFACE('',#2975,10.);
#2975 = AXIS2_PLACEMENT_3D('',#2976,#2977,#2978);
#2976 = CARTESIAN_POINT('',(-24.14359353944,12.,-8.));
#2977 = DIRECTION('',(0.,-1.,0.));
#2978 = DIRECTION('',(-0.866025403784,-0.,-0.5));
#2979 = ADVANCED_FACE('',(#2980),#2999,.T.);
#2980 = FACE_BOUND('',#2981,.T.);
#2981 = EDGE_LOOP('',(#2982,#2983,#2991,#2998));
#2982 = ORIENTED_EDGE('',*,*,#2926,.T.);
#2983 = ORIENTED_EDGE('',*,*,#2984,.T.);
#2984 = EDGE_CURVE('',#2927,#2985,#2987,.T.);
#2985 = VERTEX_POINT('',#2986);
#2986 = CARTESIAN_POINT('',(22.,-6.143593539449,-18.));
#2987 = LINE('',#2988,#2989);
#2988 = CARTESIAN_POINT('',(-22.,-6.143593539449,-18.));
#2989 = VECTOR('',#2990,1.);
#2990 = DIRECTION('',(1.,0.,0.));
#2991 = ORIENTED_EDGE('',*,*,#2992,.F.);
#2992 = EDGE_CURVE('',#2499,#2985,#2993,.T.);
#2993 = CIRCLE('',#2994,10.);
#2994 = AXIS2_PLACEMENT_3D('',#2995,#2996,#2997);
#2995 = CARTESIAN_POINT('',(22.,-6.143593539449,-8.));
#2996 = DIRECTION('',(1.,0.,0.));
#2997 = DIRECTION('',(0.,-0.866025403784,-0.5));
#2998 = ORIENTED_EDGE('',*,*,#2498,.F.);
#2999 = CYLINDRICAL_SURFACE('',#3000,10.);
#3000 = AXIS2_PLACEMENT_3D('',#3001,#3002,#3003);
#3001 = CARTESIAN_POINT('',(-22.,-6.143593539449,-8.));
#3002 = DIRECTION('',(1.,0.,0.));
#3003 = DIRECTION('',(0.,-0.866025403784,-0.5));
#3004 = ADVANCED_FACE('',(#3005),#3025,.F.);
#3005 = FACE_BOUND('',#3006,.F.);
#3006 = EDGE_LOOP('',(#3007,#3016,#3017,#3018));
#3007 = ORIENTED_EDGE('',*,*,#3008,.F.);
#3008 = EDGE_CURVE('',#2524,#3009,#3011,.T.);
#3009 = VERTEX_POINT('',#3010);
#3010 = CARTESIAN_POINT('',(-22.,14.143593539449,-18.));
#3011 = CIRCLE('',#3012,10.);
#3012 = AXIS2_PLACEMENT_3D('',#3013,#3014,#3015);
#3013 = CARTESIAN_POINT('',(-22.,14.143593539449,-8.));
#3014 = DIRECTION('',(-1.,0.,0.));
#3015 = DIRECTION('',(0.,0.866025403784,-0.5));
#3016 = ORIENTED_EDGE('',*,*,#2531,.T.);
#3017 = ORIENTED_EDGE('',*,*,#2958,.T.);
#3018 = ORIENTED_EDGE('',*,*,#3019,.F.);
#3019 = EDGE_CURVE('',#3009,#2959,#3020,.T.);
#3020 = CIRCLE('',#3021,2.143593539449);
#3021 = AXIS2_PLACEMENT_3D('',#3022,#3023,#3024);
#3022 = CARTESIAN_POINT('',(-22.,12.,-18.));
#3023 = DIRECTION('',(0.,-0.,1.));
#3024 = DIRECTION('',(0.,1.,0.));
#3025 = OFFSET_SURFACE('',#3026,-2.,.F.);
#3026 = SURFACE_OF_REVOLUTION('',#3027,#3035);
#3027 = B_SPLINE_CURVE_WITH_KNOTS('',6,(#3028,#3029,#3030,#3031,#3032,
    #3033,#3034),.UNSPECIFIED.,.F.,.F.,(7,7),(0.523598775598,
    1.570796326795),.PIECEWISE_BEZIER_KNOTS.);
#3028 = CARTESIAN_POINT('',(-22.,21.071796769725,-12.));
#3029 = CARTESIAN_POINT('',(-22.,20.373665068927,-13.20919957615));
#3030 = CARTESIAN_POINT('',(-22.,19.422290858773,-14.27217521932));
#3031 = CARTESIAN_POINT('',(-22.,18.255874068801,-15.12267881181));
#3032 = CARTESIAN_POINT('',(-22.,16.936107956709,-15.70757358708));
#3033 = CARTESIAN_POINT('',(-22.,15.539856941044,-16.));
#3034 = CARTESIAN_POINT('',(-22.,14.143593539449,-16.));
#3035 = AXIS1_PLACEMENT('',#3036,#3037);
#3036 = CARTESIAN_POINT('',(-22.,12.,-8.));
#3037 = DIRECTION('',(0.,0.,1.));
#3038 = ADVANCED_FACE('',(#3039),#3059,.F.);
#3039 = FACE_BOUND('',#3040,.F.);
#3040 = EDGE_LOOP('',(#3041,#3042,#3043,#3052));
#3041 = ORIENTED_EDGE('',*,*,#2992,.F.);
#3042 = ORIENTED_EDGE('',*,*,#2556,.T.);
#3043 = ORIENTED_EDGE('',*,*,#3044,.T.);
#3044 = EDGE_CURVE('',#2549,#3045,#3047,.T.);
#3045 = VERTEX_POINT('',#3046);
#3046 = CARTESIAN_POINT('',(24.143593539449,-4.,-18.));
#3047 = CIRCLE('',#3048,10.);
#3048 = AXIS2_PLACEMENT_3D('',#3049,#3050,#3051);
#3049 = CARTESIAN_POINT('',(24.143593539449,-4.,-8.));
#3050 = DIRECTION('',(0.,1.,0.));
#3051 = DIRECTION('',(1.,0.,-5.551115123126E-17));
#3052 = ORIENTED_EDGE('',*,*,#3053,.F.);
#3053 = EDGE_CURVE('',#2985,#3045,#3054,.T.);
#3054 = CIRCLE('',#3055,2.143593539449);
#3055 = AXIS2_PLACEMENT_3D('',#3056,#3057,#3058);
#3056 = CARTESIAN_POINT('',(22.,-4.,-18.));
#3057 = DIRECTION('',(-0.,0.,1.));
#3058 = DIRECTION('',(0.,-1.,0.));
#3059 = OFFSET_SURFACE('',#3060,-2.,.F.);
#3060 = SURFACE_OF_REVOLUTION('',#3061,#3069);
#3061 = B_SPLINE_CURVE_WITH_KNOTS('',6,(#3062,#3063,#3064,#3065,#3066,
    #3067,#3068),.UNSPECIFIED.,.F.,.F.,(7,7),(0.523598775598,
    1.570796326795),.PIECEWISE_BEZIER_KNOTS.);
#3062 = CARTESIAN_POINT('',(22.,-13.07179676972,-12.));
#3063 = CARTESIAN_POINT('',(22.,-12.37366506892,-13.20919957615));
#3064 = CARTESIAN_POINT('',(22.,-11.42229085877,-14.27217521932));
#3065 = CARTESIAN_POINT('',(22.,-10.2558740688,-15.12267881181));
#3066 = CARTESIAN_POINT('',(22.,-8.936107956709,-15.70757358708));
#3067 = CARTESIAN_POINT('',(22.,-7.539856941044,-16.));
#3068 = CARTESIAN_POINT('',(22.,-6.143593539449,-16.));
#3069 = AXIS1_PLACEMENT('',#3070,#3071);
#3070 = CARTESIAN_POINT('',(22.,-4.,-8.));
#3071 = DIRECTION('',(0.,0.,1.));
#3072 = ADVANCED_FACE('',(#3073),#3092,.T.);
#3073 = FACE_BOUND('',#3074,.T.);
#3074 = EDGE_LOOP('',(#3075,#3084,#3090,#3091));
#3075 = ORIENTED_EDGE('',*,*,#3076,.T.);
#3076 = EDGE_CURVE('',#2572,#3077,#3079,.T.);
#3077 = VERTEX_POINT('',#3078);
#3078 = CARTESIAN_POINT('',(22.,14.143593539449,-18.));
#3079 = CIRCLE('',#3080,10.);
#3080 = AXIS2_PLACEMENT_3D('',#3081,#3082,#3083);
#3081 = CARTESIAN_POINT('',(22.,14.143593539449,-8.));
#3082 = DIRECTION('',(-1.,0.,0.));
#3083 = DIRECTION('',(0.,1.,-1.665334536938E-16));
#3084 = ORIENTED_EDGE('',*,*,#3085,.T.);
#3085 = EDGE_CURVE('',#3077,#3009,#3086,.T.);
#3086 = LINE('',#3087,#3088);
#3087 = CARTESIAN_POINT('',(22.,14.143593539449,-18.));
#3088 = VECTOR('',#3089,1.);
#3089 = DIRECTION('',(-1.,0.,0.));
#3090 = ORIENTED_EDGE('',*,*,#3008,.F.);
#3091 = ORIENTED_EDGE('',*,*,#2579,.F.);
#3092 = CYLINDRICAL_SURFACE('',#3093,10.);
#3093 = AXIS2_PLACEMENT_3D('',#3094,#3095,#3096);
#3094 = CARTESIAN_POINT('',(22.,14.143593539449,-8.));
#3095 = DIRECTION('',(-1.,0.,0.));
#3096 = DIRECTION('',(0.,0.866025403784,-0.5));
#3097 = ADVANCED_FACE('',(#3098),#3117,.T.);
#3098 = FACE_BOUND('',#3099,.T.);
#3099 = EDGE_LOOP('',(#3100,#3101,#3109,#3116));
#3100 = ORIENTED_EDGE('',*,*,#3044,.T.);
#3101 = ORIENTED_EDGE('',*,*,#3102,.T.);
#3102 = EDGE_CURVE('',#3045,#3103,#3105,.T.);
#3103 = VERTEX_POINT('',#3104);
#3104 = CARTESIAN_POINT('',(24.143593539449,12.,-18.));
#3105 = LINE('',#3106,#3107);
#3106 = CARTESIAN_POINT('',(24.143593539449,-4.,-18.));
#3107 = VECTOR('',#3108,1.);
#3108 = DIRECTION('',(0.,1.,0.));
#3109 = ORIENTED_EDGE('',*,*,#3110,.F.);
#3110 = EDGE_CURVE('',#2597,#3103,#3111,.T.);
#3111 = CIRCLE('',#3112,10.);
#3112 = AXIS2_PLACEMENT_3D('',#3113,#3114,#3115);
#3113 = CARTESIAN_POINT('',(24.143593539449,12.,-8.));
#3114 = DIRECTION('',(0.,1.,0.));
#3115 = DIRECTION('',(0.866025403784,0.,-0.5));
#3116 = ORIENTED_EDGE('',*,*,#2596,.F.);
#3117 = CYLINDRICAL_SURFACE('',#3118,10.);
#3118 = AXIS2_PLACEMENT_3D('',#3119,#3120,#3121);
#3119 = CARTESIAN_POINT('',(24.143593539449,-4.,-8.));
#3120 = DIRECTION('',(0.,1.,0.));
#3121 = DIRECTION('',(0.866025403784,0.,-0.5));
#3122 = ADVANCED_FACE('',(#3123),#3135,.F.);
#3123 = FACE_BOUND('',#3124,.F.);
#3124 = EDGE_LOOP('',(#3125,#3126,#3127,#3128));
#3125 = ORIENTED_EDGE('',*,*,#3110,.F.);
#3126 = ORIENTED_EDGE('',*,*,#2622,.T.);
#3127 = ORIENTED_EDGE('',*,*,#3076,.T.);
#3128 = ORIENTED_EDGE('',*,*,#3129,.F.);
#3129 = EDGE_CURVE('',#3103,#3077,#3130,.T.);
#3130 = CIRCLE('',#3131,2.143593539449);
#3131 = AXIS2_PLACEMENT_3D('',#3132,#3133,#3134);
#3132 = CARTESIAN_POINT('',(22.,12.,-18.));
#3133 = DIRECTION('',(0.,0.,1.));
#3134 = DIRECTION('',(1.,0.,0.));
#3135 = OFFSET_SURFACE('',#3136,-2.,.F.);
#3136 = SURFACE_OF_REVOLUTION('',#3137,#3145);
#3137 = B_SPLINE_CURVE_WITH_KNOTS('',6,(#3138,#3139,#3140,#3141,#3142,
    #3143,#3144),.UNSPECIFIED.,.F.,.F.,(7,7),(0.523598775598,
    1.570796326795),.PIECEWISE_BEZIER_KNOTS.);
#3138 = CARTESIAN_POINT('',(31.071796769725,12.,-12.));
#3139 = CARTESIAN_POINT('',(30.373665068927,12.,-13.20919957615));
#3140 = CARTESIAN_POINT('',(29.422290858773,12.,-14.27217521932));
#3141 = CARTESIAN_POINT('',(28.255874068801,12.,-15.12267881181));
#3142 = CARTESIAN_POINT('',(26.936107956709,12.,-15.70757358708));
#3143 = CARTESIAN_POINT('',(25.539856941044,12.,-16.));
#3144 = CARTESIAN_POINT('',(24.143593539449,12.,-16.));
#3145 = AXIS1_PLACEMENT('',#3146,#3147);
#3146 = CARTESIAN_POINT('',(22.,12.,-8.));
#3147 = DIRECTION('',(0.,0.,1.));
#3148 = ADVANCED_FACE('',(#3149),#3159,.T.);
#3149 = FACE_BOUND('',#3150,.T.);
#3150 = EDGE_LOOP('',(#3151,#3152,#3153,#3154,#3155,#3156,#3157,#3158));
#3151 = ORIENTED_EDGE('',*,*,#2792,.T.);
#3152 = ORIENTED_EDGE('',*,*,#2728,.T.);
#3153 = ORIENTED_EDGE('',*,*,#2693,.T.);
#3154 = ORIENTED_EDGE('',*,*,#2761,.T.);
#3155 = ORIENTED_EDGE('',*,*,#2809,.T.);
#3156 = ORIENTED_EDGE('',*,*,#2877,.T.);
#3157 = ORIENTED_EDGE('',*,*,#2900,.T.);
#3158 = ORIENTED_EDGE('',*,*,#2844,.T.);
#3159 = PLANE('',#3160);
#3160 = AXIS2_PLACEMENT_3D('',#3161,#3162,#3163);
#3161 = CARTESIAN_POINT('',(0.,4.,-16.));
#3162 = DIRECTION('',(0.,0.,1.));
#3163 = DIRECTION('',(1.,0.,0.));
#3164 = ADVANCED_FACE('',(#3165),#3175,.F.);
#3165 = FACE_BOUND('',#3166,.F.);
#3166 = EDGE_LOOP('',(#3167,#3168,#3169,#3170,#3171,#3172,#3173,#3174));
#3167 = ORIENTED_EDGE('',*,*,#2967,.T.);
#3168 = ORIENTED_EDGE('',*,*,#2935,.T.);
#3169 = ORIENTED_EDGE('',*,*,#2984,.T.);
#3170 = ORIENTED_EDGE('',*,*,#3053,.T.);
#3171 = ORIENTED_EDGE('',*,*,#3102,.T.);
#3172 = ORIENTED_EDGE('',*,*,#3129,.T.);
#3173 = ORIENTED_EDGE('',*,*,#3085,.T.);
#3174 = ORIENTED_EDGE('',*,*,#3019,.T.);
#3175 = PLANE('',#3176);
#3176 = AXIS2_PLACEMENT_3D('',#3177,#3178,#3179);
#3177 = CARTESIAN_POINT('',(0.,4.,-18.));
#3178 = DIRECTION('',(0.,0.,1.));
#3179 = DIRECTION('',(1.,0.,0.));
#3180 = ( GEOMETRIC_REPRESENTATION_CONTEXT(3) 
GLOBAL_UNCERTAINTY_ASSIGNED_CONTEXT((#3184)) 
GLOBAL_UNIT_ASSIGNED_CONTEXT((#3181,#3182,#3183)) REPRESENTATION_CONTEXT
('Context #1','3D Context with UNIT and UNCERTAINTY') );
#3181 = ( LENGTH_UNIT() NAMED_UNIT(*) SI_UNIT(.MILLI.,.METRE.) );
#3182 = ( NAMED_UNIT(*) PLANE_ANGLE_UNIT() SI_UNIT($,.RADIAN.) );
#3183 = ( NAMED_UNIT(*) SI_UNIT($,.STERADIAN.) SOLID_ANGLE_UNIT() );
#3184 = UNCERTAINTY_MEASURE_WITH_UNIT(LENGTH_MEASURE(2.E-05),#3181,
  'distance_accuracy_value','confusion accuracy');
#3185 = PRODUCT_RELATED_PRODUCT_CATEGORY('part',$,(#7));
#3186 = MECHANICAL_DESIGN_GEOMETRIC_PRESENTATION_REPRESENTATION('',(
    #3187),#3180);
#3187 = STYLED_ITEM('color',(#3188),#15);
#3188 = PRESENTATION_STYLE_ASSIGNMENT((#3189,#3195));
#3189 = SURFACE_STYLE_USAGE(.BOTH.,#3190);
#3190 = SURFACE_SIDE_STYLE('',(#3191));
#3191 = SURFACE_STYLE_FILL_AREA(#3192);
#3192 = FILL_AREA_STYLE('',(#3193));
#3193 = FILL_AREA_STYLE_COLOUR('',#3194);
#3194 = COLOUR_RGB('',0.800000010877,0.800000010877,0.800000010877);
#3195 = CURVE_STYLE('',#3196,POSITIVE_LENGTH_MEASURE(0.1),#3197);
#3196 = DRAUGHTING_PRE_DEFINED_CURVE_FONT('continuous');
#3197 = COLOUR_RGB('',9.803921802644E-02,9.803921802644E-02,
  9.803921802644E-02);
ENDSEC;
END-ISO-10303-21;
